-- MySQL dump 10.13  Distrib 8.0.33, for macos13.3 (arm64)
--
-- Host: localhost    Database: jobcy
-- ------------------------------------------------------
-- Server version	8.0.33

/*!40101 SET @OLD_CHARACTER_SET_CLIENT=@@CHARACTER_SET_CLIENT */;
/*!40101 SET @OLD_CHARACTER_SET_RESULTS=@@CHARACTER_SET_RESULTS */;
/*!40101 SET @OLD_COLLATION_CONNECTION=@@COLLATION_CONNECTION */;
/*!50503 SET NAMES utf8mb4 */;
/*!40103 SET @OLD_TIME_ZONE=@@TIME_ZONE */;
/*!40103 SET TIME_ZONE='+00:00' */;
/*!40014 SET @OLD_UNIQUE_CHECKS=@@UNIQUE_CHECKS, UNIQUE_CHECKS=0 */;
/*!40014 SET @OLD_FOREIGN_KEY_CHECKS=@@FOREIGN_KEY_CHECKS, FOREIGN_KEY_CHECKS=0 */;
/*!40101 SET @OLD_SQL_MODE=@@SQL_MODE, SQL_MODE='NO_AUTO_VALUE_ON_ZERO' */;
/*!40111 SET @OLD_SQL_NOTES=@@SQL_NOTES, SQL_NOTES=0 */;

--
-- Table structure for table `activations`
--

DROP TABLE IF EXISTS `activations`;
/*!40101 SET @saved_cs_client     = @@character_set_client */;
/*!50503 SET character_set_client = utf8mb4 */;
CREATE TABLE `activations` (
  `id` bigint unsigned NOT NULL AUTO_INCREMENT,
  `user_id` bigint unsigned NOT NULL,
  `code` varchar(120) COLLATE utf8mb4_unicode_ci NOT NULL,
  `completed` tinyint(1) NOT NULL DEFAULT '0',
  `completed_at` timestamp NULL DEFAULT NULL,
  `created_at` timestamp NULL DEFAULT NULL,
  `updated_at` timestamp NULL DEFAULT NULL,
  PRIMARY KEY (`id`),
  KEY `activations_user_id_index` (`user_id`)
) ENGINE=InnoDB AUTO_INCREMENT=3 DEFAULT CHARSET=utf8mb4 COLLATE=utf8mb4_unicode_ci;
/*!40101 SET character_set_client = @saved_cs_client */;

--
-- Dumping data for table `activations`
--

LOCK TABLES `activations` WRITE;
/*!40000 ALTER TABLE `activations` DISABLE KEYS */;
INSERT INTO `activations` VALUES (1,1,'o7CSXoYqzmIo2Uf63P9yVbPtZJxJK87S',1,'2023-06-13 21:33:45','2023-06-13 21:33:45','2023-06-13 21:33:45'),(2,2,'VhHSqf2hT2LhgIj6BU8fIfUHv8fc6MbE',1,'2023-06-13 21:33:45','2023-06-13 21:33:45','2023-06-13 21:33:45');
/*!40000 ALTER TABLE `activations` ENABLE KEYS */;
UNLOCK TABLES;

--
-- Table structure for table `admin_notifications`
--

DROP TABLE IF EXISTS `admin_notifications`;
/*!40101 SET @saved_cs_client     = @@character_set_client */;
/*!50503 SET character_set_client = utf8mb4 */;
CREATE TABLE `admin_notifications` (
  `id` bigint unsigned NOT NULL AUTO_INCREMENT,
  `title` varchar(191) COLLATE utf8mb4_unicode_ci NOT NULL,
  `action_label` varchar(191) COLLATE utf8mb4_unicode_ci DEFAULT NULL,
  `action_url` varchar(191) COLLATE utf8mb4_unicode_ci DEFAULT NULL,
  `description` varchar(400) COLLATE utf8mb4_unicode_ci NOT NULL,
  `read_at` timestamp NULL DEFAULT NULL,
  `created_at` timestamp NULL DEFAULT NULL,
  `updated_at` timestamp NULL DEFAULT NULL,
  `permission` varchar(191) COLLATE utf8mb4_unicode_ci DEFAULT NULL,
  PRIMARY KEY (`id`)
) ENGINE=InnoDB DEFAULT CHARSET=utf8mb4 COLLATE=utf8mb4_unicode_ci;
/*!40101 SET character_set_client = @saved_cs_client */;

--
-- Dumping data for table `admin_notifications`
--

LOCK TABLES `admin_notifications` WRITE;
/*!40000 ALTER TABLE `admin_notifications` DISABLE KEYS */;
/*!40000 ALTER TABLE `admin_notifications` ENABLE KEYS */;
UNLOCK TABLES;

--
-- Table structure for table `audit_histories`
--

DROP TABLE IF EXISTS `audit_histories`;
/*!40101 SET @saved_cs_client     = @@character_set_client */;
/*!50503 SET character_set_client = utf8mb4 */;
CREATE TABLE `audit_histories` (
  `id` bigint unsigned NOT NULL AUTO_INCREMENT,
  `user_id` bigint unsigned NOT NULL,
  `module` varchar(60) COLLATE utf8mb4_unicode_ci NOT NULL,
  `request` text COLLATE utf8mb4_unicode_ci,
  `action` varchar(120) COLLATE utf8mb4_unicode_ci NOT NULL,
  `user_agent` text COLLATE utf8mb4_unicode_ci,
  `ip_address` varchar(39) COLLATE utf8mb4_unicode_ci DEFAULT NULL,
  `reference_user` bigint unsigned NOT NULL,
  `reference_id` bigint unsigned NOT NULL,
  `reference_name` varchar(255) COLLATE utf8mb4_unicode_ci NOT NULL,
  `type` varchar(20) COLLATE utf8mb4_unicode_ci NOT NULL,
  `created_at` timestamp NULL DEFAULT NULL,
  `updated_at` timestamp NULL DEFAULT NULL,
  PRIMARY KEY (`id`),
  KEY `audit_histories_user_id_index` (`user_id`),
  KEY `audit_histories_module_index` (`module`)
) ENGINE=InnoDB AUTO_INCREMENT=628 DEFAULT CHARSET=utf8mb4 COLLATE=utf8mb4_unicode_ci;
/*!40101 SET character_set_client = @saved_cs_client */;

--
-- Dumping data for table `audit_histories`
--

LOCK TABLES `audit_histories` WRITE;
/*!40000 ALTER TABLE `audit_histories` DISABLE KEYS */;
INSERT INTO `audit_histories` VALUES (1,0,'country','[]','created','Symfony','127.0.0.1',0,1,'United States of America','info','2023-06-13 21:33:50','2023-06-13 21:33:50'),(2,0,'state','[]','created','Symfony','127.0.0.1',0,1,'Alabama','info','2023-06-13 21:33:50','2023-06-13 21:33:50'),(3,0,'state','[]','created','Symfony','127.0.0.1',0,2,'Alaska','info','2023-06-13 21:33:50','2023-06-13 21:33:50'),(4,0,'state','[]','created','Symfony','127.0.0.1',0,3,'American Samoa','info','2023-06-13 21:33:50','2023-06-13 21:33:50'),(5,0,'state','[]','created','Symfony','127.0.0.1',0,4,'Arizona','info','2023-06-13 21:33:50','2023-06-13 21:33:50'),(6,0,'state','[]','created','Symfony','127.0.0.1',0,5,'Arkansas','info','2023-06-13 21:33:50','2023-06-13 21:33:50'),(7,0,'state','[]','created','Symfony','127.0.0.1',0,6,'California','info','2023-06-13 21:33:50','2023-06-13 21:33:50'),(8,0,'state','[]','created','Symfony','127.0.0.1',0,7,'Colorado','info','2023-06-13 21:33:50','2023-06-13 21:33:50'),(9,0,'state','[]','created','Symfony','127.0.0.1',0,8,'Connecticut','info','2023-06-13 21:33:50','2023-06-13 21:33:50'),(10,0,'state','[]','created','Symfony','127.0.0.1',0,9,'Delaware','info','2023-06-13 21:33:50','2023-06-13 21:33:50'),(11,0,'state','[]','created','Symfony','127.0.0.1',0,10,'District Of Columbia','info','2023-06-13 21:33:50','2023-06-13 21:33:50'),(12,0,'state','[]','created','Symfony','127.0.0.1',0,11,'Federated States Of Micronesia','info','2023-06-13 21:33:50','2023-06-13 21:33:50'),(13,0,'state','[]','created','Symfony','127.0.0.1',0,12,'Florida','info','2023-06-13 21:33:50','2023-06-13 21:33:50'),(14,0,'state','[]','created','Symfony','127.0.0.1',0,13,'Georgia','info','2023-06-13 21:33:50','2023-06-13 21:33:50'),(15,0,'state','[]','created','Symfony','127.0.0.1',0,14,'Guam','info','2023-06-13 21:33:50','2023-06-13 21:33:50'),(16,0,'state','[]','created','Symfony','127.0.0.1',0,15,'Hawaii','info','2023-06-13 21:33:50','2023-06-13 21:33:50'),(17,0,'state','[]','created','Symfony','127.0.0.1',0,16,'Idaho','info','2023-06-13 21:33:50','2023-06-13 21:33:50'),(18,0,'state','[]','created','Symfony','127.0.0.1',0,17,'Illinois','info','2023-06-13 21:33:50','2023-06-13 21:33:50'),(19,0,'state','[]','created','Symfony','127.0.0.1',0,18,'Indiana','info','2023-06-13 21:33:50','2023-06-13 21:33:50'),(20,0,'state','[]','created','Symfony','127.0.0.1',0,19,'Iowa','info','2023-06-13 21:33:50','2023-06-13 21:33:50'),(21,0,'state','[]','created','Symfony','127.0.0.1',0,20,'Kansas','info','2023-06-13 21:33:50','2023-06-13 21:33:50'),(22,0,'state','[]','created','Symfony','127.0.0.1',0,21,'Kentucky','info','2023-06-13 21:33:50','2023-06-13 21:33:50'),(23,0,'state','[]','created','Symfony','127.0.0.1',0,22,'Louisiana','info','2023-06-13 21:33:50','2023-06-13 21:33:50'),(24,0,'state','[]','created','Symfony','127.0.0.1',0,23,'Maine','info','2023-06-13 21:33:50','2023-06-13 21:33:50'),(25,0,'state','[]','created','Symfony','127.0.0.1',0,24,'Marshall Islands','info','2023-06-13 21:33:50','2023-06-13 21:33:50'),(26,0,'state','[]','created','Symfony','127.0.0.1',0,25,'Maryland','info','2023-06-13 21:33:50','2023-06-13 21:33:50'),(27,0,'state','[]','created','Symfony','127.0.0.1',0,26,'Massachusetts','info','2023-06-13 21:33:50','2023-06-13 21:33:50'),(28,0,'state','[]','created','Symfony','127.0.0.1',0,27,'Michigan','info','2023-06-13 21:33:50','2023-06-13 21:33:50'),(29,0,'state','[]','created','Symfony','127.0.0.1',0,28,'Minnesota','info','2023-06-13 21:33:50','2023-06-13 21:33:50'),(30,0,'state','[]','created','Symfony','127.0.0.1',0,29,'Mississippi','info','2023-06-13 21:33:50','2023-06-13 21:33:50'),(31,0,'state','[]','created','Symfony','127.0.0.1',0,30,'Missouri','info','2023-06-13 21:33:50','2023-06-13 21:33:50'),(32,0,'state','[]','created','Symfony','127.0.0.1',0,31,'Montana','info','2023-06-13 21:33:50','2023-06-13 21:33:50'),(33,0,'state','[]','created','Symfony','127.0.0.1',0,32,'Nebraska','info','2023-06-13 21:33:50','2023-06-13 21:33:50'),(34,0,'state','[]','created','Symfony','127.0.0.1',0,33,'Nevada','info','2023-06-13 21:33:50','2023-06-13 21:33:50'),(35,0,'state','[]','created','Symfony','127.0.0.1',0,34,'New Hampshire','info','2023-06-13 21:33:50','2023-06-13 21:33:50'),(36,0,'state','[]','created','Symfony','127.0.0.1',0,35,'New Jersey','info','2023-06-13 21:33:50','2023-06-13 21:33:50'),(37,0,'state','[]','created','Symfony','127.0.0.1',0,36,'New Mexico','info','2023-06-13 21:33:50','2023-06-13 21:33:50'),(38,0,'state','[]','created','Symfony','127.0.0.1',0,37,'New York','info','2023-06-13 21:33:50','2023-06-13 21:33:50'),(39,0,'state','[]','created','Symfony','127.0.0.1',0,38,'North Carolina','info','2023-06-13 21:33:50','2023-06-13 21:33:50'),(40,0,'state','[]','created','Symfony','127.0.0.1',0,39,'North Dakota','info','2023-06-13 21:33:50','2023-06-13 21:33:50'),(41,0,'state','[]','created','Symfony','127.0.0.1',0,40,'Northern Mariana Islands','info','2023-06-13 21:33:50','2023-06-13 21:33:50'),(42,0,'state','[]','created','Symfony','127.0.0.1',0,41,'Ohio','info','2023-06-13 21:33:50','2023-06-13 21:33:50'),(43,0,'state','[]','created','Symfony','127.0.0.1',0,42,'Oklahoma','info','2023-06-13 21:33:50','2023-06-13 21:33:50'),(44,0,'state','[]','created','Symfony','127.0.0.1',0,43,'Oregon','info','2023-06-13 21:33:50','2023-06-13 21:33:50'),(45,0,'state','[]','created','Symfony','127.0.0.1',0,44,'Palau','info','2023-06-13 21:33:50','2023-06-13 21:33:50'),(46,0,'state','[]','created','Symfony','127.0.0.1',0,45,'Pennsylvania','info','2023-06-13 21:33:50','2023-06-13 21:33:50'),(47,0,'state','[]','created','Symfony','127.0.0.1',0,46,'Puerto Rico','info','2023-06-13 21:33:50','2023-06-13 21:33:50'),(48,0,'state','[]','created','Symfony','127.0.0.1',0,47,'Rhode Island','info','2023-06-13 21:33:50','2023-06-13 21:33:50'),(49,0,'state','[]','created','Symfony','127.0.0.1',0,48,'South Carolina','info','2023-06-13 21:33:50','2023-06-13 21:33:50'),(50,0,'state','[]','created','Symfony','127.0.0.1',0,49,'South Dakota','info','2023-06-13 21:33:50','2023-06-13 21:33:50'),(51,0,'state','[]','created','Symfony','127.0.0.1',0,50,'Tennessee','info','2023-06-13 21:33:50','2023-06-13 21:33:50'),(52,0,'state','[]','created','Symfony','127.0.0.1',0,51,'Texas','info','2023-06-13 21:33:50','2023-06-13 21:33:50'),(53,0,'state','[]','created','Symfony','127.0.0.1',0,52,'Utah','info','2023-06-13 21:33:50','2023-06-13 21:33:50'),(54,0,'state','[]','created','Symfony','127.0.0.1',0,53,'Vermont','info','2023-06-13 21:33:50','2023-06-13 21:33:50'),(55,0,'state','[]','created','Symfony','127.0.0.1',0,54,'Virgin Islands','info','2023-06-13 21:33:50','2023-06-13 21:33:50'),(56,0,'state','[]','created','Symfony','127.0.0.1',0,55,'Virginia','info','2023-06-13 21:33:50','2023-06-13 21:33:50'),(57,0,'state','[]','created','Symfony','127.0.0.1',0,56,'Washington','info','2023-06-13 21:33:50','2023-06-13 21:33:50'),(58,0,'state','[]','created','Symfony','127.0.0.1',0,57,'West Virginia','info','2023-06-13 21:33:50','2023-06-13 21:33:50'),(59,0,'state','[]','created','Symfony','127.0.0.1',0,58,'Wisconsin','info','2023-06-13 21:33:50','2023-06-13 21:33:50'),(60,0,'state','[]','created','Symfony','127.0.0.1',0,59,'Wyoming','info','2023-06-13 21:33:50','2023-06-13 21:33:50'),(61,0,'city','[]','created','Symfony','127.0.0.1',0,1,'Dothan','info','2023-06-13 21:33:50','2023-06-13 21:33:50'),(62,0,'city','[]','created','Symfony','127.0.0.1',0,2,'Hoover','info','2023-06-13 21:33:50','2023-06-13 21:33:50'),(63,0,'city','[]','created','Symfony','127.0.0.1',0,3,'Mobile','info','2023-06-13 21:33:50','2023-06-13 21:33:50'),(64,0,'city','[]','created','Symfony','127.0.0.1',0,4,'Huntsville','info','2023-06-13 21:33:50','2023-06-13 21:33:50'),(65,0,'city','[]','created','Symfony','127.0.0.1',0,5,'Montgomery','info','2023-06-13 21:33:50','2023-06-13 21:33:50'),(66,0,'city','[]','created','Symfony','127.0.0.1',0,6,'Tuscaloosa','info','2023-06-13 21:33:50','2023-06-13 21:33:50'),(67,0,'city','[]','created','Symfony','127.0.0.1',0,7,'Birmingham','info','2023-06-13 21:33:51','2023-06-13 21:33:51'),(68,0,'city','[]','created','Symfony','127.0.0.1',0,8,'Anchorage','info','2023-06-13 21:33:51','2023-06-13 21:33:51'),(69,0,'city','[]','created','Symfony','127.0.0.1',0,9,'Mesa','info','2023-06-13 21:33:51','2023-06-13 21:33:51'),(70,0,'city','[]','created','Symfony','127.0.0.1',0,10,'Tucson','info','2023-06-13 21:33:51','2023-06-13 21:33:51'),(71,0,'city','[]','created','Symfony','127.0.0.1',0,11,'San Tan Valley','info','2023-06-13 21:33:51','2023-06-13 21:33:51'),(72,0,'city','[]','created','Symfony','127.0.0.1',0,12,'Glendale','info','2023-06-13 21:33:51','2023-06-13 21:33:51'),(73,0,'city','[]','created','Symfony','127.0.0.1',0,13,'Chandler','info','2023-06-13 21:33:51','2023-06-13 21:33:51'),(74,0,'city','[]','created','Symfony','127.0.0.1',0,14,'Casas Adobes','info','2023-06-13 21:33:51','2023-06-13 21:33:51'),(75,0,'city','[]','created','Symfony','127.0.0.1',0,15,'Gilbert','info','2023-06-13 21:33:51','2023-06-13 21:33:51'),(76,0,'city','[]','created','Symfony','127.0.0.1',0,16,'Avondale','info','2023-06-13 21:33:51','2023-06-13 21:33:51'),(77,0,'city','[]','created','Symfony','127.0.0.1',0,17,'Goodyear','info','2023-06-13 21:33:51','2023-06-13 21:33:51'),(78,0,'city','[]','created','Symfony','127.0.0.1',0,18,'Surprise','info','2023-06-13 21:33:51','2023-06-13 21:33:51'),(79,0,'city','[]','created','Symfony','127.0.0.1',0,19,'Tempe','info','2023-06-13 21:33:51','2023-06-13 21:33:51'),(80,0,'city','[]','created','Symfony','127.0.0.1',0,20,'Scottsdale','info','2023-06-13 21:33:51','2023-06-13 21:33:51'),(81,0,'city','[]','created','Symfony','127.0.0.1',0,21,'Phoenix','info','2023-06-13 21:33:51','2023-06-13 21:33:51'),(82,0,'city','[]','created','Symfony','127.0.0.1',0,22,'Flagstaff','info','2023-06-13 21:33:51','2023-06-13 21:33:51'),(83,0,'city','[]','created','Symfony','127.0.0.1',0,23,'Yuma','info','2023-06-13 21:33:51','2023-06-13 21:33:51'),(84,0,'city','[]','created','Symfony','127.0.0.1',0,24,'Fort Smith','info','2023-06-13 21:33:51','2023-06-13 21:33:51'),(85,0,'city','[]','created','Symfony','127.0.0.1',0,25,'Jonesboro','info','2023-06-13 21:33:51','2023-06-13 21:33:51'),(86,0,'city','[]','created','Symfony','127.0.0.1',0,26,'Springdale','info','2023-06-13 21:33:51','2023-06-13 21:33:51'),(87,0,'city','[]','created','Symfony','127.0.0.1',0,27,'Fayetteville','info','2023-06-13 21:33:51','2023-06-13 21:33:51'),(88,0,'city','[]','created','Symfony','127.0.0.1',0,28,'North Little Rock','info','2023-06-13 21:33:51','2023-06-13 21:33:51'),(89,0,'city','[]','created','Symfony','127.0.0.1',0,29,'Little Rock','info','2023-06-13 21:33:51','2023-06-13 21:33:51'),(90,0,'city','[]','created','Symfony','127.0.0.1',0,30,'Carmichael','info','2023-06-13 21:33:51','2023-06-13 21:33:51'),(91,0,'city','[]','created','Symfony','127.0.0.1',0,31,'Daly City','info','2023-06-13 21:33:51','2023-06-13 21:33:51'),(92,0,'city','[]','created','Symfony','127.0.0.1',0,32,'Murrieta','info','2023-06-13 21:33:51','2023-06-13 21:33:51'),(93,0,'city','[]','created','Symfony','127.0.0.1',0,33,'Antioch','info','2023-06-13 21:33:51','2023-06-13 21:33:51'),(94,0,'city','[]','created','Symfony','127.0.0.1',0,34,'Victorville','info','2023-06-13 21:33:51','2023-06-13 21:33:51'),(95,0,'city','[]','created','Symfony','127.0.0.1',0,35,'Richmond','info','2023-06-13 21:33:51','2023-06-13 21:33:51'),(96,0,'city','[]','created','Symfony','127.0.0.1',0,36,'Fullerton','info','2023-06-13 21:33:51','2023-06-13 21:33:51'),(97,0,'city','[]','created','Symfony','127.0.0.1',0,37,'Newport Beach','info','2023-06-13 21:33:51','2023-06-13 21:33:51'),(98,0,'city','[]','created','Symfony','127.0.0.1',0,38,'Jurupa Valley','info','2023-06-13 21:33:51','2023-06-13 21:33:51'),(99,0,'city','[]','created','Symfony','127.0.0.1',0,39,'Anaheim','info','2023-06-13 21:33:51','2023-06-13 21:33:51'),(100,0,'city','[]','created','Symfony','127.0.0.1',0,40,'Santa Ana','info','2023-06-13 21:33:51','2023-06-13 21:33:51'),(101,0,'city','[]','created','Symfony','127.0.0.1',0,41,'Sunnyvale','info','2023-06-13 21:33:51','2023-06-13 21:33:51'),(102,0,'city','[]','created','Symfony','127.0.0.1',0,42,'Costa Mesa','info','2023-06-13 21:33:51','2023-06-13 21:33:51'),(103,0,'city','[]','created','Symfony','127.0.0.1',0,43,'Santa Barbara','info','2023-06-13 21:33:51','2023-06-13 21:33:51'),(104,0,'city','[]','created','Symfony','127.0.0.1',0,44,'Lake Forest','info','2023-06-13 21:33:51','2023-06-13 21:33:51'),(105,0,'city','[]','created','Symfony','127.0.0.1',0,45,'Chino','info','2023-06-13 21:33:51','2023-06-13 21:33:51'),(106,0,'city','[]','created','Symfony','127.0.0.1',0,46,'Moreno Valley','info','2023-06-13 21:33:51','2023-06-13 21:33:51'),(107,0,'city','[]','created','Symfony','127.0.0.1',0,47,'Oakland','info','2023-06-13 21:33:51','2023-06-13 21:33:51'),(108,0,'city','[]','created','Symfony','127.0.0.1',0,48,'Apple Valley','info','2023-06-13 21:33:51','2023-06-13 21:33:51'),(109,0,'city','[]','created','Symfony','127.0.0.1',0,49,'Davis','info','2023-06-13 21:33:51','2023-06-13 21:33:51'),(110,0,'city','[]','created','Symfony','127.0.0.1',0,50,'Los Angeles','info','2023-06-13 21:33:51','2023-06-13 21:33:51'),(111,0,'city','[]','created','Symfony','127.0.0.1',0,51,'Union City','info','2023-06-13 21:33:51','2023-06-13 21:33:51'),(112,0,'city','[]','created','Symfony','127.0.0.1',0,52,'Redlands','info','2023-06-13 21:33:51','2023-06-13 21:33:51'),(113,0,'city','[]','created','Symfony','127.0.0.1',0,53,'Palmdale','info','2023-06-13 21:33:51','2023-06-13 21:33:51'),(114,0,'city','[]','created','Symfony','127.0.0.1',0,54,'Fremont','info','2023-06-13 21:33:51','2023-06-13 21:33:51'),(115,0,'city','[]','created','Symfony','127.0.0.1',0,55,'South San Francisco','info','2023-06-13 21:33:51','2023-06-13 21:33:51'),(116,0,'city','[]','created','Symfony','127.0.0.1',0,56,'Redding','info','2023-06-13 21:33:51','2023-06-13 21:33:51'),(117,0,'city','[]','created','Symfony','127.0.0.1',0,57,'Fontana','info','2023-06-13 21:33:51','2023-06-13 21:33:51'),(118,0,'city','[]','created','Symfony','127.0.0.1',0,58,'Lancaster','info','2023-06-13 21:33:51','2023-06-13 21:33:51'),(119,0,'city','[]','created','Symfony','127.0.0.1',0,59,'Carlsbad','info','2023-06-13 21:33:51','2023-06-13 21:33:51'),(120,0,'city','[]','created','Symfony','127.0.0.1',0,60,'Vallejo','info','2023-06-13 21:33:52','2023-06-13 21:33:52'),(121,0,'city','[]','created','Symfony','127.0.0.1',0,61,'Bellflower','info','2023-06-13 21:33:52','2023-06-13 21:33:52'),(122,0,'city','[]','created','Symfony','127.0.0.1',0,62,'Menifee','info','2023-06-13 21:33:52','2023-06-13 21:33:52'),(123,0,'city','[]','created','Symfony','127.0.0.1',0,63,'Livermore','info','2023-06-13 21:33:52','2023-06-13 21:33:52'),(124,0,'city','[]','created','Symfony','127.0.0.1',0,64,'Hemet','info','2023-06-13 21:33:52','2023-06-13 21:33:52'),(125,0,'city','[]','created','Symfony','127.0.0.1',0,65,'Tracy','info','2023-06-13 21:33:52','2023-06-13 21:33:52'),(126,0,'city','[]','created','Symfony','127.0.0.1',0,66,'Camarillo','info','2023-06-13 21:33:52','2023-06-13 21:33:52'),(127,0,'city','[]','created','Symfony','127.0.0.1',0,67,'Bk','info','2023-06-13 21:33:52','2023-06-13 21:33:52'),(128,0,'city','[]','created','Symfony','127.0.0.1',0,68,'Vista','info','2023-06-13 21:33:52','2023-06-13 21:33:52'),(129,0,'city','[]','created','Symfony','127.0.0.1',0,69,'Garden Grove','info','2023-06-13 21:33:52','2023-06-13 21:33:52'),(130,0,'city','[]','created','Symfony','127.0.0.1',0,70,'Westminster','info','2023-06-13 21:33:52','2023-06-13 21:33:52'),(131,0,'city','[]','created','Symfony','127.0.0.1',0,71,'Irvine','info','2023-06-13 21:33:52','2023-06-13 21:33:52'),(132,0,'city','[]','created','Symfony','127.0.0.1',0,72,'Turlock','info','2023-06-13 21:33:52','2023-06-13 21:33:52'),(133,0,'city','[]','created','Symfony','127.0.0.1',0,73,'Riverside','info','2023-06-13 21:33:52','2023-06-13 21:33:52'),(134,0,'city','[]','created','Symfony','127.0.0.1',0,74,'Berkeley','info','2023-06-13 21:33:52','2023-06-13 21:33:52'),(135,0,'city','[]','created','Symfony','127.0.0.1',0,75,'Chino Hills','info','2023-06-13 21:33:52','2023-06-13 21:33:52'),(136,0,'city','[]','created','Symfony','127.0.0.1',0,76,'Clovis','info','2023-06-13 21:33:52','2023-06-13 21:33:52'),(137,0,'city','[]','created','Symfony','127.0.0.1',0,77,'Torrance','info','2023-06-13 21:33:52','2023-06-13 21:33:52'),(138,0,'city','[]','created','Symfony','127.0.0.1',0,78,'Corona','info','2023-06-13 21:33:52','2023-06-13 21:33:52'),(139,0,'city','[]','created','Symfony','127.0.0.1',0,79,'Fairfield','info','2023-06-13 21:33:52','2023-06-13 21:33:52'),(140,0,'city','[]','created','Symfony','127.0.0.1',0,80,'Downey','info','2023-06-13 21:33:52','2023-06-13 21:33:52'),(141,0,'city','[]','created','Symfony','127.0.0.1',0,81,'Temecula','info','2023-06-13 21:33:52','2023-06-13 21:33:52'),(142,0,'city','[]','created','Symfony','127.0.0.1',0,82,'Concord','info','2023-06-13 21:33:52','2023-06-13 21:33:52'),(143,0,'city','[]','created','Symfony','127.0.0.1',0,83,'Rancho Cordova','info','2023-06-13 21:33:52','2023-06-13 21:33:52'),(144,0,'city','[]','created','Symfony','127.0.0.1',0,84,'Merced','info','2023-06-13 21:33:52','2023-06-13 21:33:52'),(145,0,'city','[]','created','Symfony','127.0.0.1',0,85,'San Leandro','info','2023-06-13 21:33:52','2023-06-13 21:33:52'),(146,0,'city','[]','created','Symfony','127.0.0.1',0,86,'Vacaville','info','2023-06-13 21:33:52','2023-06-13 21:33:52'),(147,0,'city','[]','created','Symfony','127.0.0.1',0,87,'El Cajon','info','2023-06-13 21:33:52','2023-06-13 21:33:52'),(148,0,'city','[]','created','Symfony','127.0.0.1',0,88,'Alhambra','info','2023-06-13 21:33:52','2023-06-13 21:33:52'),(149,0,'city','[]','created','Symfony','127.0.0.1',0,89,'Carson','info','2023-06-13 21:33:52','2023-06-13 21:33:52'),(150,0,'city','[]','created','Symfony','127.0.0.1',0,90,'Citrus Heights','info','2023-06-13 21:33:52','2023-06-13 21:33:52'),(151,0,'city','[]','created','Symfony','127.0.0.1',0,91,'Fresno','info','2023-06-13 21:33:52','2023-06-13 21:33:52'),(152,0,'city','[]','created','Symfony','127.0.0.1',0,92,'San Bernardino','info','2023-06-13 21:33:52','2023-06-13 21:33:52'),(153,0,'city','[]','created','Symfony','127.0.0.1',0,93,'Redwood City','info','2023-06-13 21:33:52','2023-06-13 21:33:52'),(154,0,'city','[]','created','Symfony','127.0.0.1',0,94,'Upland','info','2023-06-13 21:33:52','2023-06-13 21:33:52'),(155,0,'city','[]','created','Symfony','127.0.0.1',0,95,'West Covina','info','2023-06-13 21:33:52','2023-06-13 21:33:52'),(156,0,'city','[]','created','Symfony','127.0.0.1',0,96,'Compton','info','2023-06-13 21:33:52','2023-06-13 21:33:52'),(157,0,'city','[]','created','Symfony','127.0.0.1',0,97,'Long Beach','info','2023-06-13 21:33:52','2023-06-13 21:33:52'),(158,0,'city','[]','created','Symfony','127.0.0.1',0,98,'San Diego','info','2023-06-13 21:33:52','2023-06-13 21:33:52'),(159,0,'city','[]','created','Symfony','127.0.0.1',0,99,'Hawthorne','info','2023-06-13 21:33:52','2023-06-13 21:33:52'),(160,0,'city','[]','created','Symfony','127.0.0.1',0,100,'Arden-Arcade','info','2023-06-13 21:33:52','2023-06-13 21:33:52'),(161,0,'city','[]','created','Symfony','127.0.0.1',0,101,'Santa Rosa','info','2023-06-13 21:33:52','2023-06-13 21:33:52'),(162,0,'city','[]','created','Symfony','127.0.0.1',0,102,'Elk Grove','info','2023-06-13 21:33:52','2023-06-13 21:33:52'),(163,0,'city','[]','created','Symfony','127.0.0.1',0,103,'Redondo Beach','info','2023-06-13 21:33:52','2023-06-13 21:33:52'),(164,0,'city','[]','created','Symfony','127.0.0.1',0,104,'Santa Clara','info','2023-06-13 21:33:52','2023-06-13 21:33:52'),(165,0,'city','[]','created','Symfony','127.0.0.1',0,105,'Milpitas','info','2023-06-13 21:33:52','2023-06-13 21:33:52'),(166,0,'city','[]','created','Symfony','127.0.0.1',0,106,'Alameda','info','2023-06-13 21:33:52','2023-06-13 21:33:52'),(167,0,'city','[]','created','Symfony','127.0.0.1',0,107,'South Gate','info','2023-06-13 21:33:52','2023-06-13 21:33:52'),(168,0,'city','[]','created','Symfony','127.0.0.1',0,108,'San Ramon','info','2023-06-13 21:33:52','2023-06-13 21:33:52'),(169,0,'city','[]','created','Symfony','127.0.0.1',0,109,'Folsom','info','2023-06-13 21:33:52','2023-06-13 21:33:52'),(170,0,'city','[]','created','Symfony','127.0.0.1',0,110,'Roseville','info','2023-06-13 21:33:52','2023-06-13 21:33:52'),(171,0,'city','[]','created','Symfony','127.0.0.1',0,111,'San Buenaventura','info','2023-06-13 21:33:52','2023-06-13 21:33:52'),(172,0,'city','[]','created','Symfony','127.0.0.1',0,112,'Tustin','info','2023-06-13 21:33:52','2023-06-13 21:33:52'),(173,0,'city','[]','created','Symfony','127.0.0.1',0,113,'Lynwood','info','2023-06-13 21:33:52','2023-06-13 21:33:52'),(174,0,'city','[]','created','Symfony','127.0.0.1',0,114,'Indio','info','2023-06-13 21:33:52','2023-06-13 21:33:52'),(175,0,'city','[]','created','Symfony','127.0.0.1',0,115,'San Francisco','info','2023-06-13 21:33:52','2023-06-13 21:33:52'),(176,0,'city','[]','created','Symfony','127.0.0.1',0,116,'San Clemente','info','2023-06-13 21:33:52','2023-06-13 21:33:52'),(177,0,'city','[]','created','Symfony','127.0.0.1',0,117,'Orange','info','2023-06-13 21:33:52','2023-06-13 21:33:52'),(178,0,'city','[]','created','Symfony','127.0.0.1',0,118,'Pleasanton','info','2023-06-13 21:33:52','2023-06-13 21:33:52'),(179,0,'city','[]','created','Symfony','127.0.0.1',0,119,'Thousand Oaks','info','2023-06-13 21:33:52','2023-06-13 21:33:52'),(180,0,'city','[]','created','Symfony','127.0.0.1',0,120,'Chico','info','2023-06-13 21:33:52','2023-06-13 21:33:52'),(181,0,'city','[]','created','Symfony','127.0.0.1',0,121,'Sacramento','info','2023-06-13 21:33:52','2023-06-13 21:33:52'),(182,0,'city','[]','created','Symfony','127.0.0.1',0,122,'Simi Valley','info','2023-06-13 21:33:53','2023-06-13 21:33:53'),(183,0,'city','[]','created','Symfony','127.0.0.1',0,123,'San Marcos','info','2023-06-13 21:33:53','2023-06-13 21:33:53'),(184,0,'city','[]','created','Symfony','127.0.0.1',0,124,'Escondido','info','2023-06-13 21:33:53','2023-06-13 21:33:53'),(185,0,'city','[]','created','Symfony','127.0.0.1',0,125,'Napa','info','2023-06-13 21:33:53','2023-06-13 21:33:53'),(186,0,'city','[]','created','Symfony','127.0.0.1',0,126,'Chula Vista','info','2023-06-13 21:33:53','2023-06-13 21:33:53'),(187,0,'city','[]','created','Symfony','127.0.0.1',0,127,'Salinas','info','2023-06-13 21:33:53','2023-06-13 21:33:53'),(188,0,'city','[]','created','Symfony','127.0.0.1',0,128,'Pasadena','info','2023-06-13 21:33:53','2023-06-13 21:33:53'),(189,0,'city','[]','created','Symfony','127.0.0.1',0,129,'Bakersfield','info','2023-06-13 21:33:53','2023-06-13 21:33:53'),(190,0,'city','[]','created','Symfony','127.0.0.1',0,130,'Santa Maria','info','2023-06-13 21:33:53','2023-06-13 21:33:53'),(191,0,'city','[]','created','Symfony','127.0.0.1',0,131,'Oxnard','info','2023-06-13 21:33:53','2023-06-13 21:33:53'),(192,0,'city','[]','created','Symfony','127.0.0.1',0,132,'Modesto','info','2023-06-13 21:33:53','2023-06-13 21:33:53'),(193,0,'city','[]','created','Symfony','127.0.0.1',0,133,'Baldwin Park','info','2023-06-13 21:33:53','2023-06-13 21:33:53'),(194,0,'city','[]','created','Symfony','127.0.0.1',0,134,'Hesperia','info','2023-06-13 21:33:53','2023-06-13 21:33:53'),(195,0,'city','[]','created','Symfony','127.0.0.1',0,135,'East Los Angeles','info','2023-06-13 21:33:53','2023-06-13 21:33:53'),(196,0,'city','[]','created','Symfony','127.0.0.1',0,136,'Whittier','info','2023-06-13 21:33:53','2023-06-13 21:33:53'),(197,0,'city','[]','created','Symfony','127.0.0.1',0,137,'Huntington Beach','info','2023-06-13 21:33:53','2023-06-13 21:33:53'),(198,0,'city','[]','created','Symfony','127.0.0.1',0,138,'Inglewood','info','2023-06-13 21:33:53','2023-06-13 21:33:53'),(199,0,'city','[]','created','Symfony','127.0.0.1',0,139,'San Jose','info','2023-06-13 21:33:53','2023-06-13 21:33:53'),(200,0,'city','[]','created','Symfony','127.0.0.1',0,140,'Perris','info','2023-06-13 21:33:53','2023-06-13 21:33:53'),(201,0,'city','[]','created','Symfony','127.0.0.1',0,141,'Visalia','info','2023-06-13 21:33:53','2023-06-13 21:33:53'),(202,0,'city','[]','created','Symfony','127.0.0.1',0,142,'Mission Viejo','info','2023-06-13 21:33:53','2023-06-13 21:33:53'),(203,0,'city','[]','created','Symfony','127.0.0.1',0,143,'Manteca','info','2023-06-13 21:33:53','2023-06-13 21:33:53'),(204,0,'city','[]','created','Symfony','127.0.0.1',0,144,'Florence-Graham','info','2023-06-13 21:33:53','2023-06-13 21:33:53'),(205,0,'city','[]','created','Symfony','127.0.0.1',0,145,'Rialto','info','2023-06-13 21:33:53','2023-06-13 21:33:53'),(206,0,'city','[]','created','Symfony','127.0.0.1',0,146,'San Mateo','info','2023-06-13 21:33:53','2023-06-13 21:33:53'),(207,0,'city','[]','created','Symfony','127.0.0.1',0,147,'Mountain View','info','2023-06-13 21:33:53','2023-06-13 21:33:53'),(208,0,'city','[]','created','Symfony','127.0.0.1',0,148,'Santa Clarita','info','2023-06-13 21:33:53','2023-06-13 21:33:53'),(209,0,'city','[]','created','Symfony','127.0.0.1',0,149,'Buena Park','info','2023-06-13 21:33:53','2023-06-13 21:33:53'),(210,0,'city','[]','created','Symfony','127.0.0.1',0,150,'Pittsburg','info','2023-06-13 21:33:53','2023-06-13 21:33:53'),(211,0,'city','[]','created','Symfony','127.0.0.1',0,151,'Oceanside','info','2023-06-13 21:33:53','2023-06-13 21:33:53'),(212,0,'city','[]','created','Symfony','127.0.0.1',0,152,'Rancho Cucamonga','info','2023-06-13 21:33:53','2023-06-13 21:33:53'),(213,0,'city','[]','created','Symfony','127.0.0.1',0,153,'Yorba Linda','info','2023-06-13 21:33:53','2023-06-13 21:33:53'),(214,0,'city','[]','created','Symfony','127.0.0.1',0,154,'Hayward','info','2023-06-13 21:33:53','2023-06-13 21:33:53'),(215,0,'city','[]','created','Symfony','127.0.0.1',0,155,'Laguna Niguel','info','2023-06-13 21:33:53','2023-06-13 21:33:53'),(216,0,'city','[]','created','Symfony','127.0.0.1',0,156,'Palo Alto','info','2023-06-13 21:33:53','2023-06-13 21:33:53'),(217,0,'city','[]','created','Symfony','127.0.0.1',0,157,'Yuba City','info','2023-06-13 21:33:53','2023-06-13 21:33:53'),(218,0,'city','[]','created','Symfony','127.0.0.1',0,158,'El Monte','info','2023-06-13 21:33:53','2023-06-13 21:33:53'),(219,0,'city','[]','created','Symfony','127.0.0.1',0,159,'Stockton','info','2023-06-13 21:33:53','2023-06-13 21:33:53'),(220,0,'city','[]','created','Symfony','127.0.0.1',0,160,'Ontario','info','2023-06-13 21:33:53','2023-06-13 21:33:53'),(221,0,'city','[]','created','Symfony','127.0.0.1',0,161,'Santa Monica','info','2023-06-13 21:33:53','2023-06-13 21:33:53'),(222,0,'city','[]','created','Symfony','127.0.0.1',0,162,'Pomona','info','2023-06-13 21:33:53','2023-06-13 21:33:53'),(223,0,'city','[]','created','Symfony','127.0.0.1',0,163,'Walnut Creek','info','2023-06-13 21:33:53','2023-06-13 21:33:53'),(224,0,'city','[]','created','Symfony','127.0.0.1',0,164,'Lakewood','info','2023-06-13 21:33:53','2023-06-13 21:33:53'),(225,0,'city','[]','created','Symfony','127.0.0.1',0,165,'Boulder','info','2023-06-13 21:33:53','2023-06-13 21:33:53'),(226,0,'city','[]','created','Symfony','127.0.0.1',0,166,'Fort Collins','info','2023-06-13 21:33:53','2023-06-13 21:33:53'),(227,0,'city','[]','created','Symfony','127.0.0.1',0,167,'Aurora','info','2023-06-13 21:33:53','2023-06-13 21:33:53'),(228,0,'city','[]','created','Symfony','127.0.0.1',0,168,'Loveland','info','2023-06-13 21:33:53','2023-06-13 21:33:53'),(229,0,'city','[]','created','Symfony','127.0.0.1',0,169,'Colorado Springs','info','2023-06-13 21:33:53','2023-06-13 21:33:53'),(230,0,'city','[]','created','Symfony','127.0.0.1',0,170,'Longmont','info','2023-06-13 21:33:53','2023-06-13 21:33:53'),(231,0,'city','[]','created','Symfony','127.0.0.1',0,171,'Centennial','info','2023-06-13 21:33:53','2023-06-13 21:33:53'),(232,0,'city','[]','created','Symfony','127.0.0.1',0,172,'Arvada','info','2023-06-13 21:33:53','2023-06-13 21:33:53'),(233,0,'city','[]','created','Symfony','127.0.0.1',0,173,'Thornton','info','2023-06-13 21:33:53','2023-06-13 21:33:53'),(234,0,'city','[]','created','Symfony','127.0.0.1',0,174,'Greeley','info','2023-06-13 21:33:53','2023-06-13 21:33:53'),(235,0,'city','[]','created','Symfony','127.0.0.1',0,175,'Pueblo','info','2023-06-13 21:33:53','2023-06-13 21:33:53'),(236,0,'city','[]','created','Symfony','127.0.0.1',0,176,'Highlands Ranch','info','2023-06-13 21:33:53','2023-06-13 21:33:53'),(237,0,'city','[]','created','Symfony','127.0.0.1',0,177,'Denver','info','2023-06-13 21:33:54','2023-06-13 21:33:54'),(238,0,'city','[]','created','Symfony','127.0.0.1',0,178,'Broomfield','info','2023-06-13 21:33:54','2023-06-13 21:33:54'),(239,0,'city','[]','created','Symfony','127.0.0.1',0,179,'Waterbury','info','2023-06-13 21:33:54','2023-06-13 21:33:54'),(240,0,'city','[]','created','Symfony','127.0.0.1',0,180,'New Haven','info','2023-06-13 21:33:54','2023-06-13 21:33:54'),(241,0,'city','[]','created','Symfony','127.0.0.1',0,181,'Norwalk','info','2023-06-13 21:33:54','2023-06-13 21:33:54'),(242,0,'city','[]','created','Symfony','127.0.0.1',0,182,'New Britain','info','2023-06-13 21:33:54','2023-06-13 21:33:54'),(243,0,'city','[]','created','Symfony','127.0.0.1',0,183,'Hartford','info','2023-06-13 21:33:54','2023-06-13 21:33:54'),(244,0,'city','[]','created','Symfony','127.0.0.1',0,184,'Stamford','info','2023-06-13 21:33:54','2023-06-13 21:33:54'),(245,0,'city','[]','created','Symfony','127.0.0.1',0,185,'Bridgeport','info','2023-06-13 21:33:54','2023-06-13 21:33:54'),(246,0,'city','[]','created','Symfony','127.0.0.1',0,186,'Danbury','info','2023-06-13 21:33:54','2023-06-13 21:33:54'),(247,0,'city','[]','created','Symfony','127.0.0.1',0,187,'Wilmington','info','2023-06-13 21:33:54','2023-06-13 21:33:54'),(248,0,'city','[]','created','Symfony','127.0.0.1',0,188,'Washington','info','2023-06-13 21:33:54','2023-06-13 21:33:54'),(249,0,'city','[]','created','Symfony','127.0.0.1',0,189,'Largo','info','2023-06-13 21:33:54','2023-06-13 21:33:54'),(250,0,'city','[]','created','Symfony','127.0.0.1',0,190,'Palm Coast','info','2023-06-13 21:33:54','2023-06-13 21:33:54'),(251,0,'city','[]','created','Symfony','127.0.0.1',0,191,'Poinciana','info','2023-06-13 21:33:54','2023-06-13 21:33:54'),(252,0,'city','[]','created','Symfony','127.0.0.1',0,192,'Lehigh Acres','info','2023-06-13 21:33:54','2023-06-13 21:33:54'),(253,0,'city','[]','created','Symfony','127.0.0.1',0,193,'Boca Raton','info','2023-06-13 21:33:54','2023-06-13 21:33:54'),(254,0,'city','[]','created','Symfony','127.0.0.1',0,194,'Lakeland','info','2023-06-13 21:33:54','2023-06-13 21:33:54'),(255,0,'city','[]','created','Symfony','127.0.0.1',0,195,'West Palm Beach','info','2023-06-13 21:33:54','2023-06-13 21:33:54'),(256,0,'city','[]','created','Symfony','127.0.0.1',0,196,'Coral Springs','info','2023-06-13 21:33:54','2023-06-13 21:33:54'),(257,0,'city','[]','created','Symfony','127.0.0.1',0,197,'Fort Lauderdale','info','2023-06-13 21:33:54','2023-06-13 21:33:54'),(258,0,'city','[]','created','Symfony','127.0.0.1',0,198,'Jacksonville','info','2023-06-13 21:33:54','2023-06-13 21:33:54'),(259,0,'city','[]','created','Symfony','127.0.0.1',0,199,'Weston','info','2023-06-13 21:33:54','2023-06-13 21:33:54'),(260,0,'city','[]','created','Symfony','127.0.0.1',0,200,'Town \'n\' Country','info','2023-06-13 21:33:54','2023-06-13 21:33:54'),(261,0,'city','[]','created','Symfony','127.0.0.1',0,201,'Riverview','info','2023-06-13 21:33:54','2023-06-13 21:33:54'),(262,0,'city','[]','created','Symfony','127.0.0.1',0,202,'Kendall','info','2023-06-13 21:33:54','2023-06-13 21:33:54'),(263,0,'city','[]','created','Symfony','127.0.0.1',0,203,'Alafaya','info','2023-06-13 21:33:54','2023-06-13 21:33:54'),(264,0,'city','[]','created','Symfony','127.0.0.1',0,204,'Palm Bay','info','2023-06-13 21:33:54','2023-06-13 21:33:54'),(265,0,'city','[]','created','Symfony','127.0.0.1',0,205,'Cape Coral','info','2023-06-13 21:33:54','2023-06-13 21:33:54'),(266,0,'city','[]','created','Symfony','127.0.0.1',0,206,'Saint Petersburg','info','2023-06-13 21:33:54','2023-06-13 21:33:54'),(267,0,'city','[]','created','Symfony','127.0.0.1',0,207,'Tampa','info','2023-06-13 21:33:54','2023-06-13 21:33:54'),(268,0,'city','[]','created','Symfony','127.0.0.1',0,208,'Pembroke Pines','info','2023-06-13 21:33:54','2023-06-13 21:33:54'),(269,0,'city','[]','created','Symfony','127.0.0.1',0,209,'Pine Hills','info','2023-06-13 21:33:54','2023-06-13 21:33:54'),(270,0,'city','[]','created','Symfony','127.0.0.1',0,210,'Pompano Beach','info','2023-06-13 21:33:54','2023-06-13 21:33:54'),(271,0,'city','[]','created','Symfony','127.0.0.1',0,211,'Davie','info','2023-06-13 21:33:54','2023-06-13 21:33:54'),(272,0,'city','[]','created','Symfony','127.0.0.1',0,212,'Sunrise','info','2023-06-13 21:33:54','2023-06-13 21:33:54'),(273,0,'city','[]','created','Symfony','127.0.0.1',0,213,'Kissimmee','info','2023-06-13 21:33:54','2023-06-13 21:33:54'),(274,0,'city','[]','created','Symfony','127.0.0.1',0,214,'Clearwater','info','2023-06-13 21:33:54','2023-06-13 21:33:54'),(275,0,'city','[]','created','Symfony','127.0.0.1',0,215,'Hollywood','info','2023-06-13 21:33:54','2023-06-13 21:33:54'),(276,0,'city','[]','created','Symfony','127.0.0.1',0,216,'Port Saint Lucie','info','2023-06-13 21:33:54','2023-06-13 21:33:54'),(277,0,'city','[]','created','Symfony','127.0.0.1',0,217,'Miramar','info','2023-06-13 21:33:54','2023-06-13 21:33:54'),(278,0,'city','[]','created','Symfony','127.0.0.1',0,218,'Miami Gardens','info','2023-06-13 21:33:54','2023-06-13 21:33:54'),(279,0,'city','[]','created','Symfony','127.0.0.1',0,219,'Boynton Beach','info','2023-06-13 21:33:54','2023-06-13 21:33:54'),(280,0,'city','[]','created','Symfony','127.0.0.1',0,220,'Deerfield Beach','info','2023-06-13 21:33:54','2023-06-13 21:33:54'),(281,0,'city','[]','created','Symfony','127.0.0.1',0,221,'Miami','info','2023-06-13 21:33:54','2023-06-13 21:33:54'),(282,0,'city','[]','created','Symfony','127.0.0.1',0,222,'Plantation','info','2023-06-13 21:33:54','2023-06-13 21:33:54'),(283,0,'city','[]','created','Symfony','127.0.0.1',0,223,'Gainesville','info','2023-06-13 21:33:54','2023-06-13 21:33:54'),(284,0,'city','[]','created','Symfony','127.0.0.1',0,224,'Miami Beach','info','2023-06-13 21:33:54','2023-06-13 21:33:54'),(285,0,'city','[]','created','Symfony','127.0.0.1',0,225,'Hialeah','info','2023-06-13 21:33:54','2023-06-13 21:33:54'),(286,0,'city','[]','created','Symfony','127.0.0.1',0,226,'The Villages','info','2023-06-13 21:33:54','2023-06-13 21:33:54'),(287,0,'city','[]','created','Symfony','127.0.0.1',0,227,'Deltona','info','2023-06-13 21:33:54','2023-06-13 21:33:54'),(288,0,'city','[]','created','Symfony','127.0.0.1',0,228,'Homestead','info','2023-06-13 21:33:54','2023-06-13 21:33:54'),(289,0,'city','[]','created','Symfony','127.0.0.1',0,229,'Tallahassee','info','2023-06-13 21:33:54','2023-06-13 21:33:54'),(290,0,'city','[]','created','Symfony','127.0.0.1',0,230,'Lauderhill','info','2023-06-13 21:33:54','2023-06-13 21:33:54'),(291,0,'city','[]','created','Symfony','127.0.0.1',0,231,'Delray Beach','info','2023-06-13 21:33:54','2023-06-13 21:33:54'),(292,0,'city','[]','created','Symfony','127.0.0.1',0,232,'Melbourne','info','2023-06-13 21:33:54','2023-06-13 21:33:54'),(293,0,'city','[]','created','Symfony','127.0.0.1',0,233,'Brandon','info','2023-06-13 21:33:54','2023-06-13 21:33:54'),(294,0,'city','[]','created','Symfony','127.0.0.1',0,234,'Spring Hill','info','2023-06-13 21:33:54','2023-06-13 21:33:54'),(295,0,'city','[]','created','Symfony','127.0.0.1',0,235,'Orlando','info','2023-06-13 21:33:54','2023-06-13 21:33:54'),(296,0,'city','[]','created','Symfony','127.0.0.1',0,236,'Fort Myers','info','2023-06-13 21:33:54','2023-06-13 21:33:54'),(297,0,'city','[]','created','Symfony','127.0.0.1',0,237,'Sandy Springs','info','2023-06-13 21:33:55','2023-06-13 21:33:55'),(298,0,'city','[]','created','Symfony','127.0.0.1',0,238,'Columbus','info','2023-06-13 21:33:55','2023-06-13 21:33:55'),(299,0,'city','[]','created','Symfony','127.0.0.1',0,239,'Albany','info','2023-06-13 21:33:55','2023-06-13 21:33:55'),(300,0,'city','[]','created','Symfony','127.0.0.1',0,240,'Augusta-Richmond County consolidated government','info','2023-06-13 21:33:55','2023-06-13 21:33:55'),(301,0,'city','[]','created','Symfony','127.0.0.1',0,241,'Savannah','info','2023-06-13 21:33:55','2023-06-13 21:33:55'),(302,0,'city','[]','created','Symfony','127.0.0.1',0,242,'Atlanta','info','2023-06-13 21:33:55','2023-06-13 21:33:55'),(303,0,'city','[]','created','Symfony','127.0.0.1',0,243,'Roswell','info','2023-06-13 21:33:55','2023-06-13 21:33:55'),(304,0,'city','[]','created','Symfony','127.0.0.1',0,244,'Johns Creek','info','2023-06-13 21:33:55','2023-06-13 21:33:55'),(305,0,'city','[]','created','Symfony','127.0.0.1',0,245,'Macon','info','2023-06-13 21:33:55','2023-06-13 21:33:55'),(306,0,'city','[]','created','Symfony','127.0.0.1',0,246,'Athens-Clarke County unified government','info','2023-06-13 21:33:55','2023-06-13 21:33:55'),(307,0,'city','[]','created','Symfony','127.0.0.1',0,247,'Warner Robins','info','2023-06-13 21:33:55','2023-06-13 21:33:55'),(308,0,'city','[]','created','Symfony','127.0.0.1',0,248,'Urban Honolulu','info','2023-06-13 21:33:55','2023-06-13 21:33:55'),(309,0,'city','[]','created','Symfony','127.0.0.1',0,249,'Boise','info','2023-06-13 21:33:55','2023-06-13 21:33:55'),(310,0,'city','[]','created','Symfony','127.0.0.1',0,250,'Nampa','info','2023-06-13 21:33:55','2023-06-13 21:33:55'),(311,0,'city','[]','created','Symfony','127.0.0.1',0,251,'Meridian','info','2023-06-13 21:33:55','2023-06-13 21:33:55'),(312,0,'city','[]','created','Symfony','127.0.0.1',0,252,'Peoria','info','2023-06-13 21:33:55','2023-06-13 21:33:55'),(313,0,'city','[]','created','Symfony','127.0.0.1',0,253,'Springfield','info','2023-06-13 21:33:55','2023-06-13 21:33:55'),(314,0,'city','[]','created','Symfony','127.0.0.1',0,254,'Evanston','info','2023-06-13 21:33:55','2023-06-13 21:33:55'),(315,0,'city','[]','created','Symfony','127.0.0.1',0,255,'Decatur','info','2023-06-13 21:33:55','2023-06-13 21:33:55'),(316,0,'city','[]','created','Symfony','127.0.0.1',0,256,'Joliet','info','2023-06-13 21:33:55','2023-06-13 21:33:55'),(317,0,'city','[]','created','Symfony','127.0.0.1',0,257,'Bloomington','info','2023-06-13 21:33:55','2023-06-13 21:33:55'),(318,0,'city','[]','created','Symfony','127.0.0.1',0,258,'Bolingbrook','info','2023-06-13 21:33:55','2023-06-13 21:33:55'),(319,0,'city','[]','created','Symfony','127.0.0.1',0,259,'Chicago','info','2023-06-13 21:33:55','2023-06-13 21:33:55'),(320,0,'city','[]','created','Symfony','127.0.0.1',0,260,'Schaumburg','info','2023-06-13 21:33:55','2023-06-13 21:33:55'),(321,0,'city','[]','created','Symfony','127.0.0.1',0,261,'Cicero','info','2023-06-13 21:33:55','2023-06-13 21:33:55'),(322,0,'city','[]','created','Symfony','127.0.0.1',0,262,'Elgin','info','2023-06-13 21:33:55','2023-06-13 21:33:55'),(323,0,'city','[]','created','Symfony','127.0.0.1',0,263,'Arlington Heights','info','2023-06-13 21:33:55','2023-06-13 21:33:55'),(324,0,'city','[]','created','Symfony','127.0.0.1',0,264,'Waukegan','info','2023-06-13 21:33:55','2023-06-13 21:33:55'),(325,0,'city','[]','created','Symfony','127.0.0.1',0,265,'Skokie','info','2023-06-13 21:33:55','2023-06-13 21:33:55'),(326,0,'city','[]','created','Symfony','127.0.0.1',0,266,'Champaign','info','2023-06-13 21:33:55','2023-06-13 21:33:55'),(327,0,'city','[]','created','Symfony','127.0.0.1',0,267,'Naperville','info','2023-06-13 21:33:55','2023-06-13 21:33:55'),(328,0,'city','[]','created','Symfony','127.0.0.1',0,268,'Rockford','info','2023-06-13 21:33:55','2023-06-13 21:33:55'),(329,0,'city','[]','created','Symfony','127.0.0.1',0,269,'Palatine','info','2023-06-13 21:33:55','2023-06-13 21:33:55'),(330,0,'city','[]','created','Symfony','127.0.0.1',0,270,'Fort Wayne','info','2023-06-13 21:33:55','2023-06-13 21:33:55'),(331,0,'city','[]','created','Symfony','127.0.0.1',0,271,'Evansville','info','2023-06-13 21:33:55','2023-06-13 21:33:55'),(332,0,'city','[]','created','Symfony','127.0.0.1',0,272,'Lafayette','info','2023-06-13 21:33:55','2023-06-13 21:33:55'),(333,0,'city','[]','created','Symfony','127.0.0.1',0,273,'Hammond','info','2023-06-13 21:33:55','2023-06-13 21:33:55'),(334,0,'city','[]','created','Symfony','127.0.0.1',0,274,'Gary','info','2023-06-13 21:33:55','2023-06-13 21:33:55'),(335,0,'city','[]','created','Symfony','127.0.0.1',0,275,'Fishers','info','2023-06-13 21:33:55','2023-06-13 21:33:55'),(336,0,'city','[]','created','Symfony','127.0.0.1',0,276,'Carmel','info','2023-06-13 21:33:55','2023-06-13 21:33:55'),(337,0,'city','[]','created','Symfony','127.0.0.1',0,277,'Indianapolis','info','2023-06-13 21:33:55','2023-06-13 21:33:55'),(338,0,'city','[]','created','Symfony','127.0.0.1',0,278,'Muncie','info','2023-06-13 21:33:55','2023-06-13 21:33:55'),(339,0,'city','[]','created','Symfony','127.0.0.1',0,279,'South Bend','info','2023-06-13 21:33:55','2023-06-13 21:33:55'),(340,0,'city','[]','created','Symfony','127.0.0.1',0,280,'Iowa City','info','2023-06-13 21:33:55','2023-06-13 21:33:55'),(341,0,'city','[]','created','Symfony','127.0.0.1',0,281,'Cedar Rapids','info','2023-06-13 21:33:55','2023-06-13 21:33:55'),(342,0,'city','[]','created','Symfony','127.0.0.1',0,282,'Waterloo','info','2023-06-13 21:33:55','2023-06-13 21:33:55'),(343,0,'city','[]','created','Symfony','127.0.0.1',0,283,'Des Moines','info','2023-06-13 21:33:55','2023-06-13 21:33:55'),(344,0,'city','[]','created','Symfony','127.0.0.1',0,284,'Ames','info','2023-06-13 21:33:55','2023-06-13 21:33:55'),(345,0,'city','[]','created','Symfony','127.0.0.1',0,285,'Davenport','info','2023-06-13 21:33:55','2023-06-13 21:33:55'),(346,0,'city','[]','created','Symfony','127.0.0.1',0,286,'Sioux City','info','2023-06-13 21:33:55','2023-06-13 21:33:55'),(347,0,'city','[]','created','Symfony','127.0.0.1',0,287,'Shawnee','info','2023-06-13 21:33:55','2023-06-13 21:33:55'),(348,0,'city','[]','created','Symfony','127.0.0.1',0,288,'Olathe','info','2023-06-13 21:33:55','2023-06-13 21:33:55'),(349,0,'city','[]','created','Symfony','127.0.0.1',0,289,'Wichita','info','2023-06-13 21:33:55','2023-06-13 21:33:55'),(350,0,'city','[]','created','Symfony','127.0.0.1',0,290,'Topeka','info','2023-06-13 21:33:55','2023-06-13 21:33:55'),(351,0,'city','[]','created','Symfony','127.0.0.1',0,291,'Overland Park','info','2023-06-13 21:33:55','2023-06-13 21:33:55'),(352,0,'city','[]','created','Symfony','127.0.0.1',0,292,'Lexington-Fayette  county','info','2023-06-13 21:33:55','2023-06-13 21:33:55'),(353,0,'city','[]','created','Symfony','127.0.0.1',0,293,'Louisville/Jefferson County metro government','info','2023-06-13 21:33:55','2023-06-13 21:33:55'),(354,0,'city','[]','created','Symfony','127.0.0.1',0,294,'Shreveport','info','2023-06-13 21:33:55','2023-06-13 21:33:55'),(355,0,'city','[]','created','Symfony','127.0.0.1',0,295,'Metairie','info','2023-06-13 21:33:55','2023-06-13 21:33:55'),(356,0,'city','[]','created','Symfony','127.0.0.1',0,296,'Kenner','info','2023-06-13 21:33:55','2023-06-13 21:33:55'),(357,0,'city','[]','created','Symfony','127.0.0.1',0,297,'Baton Rouge','info','2023-06-13 21:33:55','2023-06-13 21:33:55'),(358,0,'city','[]','created','Symfony','127.0.0.1',0,298,'Bossier City','info','2023-06-13 21:33:56','2023-06-13 21:33:56'),(359,0,'city','[]','created','Symfony','127.0.0.1',0,299,'Lake Charles','info','2023-06-13 21:33:56','2023-06-13 21:33:56'),(360,0,'city','[]','created','Symfony','127.0.0.1',0,300,'New Orleans','info','2023-06-13 21:33:56','2023-06-13 21:33:56'),(361,0,'city','[]','created','Symfony','127.0.0.1',0,301,'German','info','2023-06-13 21:33:56','2023-06-13 21:33:56'),(362,0,'city','[]','created','Symfony','127.0.0.1',0,302,'Waldorf','info','2023-06-13 21:33:56','2023-06-13 21:33:56'),(363,0,'city','[]','created','Symfony','127.0.0.1',0,303,'Frederick','info','2023-06-13 21:33:56','2023-06-13 21:33:56'),(364,0,'city','[]','created','Symfony','127.0.0.1',0,304,'Baltimore','info','2023-06-13 21:33:56','2023-06-13 21:33:56'),(365,0,'city','[]','created','Symfony','127.0.0.1',0,305,'Ellicott City','info','2023-06-13 21:33:56','2023-06-13 21:33:56'),(366,0,'city','[]','created','Symfony','127.0.0.1',0,306,'Gaithersburg','info','2023-06-13 21:33:56','2023-06-13 21:33:56'),(367,0,'city','[]','created','Symfony','127.0.0.1',0,307,'Silver Spring','info','2023-06-13 21:33:56','2023-06-13 21:33:56'),(368,0,'city','[]','created','Symfony','127.0.0.1',0,308,'Glen Burnie','info','2023-06-13 21:33:56','2023-06-13 21:33:56'),(369,0,'city','[]','created','Symfony','127.0.0.1',0,309,'Rockville','info','2023-06-13 21:33:56','2023-06-13 21:33:56'),(370,0,'city','[]','created','Symfony','127.0.0.1',0,310,'Quincy','info','2023-06-13 21:33:56','2023-06-13 21:33:56'),(371,0,'city','[]','created','Symfony','127.0.0.1',0,311,'Brockton','info','2023-06-13 21:33:56','2023-06-13 21:33:56'),(372,0,'city','[]','created','Symfony','127.0.0.1',0,312,'Boston','info','2023-06-13 21:33:56','2023-06-13 21:33:56'),(373,0,'city','[]','created','Symfony','127.0.0.1',0,313,'Lawrence','info','2023-06-13 21:33:56','2023-06-13 21:33:56'),(374,0,'city','[]','created','Symfony','127.0.0.1',0,314,'Worcester','info','2023-06-13 21:33:56','2023-06-13 21:33:56'),(375,0,'city','[]','created','Symfony','127.0.0.1',0,315,'Newton','info','2023-06-13 21:33:56','2023-06-13 21:33:56'),(376,0,'city','[]','created','Symfony','127.0.0.1',0,316,'Lynn','info','2023-06-13 21:33:56','2023-06-13 21:33:56'),(377,0,'city','[]','created','Symfony','127.0.0.1',0,317,'Cambridge','info','2023-06-13 21:33:56','2023-06-13 21:33:56'),(378,0,'city','[]','created','Symfony','127.0.0.1',0,318,'Lowell','info','2023-06-13 21:33:56','2023-06-13 21:33:56'),(379,0,'city','[]','created','Symfony','127.0.0.1',0,319,'Somerville','info','2023-06-13 21:33:56','2023-06-13 21:33:56'),(380,0,'city','[]','created','Symfony','127.0.0.1',0,320,'Framingham','info','2023-06-13 21:33:56','2023-06-13 21:33:56'),(381,0,'city','[]','created','Symfony','127.0.0.1',0,321,'New Bedford','info','2023-06-13 21:33:56','2023-06-13 21:33:56'),(382,0,'city','[]','created','Symfony','127.0.0.1',0,322,'Fall River','info','2023-06-13 21:33:56','2023-06-13 21:33:56'),(383,0,'city','[]','created','Symfony','127.0.0.1',0,323,'Flint','info','2023-06-13 21:33:56','2023-06-13 21:33:56'),(384,0,'city','[]','created','Symfony','127.0.0.1',0,324,'Kalamazoo','info','2023-06-13 21:33:56','2023-06-13 21:33:56'),(385,0,'city','[]','created','Symfony','127.0.0.1',0,325,'Westland','info','2023-06-13 21:33:56','2023-06-13 21:33:56'),(386,0,'city','[]','created','Symfony','127.0.0.1',0,326,'Troy','info','2023-06-13 21:33:56','2023-06-13 21:33:56'),(387,0,'city','[]','created','Symfony','127.0.0.1',0,327,'Wyoming','info','2023-06-13 21:33:56','2023-06-13 21:33:56'),(388,0,'city','[]','created','Symfony','127.0.0.1',0,328,'Lansing','info','2023-06-13 21:33:56','2023-06-13 21:33:56'),(389,0,'city','[]','created','Symfony','127.0.0.1',0,329,'Southfield','info','2023-06-13 21:33:56','2023-06-13 21:33:56'),(390,0,'city','[]','created','Symfony','127.0.0.1',0,330,'Livonia','info','2023-06-13 21:33:56','2023-06-13 21:33:56'),(391,0,'city','[]','created','Symfony','127.0.0.1',0,331,'Dearborn','info','2023-06-13 21:33:56','2023-06-13 21:33:56'),(392,0,'city','[]','created','Symfony','127.0.0.1',0,332,'Grand Rapids','info','2023-06-13 21:33:56','2023-06-13 21:33:56'),(393,0,'city','[]','created','Symfony','127.0.0.1',0,333,'Rochester Hills','info','2023-06-13 21:33:56','2023-06-13 21:33:56'),(394,0,'city','[]','created','Symfony','127.0.0.1',0,334,'Farmington Hills','info','2023-06-13 21:33:56','2023-06-13 21:33:56'),(395,0,'city','[]','created','Symfony','127.0.0.1',0,335,'Sterling Heights','info','2023-06-13 21:33:56','2023-06-13 21:33:56'),(396,0,'city','[]','created','Symfony','127.0.0.1',0,336,'Ann Arbor','info','2023-06-13 21:33:56','2023-06-13 21:33:56'),(397,0,'city','[]','created','Symfony','127.0.0.1',0,337,'Detroit','info','2023-06-13 21:33:56','2023-06-13 21:33:56'),(398,0,'city','[]','created','Symfony','127.0.0.1',0,338,'Warren','info','2023-06-13 21:33:56','2023-06-13 21:33:56'),(399,0,'city','[]','created','Symfony','127.0.0.1',0,339,'Eagan','info','2023-06-13 21:33:56','2023-06-13 21:33:56'),(400,0,'city','[]','created','Symfony','127.0.0.1',0,340,'Woodbury','info','2023-06-13 21:33:56','2023-06-13 21:33:56'),(401,0,'city','[]','created','Symfony','127.0.0.1',0,341,'Saint Cloud','info','2023-06-13 21:33:56','2023-06-13 21:33:56'),(402,0,'city','[]','created','Symfony','127.0.0.1',0,342,'Duluth','info','2023-06-13 21:33:56','2023-06-13 21:33:56'),(403,0,'city','[]','created','Symfony','127.0.0.1',0,343,'Saint Paul','info','2023-06-13 21:33:56','2023-06-13 21:33:56'),(404,0,'city','[]','created','Symfony','127.0.0.1',0,344,'Maple Grove','info','2023-06-13 21:33:56','2023-06-13 21:33:56'),(405,0,'city','[]','created','Symfony','127.0.0.1',0,345,'Brooklyn Park','info','2023-06-13 21:33:56','2023-06-13 21:33:56'),(406,0,'city','[]','created','Symfony','127.0.0.1',0,346,'Plymouth','info','2023-06-13 21:33:56','2023-06-13 21:33:56'),(407,0,'city','[]','created','Symfony','127.0.0.1',0,347,'Minneapolis','info','2023-06-13 21:33:56','2023-06-13 21:33:56'),(408,0,'city','[]','created','Symfony','127.0.0.1',0,348,'Jackson','info','2023-06-13 21:33:56','2023-06-13 21:33:56'),(409,0,'city','[]','created','Symfony','127.0.0.1',0,349,'Gulfport','info','2023-06-13 21:33:56','2023-06-13 21:33:56'),(410,0,'city','[]','created','Symfony','127.0.0.1',0,350,'O\'Fallon','info','2023-06-13 21:33:56','2023-06-13 21:33:56'),(411,0,'city','[]','created','Symfony','127.0.0.1',0,351,'Columbia','info','2023-06-13 21:33:56','2023-06-13 21:33:56'),(412,0,'city','[]','created','Symfony','127.0.0.1',0,352,'Saint Louis','info','2023-06-13 21:33:56','2023-06-13 21:33:56'),(413,0,'city','[]','created','Symfony','127.0.0.1',0,353,'Lee\'s Summit','info','2023-06-13 21:33:56','2023-06-13 21:33:56'),(414,0,'city','[]','created','Symfony','127.0.0.1',0,354,'Independence','info','2023-06-13 21:33:56','2023-06-13 21:33:56'),(415,0,'city','[]','created','Symfony','127.0.0.1',0,355,'Kansas City','info','2023-06-13 21:33:56','2023-06-13 21:33:56'),(416,0,'city','[]','created','Symfony','127.0.0.1',0,356,'Saint Joseph','info','2023-06-13 21:33:57','2023-06-13 21:33:57'),(417,0,'city','[]','created','Symfony','127.0.0.1',0,357,'Saint Charles','info','2023-06-13 21:33:57','2023-06-13 21:33:57'),(418,0,'city','[]','created','Symfony','127.0.0.1',0,358,'Billings','info','2023-06-13 21:33:57','2023-06-13 21:33:57'),(419,0,'city','[]','created','Symfony','127.0.0.1',0,359,'Missoula','info','2023-06-13 21:33:57','2023-06-13 21:33:57'),(420,0,'city','[]','created','Symfony','127.0.0.1',0,360,'Lincoln','info','2023-06-13 21:33:57','2023-06-13 21:33:57'),(421,0,'city','[]','created','Symfony','127.0.0.1',0,361,'Omaha','info','2023-06-13 21:33:57','2023-06-13 21:33:57'),(422,0,'city','[]','created','Symfony','127.0.0.1',0,362,'Henderson','info','2023-06-13 21:33:57','2023-06-13 21:33:57'),(423,0,'city','[]','created','Symfony','127.0.0.1',0,363,'Reno','info','2023-06-13 21:33:57','2023-06-13 21:33:57'),(424,0,'city','[]','created','Symfony','127.0.0.1',0,364,'North Las Vegas','info','2023-06-13 21:33:57','2023-06-13 21:33:57'),(425,0,'city','[]','created','Symfony','127.0.0.1',0,365,'Las Vegas','info','2023-06-13 21:33:57','2023-06-13 21:33:57'),(426,0,'city','[]','created','Symfony','127.0.0.1',0,366,'Paradise','info','2023-06-13 21:33:57','2023-06-13 21:33:57'),(427,0,'city','[]','created','Symfony','127.0.0.1',0,367,'Sunrise Manor','info','2023-06-13 21:33:57','2023-06-13 21:33:57'),(428,0,'city','[]','created','Symfony','127.0.0.1',0,368,'Sparks','info','2023-06-13 21:33:57','2023-06-13 21:33:57'),(429,0,'city','[]','created','Symfony','127.0.0.1',0,369,'Spring Valley','info','2023-06-13 21:33:57','2023-06-13 21:33:57'),(430,0,'city','[]','created','Symfony','127.0.0.1',0,370,'Enterprise','info','2023-06-13 21:33:57','2023-06-13 21:33:57'),(431,0,'city','[]','created','Symfony','127.0.0.1',0,371,'Manchester','info','2023-06-13 21:33:57','2023-06-13 21:33:57'),(432,0,'city','[]','created','Symfony','127.0.0.1',0,372,'Nashua','info','2023-06-13 21:33:57','2023-06-13 21:33:57'),(433,0,'city','[]','created','Symfony','127.0.0.1',0,373,'Newark','info','2023-06-13 21:33:57','2023-06-13 21:33:57'),(434,0,'city','[]','created','Symfony','127.0.0.1',0,374,'Elizabeth','info','2023-06-13 21:33:57','2023-06-13 21:33:57'),(435,0,'city','[]','created','Symfony','127.0.0.1',0,375,'Bayonne','info','2023-06-13 21:33:57','2023-06-13 21:33:57'),(436,0,'city','[]','created','Symfony','127.0.0.1',0,376,'Toms River','info','2023-06-13 21:33:57','2023-06-13 21:33:57'),(437,0,'city','[]','created','Symfony','127.0.0.1',0,377,'Camden','info','2023-06-13 21:33:57','2023-06-13 21:33:57'),(438,0,'city','[]','created','Symfony','127.0.0.1',0,378,'Paterson','info','2023-06-13 21:33:57','2023-06-13 21:33:57'),(439,0,'city','[]','created','Symfony','127.0.0.1',0,379,'Jersey City','info','2023-06-13 21:33:57','2023-06-13 21:33:57'),(440,0,'city','[]','created','Symfony','127.0.0.1',0,380,'Trenton','info','2023-06-13 21:33:57','2023-06-13 21:33:57'),(441,0,'city','[]','created','Symfony','127.0.0.1',0,381,'Passaic','info','2023-06-13 21:33:57','2023-06-13 21:33:57'),(442,0,'city','[]','created','Symfony','127.0.0.1',0,382,'East Orange','info','2023-06-13 21:33:57','2023-06-13 21:33:57'),(443,0,'city','[]','created','Symfony','127.0.0.1',0,383,'Clifton','info','2023-06-13 21:33:57','2023-06-13 21:33:57'),(444,0,'city','[]','created','Symfony','127.0.0.1',0,384,'Albuquerque','info','2023-06-13 21:33:57','2023-06-13 21:33:57'),(445,0,'city','[]','created','Symfony','127.0.0.1',0,385,'Santa Fe','info','2023-06-13 21:33:57','2023-06-13 21:33:57'),(446,0,'city','[]','created','Symfony','127.0.0.1',0,386,'Rio Rancho','info','2023-06-13 21:33:57','2023-06-13 21:33:57'),(447,0,'city','[]','created','Symfony','127.0.0.1',0,387,'Las Cruces','info','2023-06-13 21:33:57','2023-06-13 21:33:57'),(448,0,'city','[]','created','Symfony','127.0.0.1',0,388,'Brentwood','info','2023-06-13 21:33:57','2023-06-13 21:33:57'),(449,0,'city','[]','created','Symfony','127.0.0.1',0,389,'Rochester','info','2023-06-13 21:33:57','2023-06-13 21:33:57'),(450,0,'city','[]','created','Symfony','127.0.0.1',0,390,'Buffalo','info','2023-06-13 21:33:57','2023-06-13 21:33:57'),(451,0,'city','[]','created','Symfony','127.0.0.1',0,391,'Yonkers','info','2023-06-13 21:33:57','2023-06-13 21:33:57'),(452,0,'city','[]','created','Symfony','127.0.0.1',0,392,'Schenectady','info','2023-06-13 21:33:57','2023-06-13 21:33:57'),(453,0,'city','[]','created','Symfony','127.0.0.1',0,393,'Cheektowaga','info','2023-06-13 21:33:57','2023-06-13 21:33:57'),(454,0,'city','[]','created','Symfony','127.0.0.1',0,394,'Mount Vernon','info','2023-06-13 21:33:57','2023-06-13 21:33:57'),(455,0,'city','[]','created','Symfony','127.0.0.1',0,395,'New York','info','2023-06-13 21:33:57','2023-06-13 21:33:57'),(456,0,'city','[]','created','Symfony','127.0.0.1',0,396,'Syracuse','info','2023-06-13 21:33:57','2023-06-13 21:33:57'),(457,0,'city','[]','created','Symfony','127.0.0.1',0,397,'New Rochelle','info','2023-06-13 21:33:57','2023-06-13 21:33:57'),(458,0,'city','[]','created','Symfony','127.0.0.1',0,398,'Asheville','info','2023-06-13 21:33:57','2023-06-13 21:33:57'),(459,0,'city','[]','created','Symfony','127.0.0.1',0,399,'Greensboro','info','2023-06-13 21:33:57','2023-06-13 21:33:57'),(460,0,'city','[]','created','Symfony','127.0.0.1',0,400,'Cary','info','2023-06-13 21:33:57','2023-06-13 21:33:57'),(461,0,'city','[]','created','Symfony','127.0.0.1',0,401,'High Point','info','2023-06-13 21:33:57','2023-06-13 21:33:57'),(462,0,'city','[]','created','Symfony','127.0.0.1',0,402,'Raleigh','info','2023-06-13 21:33:57','2023-06-13 21:33:57'),(463,0,'city','[]','created','Symfony','127.0.0.1',0,403,'Charlotte','info','2023-06-13 21:33:57','2023-06-13 21:33:57'),(464,0,'city','[]','created','Symfony','127.0.0.1',0,404,'Durham','info','2023-06-13 21:33:57','2023-06-13 21:33:57'),(465,0,'city','[]','created','Symfony','127.0.0.1',0,405,'Winston-Salem','info','2023-06-13 21:33:57','2023-06-13 21:33:57'),(466,0,'city','[]','created','Symfony','127.0.0.1',0,406,'Gastonia','info','2023-06-13 21:33:57','2023-06-13 21:33:57'),(467,0,'city','[]','created','Symfony','127.0.0.1',0,407,'Greenville','info','2023-06-13 21:33:57','2023-06-13 21:33:57'),(468,0,'city','[]','created','Symfony','127.0.0.1',0,408,'Fargo','info','2023-06-13 21:33:57','2023-06-13 21:33:57'),(469,0,'city','[]','created','Symfony','127.0.0.1',0,409,'Bismarck','info','2023-06-13 21:33:57','2023-06-13 21:33:57'),(470,0,'city','[]','created','Symfony','127.0.0.1',0,410,'Youngs','info','2023-06-13 21:33:57','2023-06-13 21:33:57'),(471,0,'city','[]','created','Symfony','127.0.0.1',0,411,'Lorain','info','2023-06-13 21:33:57','2023-06-13 21:33:57'),(472,0,'city','[]','created','Symfony','127.0.0.1',0,412,'Parma','info','2023-06-13 21:33:57','2023-06-13 21:33:57'),(473,0,'city','[]','created','Symfony','127.0.0.1',0,413,'Cleveland','info','2023-06-13 21:33:58','2023-06-13 21:33:58'),(474,0,'city','[]','created','Symfony','127.0.0.1',0,414,'Cincinnati','info','2023-06-13 21:33:58','2023-06-13 21:33:58'),(475,0,'city','[]','created','Symfony','127.0.0.1',0,415,'Toledo','info','2023-06-13 21:33:58','2023-06-13 21:33:58'),(476,0,'city','[]','created','Symfony','127.0.0.1',0,416,'Akron','info','2023-06-13 21:33:58','2023-06-13 21:33:58'),(477,0,'city','[]','created','Symfony','127.0.0.1',0,417,'Canton','info','2023-06-13 21:33:58','2023-06-13 21:33:58'),(478,0,'city','[]','created','Symfony','127.0.0.1',0,418,'Dayton','info','2023-06-13 21:33:58','2023-06-13 21:33:58'),(479,0,'city','[]','created','Symfony','127.0.0.1',0,419,'Norman','info','2023-06-13 21:33:58','2023-06-13 21:33:58'),(480,0,'city','[]','created','Symfony','127.0.0.1',0,420,'Lawton','info','2023-06-13 21:33:58','2023-06-13 21:33:58'),(481,0,'city','[]','created','Symfony','127.0.0.1',0,421,'Edmond','info','2023-06-13 21:33:58','2023-06-13 21:33:58'),(482,0,'city','[]','created','Symfony','127.0.0.1',0,422,'Broken Arrow','info','2023-06-13 21:33:58','2023-06-13 21:33:58'),(483,0,'city','[]','created','Symfony','127.0.0.1',0,423,'Tulsa','info','2023-06-13 21:33:58','2023-06-13 21:33:58'),(484,0,'city','[]','created','Symfony','127.0.0.1',0,424,'Oklahoma City','info','2023-06-13 21:33:58','2023-06-13 21:33:58'),(485,0,'city','[]','created','Symfony','127.0.0.1',0,425,'Gresham','info','2023-06-13 21:33:58','2023-06-13 21:33:58'),(486,0,'city','[]','created','Symfony','127.0.0.1',0,426,'Bend','info','2023-06-13 21:33:58','2023-06-13 21:33:58'),(487,0,'city','[]','created','Symfony','127.0.0.1',0,427,'Portland','info','2023-06-13 21:33:58','2023-06-13 21:33:58'),(488,0,'city','[]','created','Symfony','127.0.0.1',0,428,'Beaverton','info','2023-06-13 21:33:58','2023-06-13 21:33:58'),(489,0,'city','[]','created','Symfony','127.0.0.1',0,429,'Medford','info','2023-06-13 21:33:58','2023-06-13 21:33:58'),(490,0,'city','[]','created','Symfony','127.0.0.1',0,430,'Hillsboro','info','2023-06-13 21:33:58','2023-06-13 21:33:58'),(491,0,'city','[]','created','Symfony','127.0.0.1',0,431,'Eugene','info','2023-06-13 21:33:58','2023-06-13 21:33:58'),(492,0,'city','[]','created','Symfony','127.0.0.1',0,432,'Salem','info','2023-06-13 21:33:58','2023-06-13 21:33:58'),(493,0,'city','[]','created','Symfony','127.0.0.1',0,433,'Scranton','info','2023-06-13 21:33:58','2023-06-13 21:33:58'),(494,0,'city','[]','created','Symfony','127.0.0.1',0,434,'Reading','info','2023-06-13 21:33:58','2023-06-13 21:33:58'),(495,0,'city','[]','created','Symfony','127.0.0.1',0,435,'Erie','info','2023-06-13 21:33:58','2023-06-13 21:33:58'),(496,0,'city','[]','created','Symfony','127.0.0.1',0,436,'Pittsburgh','info','2023-06-13 21:33:58','2023-06-13 21:33:58'),(497,0,'city','[]','created','Symfony','127.0.0.1',0,437,'Allen','info','2023-06-13 21:33:58','2023-06-13 21:33:58'),(498,0,'city','[]','created','Symfony','127.0.0.1',0,438,'Philadelphia','info','2023-06-13 21:33:58','2023-06-13 21:33:58'),(499,0,'city','[]','created','Symfony','127.0.0.1',0,439,'Bethlehem','info','2023-06-13 21:33:58','2023-06-13 21:33:58'),(500,0,'city','[]','created','Symfony','127.0.0.1',0,440,'Guaynabo','info','2023-06-13 21:33:58','2023-06-13 21:33:58'),(501,0,'city','[]','created','Symfony','127.0.0.1',0,441,'Mayagez','info','2023-06-13 21:33:58','2023-06-13 21:33:58'),(502,0,'city','[]','created','Symfony','127.0.0.1',0,442,'San Juan','info','2023-06-13 21:33:58','2023-06-13 21:33:58'),(503,0,'city','[]','created','Symfony','127.0.0.1',0,443,'Caguas','info','2023-06-13 21:33:58','2023-06-13 21:33:58'),(504,0,'city','[]','created','Symfony','127.0.0.1',0,444,'Carolina','info','2023-06-13 21:33:58','2023-06-13 21:33:58'),(505,0,'city','[]','created','Symfony','127.0.0.1',0,445,'Ponce','info','2023-06-13 21:33:58','2023-06-13 21:33:58'),(506,0,'city','[]','created','Symfony','127.0.0.1',0,446,'Bayamn','info','2023-06-13 21:33:58','2023-06-13 21:33:58'),(507,0,'city','[]','created','Symfony','127.0.0.1',0,447,'Providence','info','2023-06-13 21:33:58','2023-06-13 21:33:58'),(508,0,'city','[]','created','Symfony','127.0.0.1',0,448,'Pawtucket','info','2023-06-13 21:33:58','2023-06-13 21:33:58'),(509,0,'city','[]','created','Symfony','127.0.0.1',0,449,'Warwick','info','2023-06-13 21:33:58','2023-06-13 21:33:58'),(510,0,'city','[]','created','Symfony','127.0.0.1',0,450,'Cranston','info','2023-06-13 21:33:58','2023-06-13 21:33:58'),(511,0,'city','[]','created','Symfony','127.0.0.1',0,451,'Mount Pleasant','info','2023-06-13 21:33:58','2023-06-13 21:33:58'),(512,0,'city','[]','created','Symfony','127.0.0.1',0,452,'Charleston','info','2023-06-13 21:33:58','2023-06-13 21:33:58'),(513,0,'city','[]','created','Symfony','127.0.0.1',0,453,'Rock Hill','info','2023-06-13 21:33:58','2023-06-13 21:33:58'),(514,0,'city','[]','created','Symfony','127.0.0.1',0,454,'North Charleston','info','2023-06-13 21:33:58','2023-06-13 21:33:58'),(515,0,'city','[]','created','Symfony','127.0.0.1',0,455,'Rapid City','info','2023-06-13 21:33:58','2023-06-13 21:33:58'),(516,0,'city','[]','created','Symfony','127.0.0.1',0,456,'Sioux Falls','info','2023-06-13 21:33:58','2023-06-13 21:33:58'),(517,0,'city','[]','created','Symfony','127.0.0.1',0,457,'Memphis','info','2023-06-13 21:33:58','2023-06-13 21:33:58'),(518,0,'city','[]','created','Symfony','127.0.0.1',0,458,'Nashville','info','2023-06-13 21:33:58','2023-06-13 21:33:58'),(519,0,'city','[]','created','Symfony','127.0.0.1',0,459,'Clarksville','info','2023-06-13 21:33:58','2023-06-13 21:33:58'),(520,0,'city','[]','created','Symfony','127.0.0.1',0,460,'Franklin','info','2023-06-13 21:33:58','2023-06-13 21:33:58'),(521,0,'city','[]','created','Symfony','127.0.0.1',0,461,'Johnson City','info','2023-06-13 21:33:58','2023-06-13 21:33:58'),(522,0,'city','[]','created','Symfony','127.0.0.1',0,462,'Chattanooga','info','2023-06-13 21:33:58','2023-06-13 21:33:58'),(523,0,'city','[]','created','Symfony','127.0.0.1',0,463,'Murfreesboro','info','2023-06-13 21:33:58','2023-06-13 21:33:58'),(524,0,'city','[]','created','Symfony','127.0.0.1',0,464,'Knoxville','info','2023-06-13 21:33:58','2023-06-13 21:33:58'),(525,0,'city','[]','created','Symfony','127.0.0.1',0,465,'Bryan','info','2023-06-13 21:33:58','2023-06-13 21:33:58'),(526,0,'city','[]','created','Symfony','127.0.0.1',0,466,'Garland','info','2023-06-13 21:33:58','2023-06-13 21:33:58'),(527,0,'city','[]','created','Symfony','127.0.0.1',0,467,'Round Rock','info','2023-06-13 21:33:58','2023-06-13 21:33:58'),(528,0,'city','[]','created','Symfony','127.0.0.1',0,468,'Conroe','info','2023-06-13 21:33:58','2023-06-13 21:33:58'),(529,0,'city','[]','created','Symfony','127.0.0.1',0,469,'Frisco','info','2023-06-13 21:33:58','2023-06-13 21:33:58'),(530,0,'city','[]','created','Symfony','127.0.0.1',0,470,'Mission','info','2023-06-13 21:33:58','2023-06-13 21:33:58'),(531,0,'city','[]','created','Symfony','127.0.0.1',0,471,'Midland','info','2023-06-13 21:33:58','2023-06-13 21:33:58'),(532,0,'city','[]','created','Symfony','127.0.0.1',0,472,'Bay','info','2023-06-13 21:33:58','2023-06-13 21:33:58'),(533,0,'city','[]','created','Symfony','127.0.0.1',0,473,'Cedar Park','info','2023-06-13 21:33:58','2023-06-13 21:33:58'),(534,0,'city','[]','created','Symfony','127.0.0.1',0,474,'Longview','info','2023-06-13 21:33:59','2023-06-13 21:33:59'),(535,0,'city','[]','created','Symfony','127.0.0.1',0,475,'Richardson','info','2023-06-13 21:33:59','2023-06-13 21:33:59'),(536,0,'city','[]','created','Symfony','127.0.0.1',0,476,'Pharr','info','2023-06-13 21:33:59','2023-06-13 21:33:59'),(537,0,'city','[]','created','Symfony','127.0.0.1',0,477,'Flower Mound','info','2023-06-13 21:33:59','2023-06-13 21:33:59'),(538,0,'city','[]','created','Symfony','127.0.0.1',0,478,'Grand Prairie','info','2023-06-13 21:33:59','2023-06-13 21:33:59'),(539,0,'city','[]','created','Symfony','127.0.0.1',0,479,'Brownsville','info','2023-06-13 21:33:59','2023-06-13 21:33:59'),(540,0,'city','[]','created','Symfony','127.0.0.1',0,480,'Lewisville','info','2023-06-13 21:33:59','2023-06-13 21:33:59'),(541,0,'city','[]','created','Symfony','127.0.0.1',0,481,'San Antonio','info','2023-06-13 21:33:59','2023-06-13 21:33:59'),(542,0,'city','[]','created','Symfony','127.0.0.1',0,482,'Abilene','info','2023-06-13 21:33:59','2023-06-13 21:33:59'),(543,0,'city','[]','created','Symfony','127.0.0.1',0,483,'Fort Worth','info','2023-06-13 21:33:59','2023-06-13 21:33:59'),(544,0,'city','[]','created','Symfony','127.0.0.1',0,484,'The Woodlands','info','2023-06-13 21:33:59','2023-06-13 21:33:59'),(545,0,'city','[]','created','Symfony','127.0.0.1',0,485,'Lubbock','info','2023-06-13 21:33:59','2023-06-13 21:33:59'),(546,0,'city','[]','created','Symfony','127.0.0.1',0,486,'Arlington','info','2023-06-13 21:33:59','2023-06-13 21:33:59'),(547,0,'city','[]','created','Symfony','127.0.0.1',0,487,'Carrollton','info','2023-06-13 21:33:59','2023-06-13 21:33:59'),(548,0,'city','[]','created','Symfony','127.0.0.1',0,488,'McKinney','info','2023-06-13 21:33:59','2023-06-13 21:33:59'),(549,0,'city','[]','created','Symfony','127.0.0.1',0,489,'Corpus Christi','info','2023-06-13 21:33:59','2023-06-13 21:33:59'),(550,0,'city','[]','created','Symfony','127.0.0.1',0,490,'College Station','info','2023-06-13 21:33:59','2023-06-13 21:33:59'),(551,0,'city','[]','created','Symfony','127.0.0.1',0,491,'Plano','info','2023-06-13 21:33:59','2023-06-13 21:33:59'),(552,0,'city','[]','created','Symfony','127.0.0.1',0,492,'Laredo','info','2023-06-13 21:33:59','2023-06-13 21:33:59'),(553,0,'city','[]','created','Symfony','127.0.0.1',0,493,'Atascocita','info','2023-06-13 21:33:59','2023-06-13 21:33:59'),(554,0,'city','[]','created','Symfony','127.0.0.1',0,494,'Pearland','info','2023-06-13 21:33:59','2023-06-13 21:33:59'),(555,0,'city','[]','created','Symfony','127.0.0.1',0,495,'Denton','info','2023-06-13 21:33:59','2023-06-13 21:33:59'),(556,0,'city','[]','created','Symfony','127.0.0.1',0,496,'Mesquite','info','2023-06-13 21:33:59','2023-06-13 21:33:59'),(557,0,'city','[]','created','Symfony','127.0.0.1',0,497,'Amarillo','info','2023-06-13 21:33:59','2023-06-13 21:33:59'),(558,0,'city','[]','created','Symfony','127.0.0.1',0,498,'New Braunfels','info','2023-06-13 21:33:59','2023-06-13 21:33:59'),(559,0,'city','[]','created','Symfony','127.0.0.1',0,499,'Victoria','info','2023-06-13 21:33:59','2023-06-13 21:33:59'),(560,0,'city','[]','created','Symfony','127.0.0.1',0,500,'Odessa','info','2023-06-13 21:33:59','2023-06-13 21:33:59'),(561,0,'city','[]','created','Symfony','127.0.0.1',0,501,'McAllen','info','2023-06-13 21:33:59','2023-06-13 21:33:59'),(562,0,'city','[]','created','Symfony','127.0.0.1',0,502,'Missouri City','info','2023-06-13 21:33:59','2023-06-13 21:33:59'),(563,0,'city','[]','created','Symfony','127.0.0.1',0,503,'Houston','info','2023-06-13 21:33:59','2023-06-13 21:33:59'),(564,0,'city','[]','created','Symfony','127.0.0.1',0,504,'Waco','info','2023-06-13 21:33:59','2023-06-13 21:33:59'),(565,0,'city','[]','created','Symfony','127.0.0.1',0,505,'League City','info','2023-06-13 21:33:59','2023-06-13 21:33:59'),(566,0,'city','[]','created','Symfony','127.0.0.1',0,506,'Killeen','info','2023-06-13 21:33:59','2023-06-13 21:33:59'),(567,0,'city','[]','created','Symfony','127.0.0.1',0,507,'Beaumont','info','2023-06-13 21:33:59','2023-06-13 21:33:59'),(568,0,'city','[]','created','Symfony','127.0.0.1',0,508,'Sugar Land','info','2023-06-13 21:33:59','2023-06-13 21:33:59'),(569,0,'city','[]','created','Symfony','127.0.0.1',0,509,'El Paso','info','2023-06-13 21:33:59','2023-06-13 21:33:59'),(570,0,'city','[]','created','Symfony','127.0.0.1',0,510,'Irving','info','2023-06-13 21:33:59','2023-06-13 21:33:59'),(571,0,'city','[]','created','Symfony','127.0.0.1',0,511,'Dallas','info','2023-06-13 21:33:59','2023-06-13 21:33:59'),(572,0,'city','[]','created','Symfony','127.0.0.1',0,512,'Harlingen','info','2023-06-13 21:33:59','2023-06-13 21:33:59'),(573,0,'city','[]','created','Symfony','127.0.0.1',0,513,'Austin','info','2023-06-13 21:33:59','2023-06-13 21:33:59'),(574,0,'city','[]','created','Symfony','127.0.0.1',0,514,'Tyler','info','2023-06-13 21:33:59','2023-06-13 21:33:59'),(575,0,'city','[]','created','Symfony','127.0.0.1',0,515,'San Angelo','info','2023-06-13 21:33:59','2023-06-13 21:33:59'),(576,0,'city','[]','created','Symfony','127.0.0.1',0,516,'North Richland Hills','info','2023-06-13 21:33:59','2023-06-13 21:33:59'),(577,0,'city','[]','created','Symfony','127.0.0.1',0,517,'Wichita Falls','info','2023-06-13 21:33:59','2023-06-13 21:33:59'),(578,0,'city','[]','created','Symfony','127.0.0.1',0,518,'Edinburg','info','2023-06-13 21:33:59','2023-06-13 21:33:59'),(579,0,'city','[]','created','Symfony','127.0.0.1',0,519,'Temple','info','2023-06-13 21:33:59','2023-06-13 21:33:59'),(580,0,'city','[]','created','Symfony','127.0.0.1',0,520,'Sandy','info','2023-06-13 21:33:59','2023-06-13 21:33:59'),(581,0,'city','[]','created','Symfony','127.0.0.1',0,521,'Orem','info','2023-06-13 21:33:59','2023-06-13 21:33:59'),(582,0,'city','[]','created','Symfony','127.0.0.1',0,522,'Layton','info','2023-06-13 21:33:59','2023-06-13 21:33:59'),(583,0,'city','[]','created','Symfony','127.0.0.1',0,523,'South Jordan','info','2023-06-13 21:33:59','2023-06-13 21:33:59'),(584,0,'city','[]','created','Symfony','127.0.0.1',0,524,'West Valley City','info','2023-06-13 21:33:59','2023-06-13 21:33:59'),(585,0,'city','[]','created','Symfony','127.0.0.1',0,525,'Ogden','info','2023-06-13 21:33:59','2023-06-13 21:33:59'),(586,0,'city','[]','created','Symfony','127.0.0.1',0,526,'Provo','info','2023-06-13 21:33:59','2023-06-13 21:33:59'),(587,0,'city','[]','created','Symfony','127.0.0.1',0,527,'Salt Lake City','info','2023-06-13 21:33:59','2023-06-13 21:33:59'),(588,0,'city','[]','created','Symfony','127.0.0.1',0,528,'West Jordan','info','2023-06-13 21:33:59','2023-06-13 21:33:59'),(589,0,'city','[]','created','Symfony','127.0.0.1',0,529,'Saint George','info','2023-06-13 21:33:59','2023-06-13 21:33:59'),(590,0,'city','[]','created','Symfony','127.0.0.1',0,530,'Hampton','info','2023-06-13 21:33:59','2023-06-13 21:33:59'),(591,0,'city','[]','created','Symfony','127.0.0.1',0,531,'Portsmouth','info','2023-06-13 21:33:59','2023-06-13 21:33:59'),(592,0,'city','[]','created','Symfony','127.0.0.1',0,532,'Chesapeake','info','2023-06-13 21:33:59','2023-06-13 21:33:59'),(593,0,'city','[]','created','Symfony','127.0.0.1',0,533,'Roanoke','info','2023-06-13 21:33:59','2023-06-13 21:33:59'),(594,0,'city','[]','created','Symfony','127.0.0.1',0,534,'Lynchburg','info','2023-06-13 21:33:59','2023-06-13 21:33:59'),(595,0,'city','[]','created','Symfony','127.0.0.1',0,535,'Norfolk','info','2023-06-13 21:33:59','2023-06-13 21:33:59'),(596,0,'city','[]','created','Symfony','127.0.0.1',0,536,'Virginia Beach','info','2023-06-13 21:33:59','2023-06-13 21:33:59'),(597,0,'city','[]','created','Symfony','127.0.0.1',0,537,'Alexandria','info','2023-06-13 21:33:59','2023-06-13 21:33:59'),(598,0,'city','[]','created','Symfony','127.0.0.1',0,538,'Newport News','info','2023-06-13 21:33:59','2023-06-13 21:33:59'),(599,0,'city','[]','created','Symfony','127.0.0.1',0,539,'Suffolk','info','2023-06-13 21:33:59','2023-06-13 21:33:59'),(600,0,'city','[]','created','Symfony','127.0.0.1',0,540,'Dale City','info','2023-06-13 21:33:59','2023-06-13 21:33:59'),(601,0,'city','[]','created','Symfony','127.0.0.1',0,541,'Centreville','info','2023-06-13 21:33:59','2023-06-13 21:33:59'),(602,0,'city','[]','created','Symfony','127.0.0.1',0,542,'Tacoma','info','2023-06-13 21:34:00','2023-06-13 21:34:00'),(603,0,'city','[]','created','Symfony','127.0.0.1',0,543,'Kirkland','info','2023-06-13 21:34:00','2023-06-13 21:34:00'),(604,0,'city','[]','created','Symfony','127.0.0.1',0,544,'Everett','info','2023-06-13 21:34:00','2023-06-13 21:34:00'),(605,0,'city','[]','created','Symfony','127.0.0.1',0,545,'Federal Way','info','2023-06-13 21:34:00','2023-06-13 21:34:00'),(606,0,'city','[]','created','Symfony','127.0.0.1',0,546,'Marysville','info','2023-06-13 21:34:00','2023-06-13 21:34:00'),(607,0,'city','[]','created','Symfony','127.0.0.1',0,547,'Pasco','info','2023-06-13 21:34:00','2023-06-13 21:34:00'),(608,0,'city','[]','created','Symfony','127.0.0.1',0,548,'Spokane Valley','info','2023-06-13 21:34:00','2023-06-13 21:34:00'),(609,0,'city','[]','created','Symfony','127.0.0.1',0,549,'Bellevue','info','2023-06-13 21:34:00','2023-06-13 21:34:00'),(610,0,'city','[]','created','Symfony','127.0.0.1',0,550,'Kent','info','2023-06-13 21:34:00','2023-06-13 21:34:00'),(611,0,'city','[]','created','Symfony','127.0.0.1',0,551,'Renton','info','2023-06-13 21:34:00','2023-06-13 21:34:00'),(612,0,'city','[]','created','Symfony','127.0.0.1',0,552,'Spokane','info','2023-06-13 21:34:00','2023-06-13 21:34:00'),(613,0,'city','[]','created','Symfony','127.0.0.1',0,553,'Auburn','info','2023-06-13 21:34:00','2023-06-13 21:34:00'),(614,0,'city','[]','created','Symfony','127.0.0.1',0,554,'Yakima','info','2023-06-13 21:34:00','2023-06-13 21:34:00'),(615,0,'city','[]','created','Symfony','127.0.0.1',0,555,'Bellingham','info','2023-06-13 21:34:00','2023-06-13 21:34:00'),(616,0,'city','[]','created','Symfony','127.0.0.1',0,556,'Seattle','info','2023-06-13 21:34:00','2023-06-13 21:34:00'),(617,0,'city','[]','created','Symfony','127.0.0.1',0,557,'Vancouver','info','2023-06-13 21:34:00','2023-06-13 21:34:00'),(618,0,'city','[]','created','Symfony','127.0.0.1',0,558,'Kennewick','info','2023-06-13 21:34:00','2023-06-13 21:34:00'),(619,0,'city','[]','created','Symfony','127.0.0.1',0,559,'Madison','info','2023-06-13 21:34:00','2023-06-13 21:34:00'),(620,0,'city','[]','created','Symfony','127.0.0.1',0,560,'Milwaukee','info','2023-06-13 21:34:00','2023-06-13 21:34:00'),(621,0,'city','[]','created','Symfony','127.0.0.1',0,561,'Waukesha','info','2023-06-13 21:34:00','2023-06-13 21:34:00'),(622,0,'city','[]','created','Symfony','127.0.0.1',0,562,'Green Bay','info','2023-06-13 21:34:00','2023-06-13 21:34:00'),(623,0,'city','[]','created','Symfony','127.0.0.1',0,563,'Appleton','info','2023-06-13 21:34:00','2023-06-13 21:34:00'),(624,0,'city','[]','created','Symfony','127.0.0.1',0,564,'Eau Claire','info','2023-06-13 21:34:00','2023-06-13 21:34:00'),(625,0,'city','[]','created','Symfony','127.0.0.1',0,565,'Racine','info','2023-06-13 21:34:00','2023-06-13 21:34:00'),(626,0,'city','[]','created','Symfony','127.0.0.1',0,566,'Oshkosh','info','2023-06-13 21:34:00','2023-06-13 21:34:00'),(627,0,'city','[]','created','Symfony','127.0.0.1',0,567,'Kenosha','info','2023-06-13 21:34:00','2023-06-13 21:34:00');
/*!40000 ALTER TABLE `audit_histories` ENABLE KEYS */;
UNLOCK TABLES;

--
-- Table structure for table `categories`
--

DROP TABLE IF EXISTS `categories`;
/*!40101 SET @saved_cs_client     = @@character_set_client */;
/*!50503 SET character_set_client = utf8mb4 */;
CREATE TABLE `categories` (
  `id` bigint unsigned NOT NULL AUTO_INCREMENT,
  `name` varchar(120) COLLATE utf8mb4_unicode_ci NOT NULL,
  `parent_id` bigint unsigned NOT NULL DEFAULT '0',
  `description` varchar(400) COLLATE utf8mb4_unicode_ci DEFAULT NULL,
  `status` varchar(60) COLLATE utf8mb4_unicode_ci NOT NULL DEFAULT 'published',
  `author_id` bigint unsigned NOT NULL,
  `author_type` varchar(255) CHARACTER SET utf8mb4 COLLATE utf8mb4_unicode_ci NOT NULL DEFAULT 'Botble\\ACL\\Models\\User',
  `icon` varchar(60) COLLATE utf8mb4_unicode_ci DEFAULT NULL,
  `order` tinyint NOT NULL DEFAULT '0',
  `is_featured` tinyint NOT NULL DEFAULT '0',
  `is_default` tinyint unsigned NOT NULL DEFAULT '0',
  `created_at` timestamp NULL DEFAULT NULL,
  `updated_at` timestamp NULL DEFAULT NULL,
  PRIMARY KEY (`id`),
  KEY `parent_id` (`parent_id`),
  KEY `status` (`status`),
  KEY `created_at` (`created_at`)
) ENGINE=InnoDB AUTO_INCREMENT=8 DEFAULT CHARSET=utf8mb4 COLLATE=utf8mb4_unicode_ci;
/*!40101 SET character_set_client = @saved_cs_client */;

--
-- Dumping data for table `categories`
--

LOCK TABLES `categories` WRITE;
/*!40000 ALTER TABLE `categories` DISABLE KEYS */;
INSERT INTO `categories` VALUES (1,'Design',0,'Aliquid quia voluptas sit quod vero velit. Earum corporis ullam optio laboriosam occaecati quis eius. Dolores officia aspernatur omnis qui fugit at odio dolore.','published',1,'Botble\\ACL\\Models\\User',NULL,0,0,1,'2023-06-13 21:33:46','2023-06-13 21:33:46'),(2,'Lifestyle',0,'Vel aut omnis molestias culpa. Est placeat aut minima totam aut ab delectus. Quaerat quo perferendis ducimus sed error. Et porro aut nostrum dolore.','published',1,'Botble\\ACL\\Models\\User',NULL,0,1,0,'2023-06-13 21:33:46','2023-06-13 21:33:46'),(3,'Travel Tips',2,'Aut voluptatem tempore aut qui. Consequatur quas facere sunt. Dolore qui possimus fugit minima ut ut dolorem.','published',1,'Botble\\ACL\\Models\\User',NULL,0,0,0,'2023-06-13 21:33:46','2023-06-13 21:33:46'),(4,'Healthy',0,'Distinctio et accusamus quia consectetur neque rerum. Neque et voluptate distinctio sunt quod mollitia dolor. Ut molestiae est et esse animi doloremque enim officiis.','published',1,'Botble\\ACL\\Models\\User',NULL,0,1,0,'2023-06-13 21:33:46','2023-06-13 21:33:46'),(5,'Travel Tips',4,'Dignissimos quidem dolores consectetur dignissimos. Et a sed et totam in voluptas.','published',1,'Botble\\ACL\\Models\\User',NULL,0,0,0,'2023-06-13 21:33:46','2023-06-13 21:33:46'),(6,'Hotel',0,'Delectus libero nemo quo. Voluptatem nobis soluta tempore velit. Unde dolorem tenetur deleniti et modi vel ipsum vel. Dicta nihil sint qui quibusdam. Optio quia aliquid corrupti adipisci.','published',1,'Botble\\ACL\\Models\\User',NULL,0,1,0,'2023-06-13 21:33:46','2023-06-13 21:33:46'),(7,'Nature',6,'Itaque distinctio a neque. Modi nobis iure cum asperiores laborum. Dolores autem debitis voluptas est omnis laboriosam et velit. Id culpa perferendis reiciendis nemo sint quod nihil.','published',1,'Botble\\ACL\\Models\\User',NULL,0,0,0,'2023-06-13 21:33:46','2023-06-13 21:33:46');
/*!40000 ALTER TABLE `categories` ENABLE KEYS */;
UNLOCK TABLES;

--
-- Table structure for table `categories_translations`
--

DROP TABLE IF EXISTS `categories_translations`;
/*!40101 SET @saved_cs_client     = @@character_set_client */;
/*!50503 SET character_set_client = utf8mb4 */;
CREATE TABLE `categories_translations` (
  `lang_code` varchar(191) COLLATE utf8mb4_unicode_ci NOT NULL,
  `categories_id` bigint unsigned NOT NULL,
  `name` varchar(255) COLLATE utf8mb4_unicode_ci DEFAULT NULL,
  `description` varchar(400) COLLATE utf8mb4_unicode_ci DEFAULT NULL,
  PRIMARY KEY (`lang_code`,`categories_id`)
) ENGINE=InnoDB DEFAULT CHARSET=utf8mb4 COLLATE=utf8mb4_unicode_ci;
/*!40101 SET character_set_client = @saved_cs_client */;

--
-- Dumping data for table `categories_translations`
--

LOCK TABLES `categories_translations` WRITE;
/*!40000 ALTER TABLE `categories_translations` DISABLE KEYS */;
INSERT INTO `categories_translations` VALUES ('vi',1,'Phong cch sng',NULL),('vi',2,'Sc khe',NULL),('vi',3,'Mn ngon',NULL),('vi',4,'Sc khe',NULL),('vi',5,'Mo du lch',NULL),('vi',6,'Khch sn',NULL),('vi',7,'Thin nhin',NULL);
/*!40000 ALTER TABLE `categories_translations` ENABLE KEYS */;
UNLOCK TABLES;

--
-- Table structure for table `cities`
--

DROP TABLE IF EXISTS `cities`;
/*!40101 SET @saved_cs_client     = @@character_set_client */;
/*!50503 SET character_set_client = utf8mb4 */;
CREATE TABLE `cities` (
  `id` bigint unsigned NOT NULL AUTO_INCREMENT,
  `name` varchar(120) COLLATE utf8mb4_unicode_ci NOT NULL,
  `state_id` bigint unsigned NOT NULL,
  `country_id` bigint unsigned DEFAULT NULL,
  `record_id` varchar(40) COLLATE utf8mb4_unicode_ci DEFAULT NULL,
  `order` tinyint NOT NULL DEFAULT '0',
  `is_default` tinyint unsigned NOT NULL DEFAULT '0',
  `status` varchar(60) COLLATE utf8mb4_unicode_ci NOT NULL DEFAULT 'published',
  `created_at` timestamp NULL DEFAULT NULL,
  `updated_at` timestamp NULL DEFAULT NULL,
  PRIMARY KEY (`id`)
) ENGINE=InnoDB AUTO_INCREMENT=568 DEFAULT CHARSET=utf8mb4 COLLATE=utf8mb4_unicode_ci;
/*!40101 SET character_set_client = @saved_cs_client */;

--
-- Dumping data for table `cities`
--

LOCK TABLES `cities` WRITE;
/*!40000 ALTER TABLE `cities` DISABLE KEYS */;
INSERT INTO `cities` VALUES (1,'Dothan',1,1,NULL,0,0,'published','2023-06-13 21:33:50','2023-06-13 21:33:50'),(2,'Hoover',1,1,NULL,0,0,'published','2023-06-13 21:33:50','2023-06-13 21:33:50'),(3,'Mobile',1,1,NULL,0,0,'published','2023-06-13 21:33:50','2023-06-13 21:33:50'),(4,'Huntsville',1,1,NULL,0,0,'published','2023-06-13 21:33:50','2023-06-13 21:33:50'),(5,'Montgomery',1,1,NULL,0,0,'published','2023-06-13 21:33:50','2023-06-13 21:33:50'),(6,'Tuscaloosa',1,1,NULL,0,0,'published','2023-06-13 21:33:50','2023-06-13 21:33:50'),(7,'Birmingham',1,1,NULL,0,0,'published','2023-06-13 21:33:51','2023-06-13 21:33:51'),(8,'Anchorage',2,1,NULL,0,0,'published','2023-06-13 21:33:51','2023-06-13 21:33:51'),(9,'Mesa',4,1,NULL,0,0,'published','2023-06-13 21:33:51','2023-06-13 21:33:51'),(10,'Tucson',4,1,NULL,0,0,'published','2023-06-13 21:33:51','2023-06-13 21:33:51'),(11,'San Tan Valley',4,1,NULL,0,0,'published','2023-06-13 21:33:51','2023-06-13 21:33:51'),(12,'Glendale',4,1,NULL,0,0,'published','2023-06-13 21:33:51','2023-06-13 21:33:51'),(13,'Chandler',4,1,NULL,0,0,'published','2023-06-13 21:33:51','2023-06-13 21:33:51'),(14,'Casas Adobes',4,1,NULL,0,0,'published','2023-06-13 21:33:51','2023-06-13 21:33:51'),(15,'Gilbert',4,1,NULL,0,0,'published','2023-06-13 21:33:51','2023-06-13 21:33:51'),(16,'Avondale',4,1,NULL,0,0,'published','2023-06-13 21:33:51','2023-06-13 21:33:51'),(17,'Goodyear',4,1,NULL,0,0,'published','2023-06-13 21:33:51','2023-06-13 21:33:51'),(18,'Surprise',4,1,NULL,0,0,'published','2023-06-13 21:33:51','2023-06-13 21:33:51'),(19,'Tempe',4,1,NULL,0,0,'published','2023-06-13 21:33:51','2023-06-13 21:33:51'),(20,'Scottsdale',4,1,NULL,0,0,'published','2023-06-13 21:33:51','2023-06-13 21:33:51'),(21,'Phoenix',4,1,NULL,0,0,'published','2023-06-13 21:33:51','2023-06-13 21:33:51'),(22,'Flagstaff',4,1,NULL,0,0,'published','2023-06-13 21:33:51','2023-06-13 21:33:51'),(23,'Yuma',4,1,NULL,0,0,'published','2023-06-13 21:33:51','2023-06-13 21:33:51'),(24,'Fort Smith',5,1,NULL,0,0,'published','2023-06-13 21:33:51','2023-06-13 21:33:51'),(25,'Jonesboro',5,1,NULL,0,0,'published','2023-06-13 21:33:51','2023-06-13 21:33:51'),(26,'Springdale',5,1,NULL,0,0,'published','2023-06-13 21:33:51','2023-06-13 21:33:51'),(27,'Fayetteville',5,1,NULL,0,0,'published','2023-06-13 21:33:51','2023-06-13 21:33:51'),(28,'North Little Rock',5,1,NULL,0,0,'published','2023-06-13 21:33:51','2023-06-13 21:33:51'),(29,'Little Rock',5,1,NULL,0,0,'published','2023-06-13 21:33:51','2023-06-13 21:33:51'),(30,'Carmichael',6,1,NULL,0,0,'published','2023-06-13 21:33:51','2023-06-13 21:33:51'),(31,'Daly City',6,1,NULL,0,0,'published','2023-06-13 21:33:51','2023-06-13 21:33:51'),(32,'Murrieta',6,1,NULL,0,0,'published','2023-06-13 21:33:51','2023-06-13 21:33:51'),(33,'Antioch',6,1,NULL,0,0,'published','2023-06-13 21:33:51','2023-06-13 21:33:51'),(34,'Victorville',6,1,NULL,0,0,'published','2023-06-13 21:33:51','2023-06-13 21:33:51'),(35,'Richmond',6,1,NULL,0,0,'published','2023-06-13 21:33:51','2023-06-13 21:33:51'),(36,'Fullerton',6,1,NULL,0,0,'published','2023-06-13 21:33:51','2023-06-13 21:33:51'),(37,'Newport Beach',6,1,NULL,0,0,'published','2023-06-13 21:33:51','2023-06-13 21:33:51'),(38,'Jurupa Valley',6,1,NULL,0,0,'published','2023-06-13 21:33:51','2023-06-13 21:33:51'),(39,'Anaheim',6,1,NULL,0,0,'published','2023-06-13 21:33:51','2023-06-13 21:33:51'),(40,'Santa Ana',6,1,NULL,0,0,'published','2023-06-13 21:33:51','2023-06-13 21:33:51'),(41,'Sunnyvale',6,1,NULL,0,0,'published','2023-06-13 21:33:51','2023-06-13 21:33:51'),(42,'Costa Mesa',6,1,NULL,0,0,'published','2023-06-13 21:33:51','2023-06-13 21:33:51'),(43,'Santa Barbara',6,1,NULL,0,0,'published','2023-06-13 21:33:51','2023-06-13 21:33:51'),(44,'Lake Forest',6,1,NULL,0,0,'published','2023-06-13 21:33:51','2023-06-13 21:33:51'),(45,'Chino',6,1,NULL,0,0,'published','2023-06-13 21:33:51','2023-06-13 21:33:51'),(46,'Moreno Valley',6,1,NULL,0,0,'published','2023-06-13 21:33:51','2023-06-13 21:33:51'),(47,'Oakland',6,1,NULL,0,0,'published','2023-06-13 21:33:51','2023-06-13 21:33:51'),(48,'Apple Valley',6,1,NULL,0,0,'published','2023-06-13 21:33:51','2023-06-13 21:33:51'),(49,'Davis',6,1,NULL,0,0,'published','2023-06-13 21:33:51','2023-06-13 21:33:51'),(50,'Los Angeles',6,1,NULL,0,0,'published','2023-06-13 21:33:51','2023-06-13 21:33:51'),(51,'Union City',6,1,NULL,0,0,'published','2023-06-13 21:33:51','2023-06-13 21:33:51'),(52,'Redlands',6,1,NULL,0,0,'published','2023-06-13 21:33:51','2023-06-13 21:33:51'),(53,'Palmdale',6,1,NULL,0,0,'published','2023-06-13 21:33:51','2023-06-13 21:33:51'),(54,'Fremont',6,1,NULL,0,0,'published','2023-06-13 21:33:51','2023-06-13 21:33:51'),(55,'South San Francisco',6,1,NULL,0,0,'published','2023-06-13 21:33:51','2023-06-13 21:33:51'),(56,'Redding',6,1,NULL,0,0,'published','2023-06-13 21:33:51','2023-06-13 21:33:51'),(57,'Fontana',6,1,NULL,0,0,'published','2023-06-13 21:33:51','2023-06-13 21:33:51'),(58,'Lancaster',6,1,NULL,0,0,'published','2023-06-13 21:33:51','2023-06-13 21:33:51'),(59,'Carlsbad',6,1,NULL,0,0,'published','2023-06-13 21:33:51','2023-06-13 21:33:51'),(60,'Vallejo',6,1,NULL,0,0,'published','2023-06-13 21:33:51','2023-06-13 21:33:51'),(61,'Bellflower',6,1,NULL,0,0,'published','2023-06-13 21:33:52','2023-06-13 21:33:52'),(62,'Menifee',6,1,NULL,0,0,'published','2023-06-13 21:33:52','2023-06-13 21:33:52'),(63,'Livermore',6,1,NULL,0,0,'published','2023-06-13 21:33:52','2023-06-13 21:33:52'),(64,'Hemet',6,1,NULL,0,0,'published','2023-06-13 21:33:52','2023-06-13 21:33:52'),(65,'Tracy',6,1,NULL,0,0,'published','2023-06-13 21:33:52','2023-06-13 21:33:52'),(66,'Camarillo',6,1,NULL,0,0,'published','2023-06-13 21:33:52','2023-06-13 21:33:52'),(67,'Bk',6,1,NULL,0,0,'published','2023-06-13 21:33:52','2023-06-13 21:33:52'),(68,'Vista',6,1,NULL,0,0,'published','2023-06-13 21:33:52','2023-06-13 21:33:52'),(69,'Garden Grove',6,1,NULL,0,0,'published','2023-06-13 21:33:52','2023-06-13 21:33:52'),(70,'Westminster',6,1,NULL,0,0,'published','2023-06-13 21:33:52','2023-06-13 21:33:52'),(71,'Irvine',6,1,NULL,0,0,'published','2023-06-13 21:33:52','2023-06-13 21:33:52'),(72,'Turlock',6,1,NULL,0,0,'published','2023-06-13 21:33:52','2023-06-13 21:33:52'),(73,'Riverside',6,1,NULL,0,0,'published','2023-06-13 21:33:52','2023-06-13 21:33:52'),(74,'Berkeley',6,1,NULL,0,0,'published','2023-06-13 21:33:52','2023-06-13 21:33:52'),(75,'Chino Hills',6,1,NULL,0,0,'published','2023-06-13 21:33:52','2023-06-13 21:33:52'),(76,'Clovis',6,1,NULL,0,0,'published','2023-06-13 21:33:52','2023-06-13 21:33:52'),(77,'Torrance',6,1,NULL,0,0,'published','2023-06-13 21:33:52','2023-06-13 21:33:52'),(78,'Corona',6,1,NULL,0,0,'published','2023-06-13 21:33:52','2023-06-13 21:33:52'),(79,'Fairfield',6,1,NULL,0,0,'published','2023-06-13 21:33:52','2023-06-13 21:33:52'),(80,'Downey',6,1,NULL,0,0,'published','2023-06-13 21:33:52','2023-06-13 21:33:52'),(81,'Temecula',6,1,NULL,0,0,'published','2023-06-13 21:33:52','2023-06-13 21:33:52'),(82,'Concord',6,1,NULL,0,0,'published','2023-06-13 21:33:52','2023-06-13 21:33:52'),(83,'Rancho Cordova',6,1,NULL,0,0,'published','2023-06-13 21:33:52','2023-06-13 21:33:52'),(84,'Merced',6,1,NULL,0,0,'published','2023-06-13 21:33:52','2023-06-13 21:33:52'),(85,'San Leandro',6,1,NULL,0,0,'published','2023-06-13 21:33:52','2023-06-13 21:33:52'),(86,'Vacaville',6,1,NULL,0,0,'published','2023-06-13 21:33:52','2023-06-13 21:33:52'),(87,'El Cajon',6,1,NULL,0,0,'published','2023-06-13 21:33:52','2023-06-13 21:33:52'),(88,'Alhambra',6,1,NULL,0,0,'published','2023-06-13 21:33:52','2023-06-13 21:33:52'),(89,'Carson',6,1,NULL,0,0,'published','2023-06-13 21:33:52','2023-06-13 21:33:52'),(90,'Citrus Heights',6,1,NULL,0,0,'published','2023-06-13 21:33:52','2023-06-13 21:33:52'),(91,'Fresno',6,1,NULL,0,0,'published','2023-06-13 21:33:52','2023-06-13 21:33:52'),(92,'San Bernardino',6,1,NULL,0,0,'published','2023-06-13 21:33:52','2023-06-13 21:33:52'),(93,'Redwood City',6,1,NULL,0,0,'published','2023-06-13 21:33:52','2023-06-13 21:33:52'),(94,'Upland',6,1,NULL,0,0,'published','2023-06-13 21:33:52','2023-06-13 21:33:52'),(95,'West Covina',6,1,NULL,0,0,'published','2023-06-13 21:33:52','2023-06-13 21:33:52'),(96,'Compton',6,1,NULL,0,0,'published','2023-06-13 21:33:52','2023-06-13 21:33:52'),(97,'Long Beach',6,1,NULL,0,0,'published','2023-06-13 21:33:52','2023-06-13 21:33:52'),(98,'San Diego',6,1,NULL,0,0,'published','2023-06-13 21:33:52','2023-06-13 21:33:52'),(99,'Hawthorne',6,1,NULL,0,0,'published','2023-06-13 21:33:52','2023-06-13 21:33:52'),(100,'Arden-Arcade',6,1,NULL,0,0,'published','2023-06-13 21:33:52','2023-06-13 21:33:52'),(101,'Santa Rosa',6,1,NULL,0,0,'published','2023-06-13 21:33:52','2023-06-13 21:33:52'),(102,'Elk Grove',6,1,NULL,0,0,'published','2023-06-13 21:33:52','2023-06-13 21:33:52'),(103,'Redondo Beach',6,1,NULL,0,0,'published','2023-06-13 21:33:52','2023-06-13 21:33:52'),(104,'Santa Clara',6,1,NULL,0,0,'published','2023-06-13 21:33:52','2023-06-13 21:33:52'),(105,'Milpitas',6,1,NULL,0,0,'published','2023-06-13 21:33:52','2023-06-13 21:33:52'),(106,'Alameda',6,1,NULL,0,0,'published','2023-06-13 21:33:52','2023-06-13 21:33:52'),(107,'South Gate',6,1,NULL,0,0,'published','2023-06-13 21:33:52','2023-06-13 21:33:52'),(108,'San Ramon',6,1,NULL,0,0,'published','2023-06-13 21:33:52','2023-06-13 21:33:52'),(109,'Folsom',6,1,NULL,0,0,'published','2023-06-13 21:33:52','2023-06-13 21:33:52'),(110,'Roseville',6,1,NULL,0,0,'published','2023-06-13 21:33:52','2023-06-13 21:33:52'),(111,'San Buenaventura',6,1,NULL,0,0,'published','2023-06-13 21:33:52','2023-06-13 21:33:52'),(112,'Tustin',6,1,NULL,0,0,'published','2023-06-13 21:33:52','2023-06-13 21:33:52'),(113,'Lynwood',6,1,NULL,0,0,'published','2023-06-13 21:33:52','2023-06-13 21:33:52'),(114,'Indio',6,1,NULL,0,0,'published','2023-06-13 21:33:52','2023-06-13 21:33:52'),(115,'San Francisco',6,1,NULL,0,0,'published','2023-06-13 21:33:52','2023-06-13 21:33:52'),(116,'San Clemente',6,1,NULL,0,0,'published','2023-06-13 21:33:52','2023-06-13 21:33:52'),(117,'Orange',6,1,NULL,0,0,'published','2023-06-13 21:33:52','2023-06-13 21:33:52'),(118,'Pleasanton',6,1,NULL,0,0,'published','2023-06-13 21:33:52','2023-06-13 21:33:52'),(119,'Thousand Oaks',6,1,NULL,0,0,'published','2023-06-13 21:33:52','2023-06-13 21:33:52'),(120,'Chico',6,1,NULL,0,0,'published','2023-06-13 21:33:52','2023-06-13 21:33:52'),(121,'Sacramento',6,1,NULL,0,0,'published','2023-06-13 21:33:52','2023-06-13 21:33:52'),(122,'Simi Valley',6,1,NULL,0,0,'published','2023-06-13 21:33:52','2023-06-13 21:33:52'),(123,'San Marcos',6,1,NULL,0,0,'published','2023-06-13 21:33:53','2023-06-13 21:33:53'),(124,'Escondido',6,1,NULL,0,0,'published','2023-06-13 21:33:53','2023-06-13 21:33:53'),(125,'Napa',6,1,NULL,0,0,'published','2023-06-13 21:33:53','2023-06-13 21:33:53'),(126,'Chula Vista',6,1,NULL,0,0,'published','2023-06-13 21:33:53','2023-06-13 21:33:53'),(127,'Salinas',6,1,NULL,0,0,'published','2023-06-13 21:33:53','2023-06-13 21:33:53'),(128,'Pasadena',6,1,NULL,0,0,'published','2023-06-13 21:33:53','2023-06-13 21:33:53'),(129,'Bakersfield',6,1,NULL,0,0,'published','2023-06-13 21:33:53','2023-06-13 21:33:53'),(130,'Santa Maria',6,1,NULL,0,0,'published','2023-06-13 21:33:53','2023-06-13 21:33:53'),(131,'Oxnard',6,1,NULL,0,0,'published','2023-06-13 21:33:53','2023-06-13 21:33:53'),(132,'Modesto',6,1,NULL,0,0,'published','2023-06-13 21:33:53','2023-06-13 21:33:53'),(133,'Baldwin Park',6,1,NULL,0,0,'published','2023-06-13 21:33:53','2023-06-13 21:33:53'),(134,'Hesperia',6,1,NULL,0,0,'published','2023-06-13 21:33:53','2023-06-13 21:33:53'),(135,'East Los Angeles',6,1,NULL,0,0,'published','2023-06-13 21:33:53','2023-06-13 21:33:53'),(136,'Whittier',6,1,NULL,0,0,'published','2023-06-13 21:33:53','2023-06-13 21:33:53'),(137,'Huntington Beach',6,1,NULL,0,0,'published','2023-06-13 21:33:53','2023-06-13 21:33:53'),(138,'Inglewood',6,1,NULL,0,0,'published','2023-06-13 21:33:53','2023-06-13 21:33:53'),(139,'San Jose',6,1,NULL,0,0,'published','2023-06-13 21:33:53','2023-06-13 21:33:53'),(140,'Perris',6,1,NULL,0,0,'published','2023-06-13 21:33:53','2023-06-13 21:33:53'),(141,'Visalia',6,1,NULL,0,0,'published','2023-06-13 21:33:53','2023-06-13 21:33:53'),(142,'Mission Viejo',6,1,NULL,0,0,'published','2023-06-13 21:33:53','2023-06-13 21:33:53'),(143,'Manteca',6,1,NULL,0,0,'published','2023-06-13 21:33:53','2023-06-13 21:33:53'),(144,'Florence-Graham',6,1,NULL,0,0,'published','2023-06-13 21:33:53','2023-06-13 21:33:53'),(145,'Rialto',6,1,NULL,0,0,'published','2023-06-13 21:33:53','2023-06-13 21:33:53'),(146,'San Mateo',6,1,NULL,0,0,'published','2023-06-13 21:33:53','2023-06-13 21:33:53'),(147,'Mountain View',6,1,NULL,0,0,'published','2023-06-13 21:33:53','2023-06-13 21:33:53'),(148,'Santa Clarita',6,1,NULL,0,0,'published','2023-06-13 21:33:53','2023-06-13 21:33:53'),(149,'Buena Park',6,1,NULL,0,0,'published','2023-06-13 21:33:53','2023-06-13 21:33:53'),(150,'Pittsburg',6,1,NULL,0,0,'published','2023-06-13 21:33:53','2023-06-13 21:33:53'),(151,'Oceanside',6,1,NULL,0,0,'published','2023-06-13 21:33:53','2023-06-13 21:33:53'),(152,'Rancho Cucamonga',6,1,NULL,0,0,'published','2023-06-13 21:33:53','2023-06-13 21:33:53'),(153,'Yorba Linda',6,1,NULL,0,0,'published','2023-06-13 21:33:53','2023-06-13 21:33:53'),(154,'Hayward',6,1,NULL,0,0,'published','2023-06-13 21:33:53','2023-06-13 21:33:53'),(155,'Laguna Niguel',6,1,NULL,0,0,'published','2023-06-13 21:33:53','2023-06-13 21:33:53'),(156,'Palo Alto',6,1,NULL,0,0,'published','2023-06-13 21:33:53','2023-06-13 21:33:53'),(157,'Yuba City',6,1,NULL,0,0,'published','2023-06-13 21:33:53','2023-06-13 21:33:53'),(158,'El Monte',6,1,NULL,0,0,'published','2023-06-13 21:33:53','2023-06-13 21:33:53'),(159,'Stockton',6,1,NULL,0,0,'published','2023-06-13 21:33:53','2023-06-13 21:33:53'),(160,'Ontario',6,1,NULL,0,0,'published','2023-06-13 21:33:53','2023-06-13 21:33:53'),(161,'Santa Monica',6,1,NULL,0,0,'published','2023-06-13 21:33:53','2023-06-13 21:33:53'),(162,'Pomona',6,1,NULL,0,0,'published','2023-06-13 21:33:53','2023-06-13 21:33:53'),(163,'Walnut Creek',6,1,NULL,0,0,'published','2023-06-13 21:33:53','2023-06-13 21:33:53'),(164,'Lakewood',7,1,NULL,0,0,'published','2023-06-13 21:33:53','2023-06-13 21:33:53'),(165,'Boulder',7,1,NULL,0,0,'published','2023-06-13 21:33:53','2023-06-13 21:33:53'),(166,'Fort Collins',7,1,NULL,0,0,'published','2023-06-13 21:33:53','2023-06-13 21:33:53'),(167,'Aurora',7,1,NULL,0,0,'published','2023-06-13 21:33:53','2023-06-13 21:33:53'),(168,'Loveland',7,1,NULL,0,0,'published','2023-06-13 21:33:53','2023-06-13 21:33:53'),(169,'Colorado Springs',7,1,NULL,0,0,'published','2023-06-13 21:33:53','2023-06-13 21:33:53'),(170,'Longmont',7,1,NULL,0,0,'published','2023-06-13 21:33:53','2023-06-13 21:33:53'),(171,'Centennial',7,1,NULL,0,0,'published','2023-06-13 21:33:53','2023-06-13 21:33:53'),(172,'Arvada',7,1,NULL,0,0,'published','2023-06-13 21:33:53','2023-06-13 21:33:53'),(173,'Thornton',7,1,NULL,0,0,'published','2023-06-13 21:33:53','2023-06-13 21:33:53'),(174,'Greeley',7,1,NULL,0,0,'published','2023-06-13 21:33:53','2023-06-13 21:33:53'),(175,'Pueblo',7,1,NULL,0,0,'published','2023-06-13 21:33:53','2023-06-13 21:33:53'),(176,'Highlands Ranch',7,1,NULL,0,0,'published','2023-06-13 21:33:53','2023-06-13 21:33:53'),(177,'Denver',7,1,NULL,0,0,'published','2023-06-13 21:33:53','2023-06-13 21:33:53'),(178,'Broomfield',7,1,NULL,0,0,'published','2023-06-13 21:33:54','2023-06-13 21:33:54'),(179,'Waterbury',8,1,NULL,0,0,'published','2023-06-13 21:33:54','2023-06-13 21:33:54'),(180,'New Haven',8,1,NULL,0,0,'published','2023-06-13 21:33:54','2023-06-13 21:33:54'),(181,'Norwalk',8,1,NULL,0,0,'published','2023-06-13 21:33:54','2023-06-13 21:33:54'),(182,'New Britain',8,1,NULL,0,0,'published','2023-06-13 21:33:54','2023-06-13 21:33:54'),(183,'Hartford',8,1,NULL,0,0,'published','2023-06-13 21:33:54','2023-06-13 21:33:54'),(184,'Stamford',8,1,NULL,0,0,'published','2023-06-13 21:33:54','2023-06-13 21:33:54'),(185,'Bridgeport',8,1,NULL,0,0,'published','2023-06-13 21:33:54','2023-06-13 21:33:54'),(186,'Danbury',8,1,NULL,0,0,'published','2023-06-13 21:33:54','2023-06-13 21:33:54'),(187,'Wilmington',9,1,NULL,0,0,'published','2023-06-13 21:33:54','2023-06-13 21:33:54'),(188,'Washington',10,1,NULL,0,0,'published','2023-06-13 21:33:54','2023-06-13 21:33:54'),(189,'Largo',12,1,NULL,0,0,'published','2023-06-13 21:33:54','2023-06-13 21:33:54'),(190,'Palm Coast',12,1,NULL,0,0,'published','2023-06-13 21:33:54','2023-06-13 21:33:54'),(191,'Poinciana',12,1,NULL,0,0,'published','2023-06-13 21:33:54','2023-06-13 21:33:54'),(192,'Lehigh Acres',12,1,NULL,0,0,'published','2023-06-13 21:33:54','2023-06-13 21:33:54'),(193,'Boca Raton',12,1,NULL,0,0,'published','2023-06-13 21:33:54','2023-06-13 21:33:54'),(194,'Lakeland',12,1,NULL,0,0,'published','2023-06-13 21:33:54','2023-06-13 21:33:54'),(195,'West Palm Beach',12,1,NULL,0,0,'published','2023-06-13 21:33:54','2023-06-13 21:33:54'),(196,'Coral Springs',12,1,NULL,0,0,'published','2023-06-13 21:33:54','2023-06-13 21:33:54'),(197,'Fort Lauderdale',12,1,NULL,0,0,'published','2023-06-13 21:33:54','2023-06-13 21:33:54'),(198,'Jacksonville',12,1,NULL,0,0,'published','2023-06-13 21:33:54','2023-06-13 21:33:54'),(199,'Weston',12,1,NULL,0,0,'published','2023-06-13 21:33:54','2023-06-13 21:33:54'),(200,'Town \'n\' Country',12,1,NULL,0,0,'published','2023-06-13 21:33:54','2023-06-13 21:33:54'),(201,'Riverview',12,1,NULL,0,0,'published','2023-06-13 21:33:54','2023-06-13 21:33:54'),(202,'Kendall',12,1,NULL,0,0,'published','2023-06-13 21:33:54','2023-06-13 21:33:54'),(203,'Alafaya',12,1,NULL,0,0,'published','2023-06-13 21:33:54','2023-06-13 21:33:54'),(204,'Palm Bay',12,1,NULL,0,0,'published','2023-06-13 21:33:54','2023-06-13 21:33:54'),(205,'Cape Coral',12,1,NULL,0,0,'published','2023-06-13 21:33:54','2023-06-13 21:33:54'),(206,'Saint Petersburg',12,1,NULL,0,0,'published','2023-06-13 21:33:54','2023-06-13 21:33:54'),(207,'Tampa',12,1,NULL,0,0,'published','2023-06-13 21:33:54','2023-06-13 21:33:54'),(208,'Pembroke Pines',12,1,NULL,0,0,'published','2023-06-13 21:33:54','2023-06-13 21:33:54'),(209,'Pine Hills',12,1,NULL,0,0,'published','2023-06-13 21:33:54','2023-06-13 21:33:54'),(210,'Pompano Beach',12,1,NULL,0,0,'published','2023-06-13 21:33:54','2023-06-13 21:33:54'),(211,'Davie',12,1,NULL,0,0,'published','2023-06-13 21:33:54','2023-06-13 21:33:54'),(212,'Sunrise',12,1,NULL,0,0,'published','2023-06-13 21:33:54','2023-06-13 21:33:54'),(213,'Kissimmee',12,1,NULL,0,0,'published','2023-06-13 21:33:54','2023-06-13 21:33:54'),(214,'Clearwater',12,1,NULL,0,0,'published','2023-06-13 21:33:54','2023-06-13 21:33:54'),(215,'Hollywood',12,1,NULL,0,0,'published','2023-06-13 21:33:54','2023-06-13 21:33:54'),(216,'Port Saint Lucie',12,1,NULL,0,0,'published','2023-06-13 21:33:54','2023-06-13 21:33:54'),(217,'Miramar',12,1,NULL,0,0,'published','2023-06-13 21:33:54','2023-06-13 21:33:54'),(218,'Miami Gardens',12,1,NULL,0,0,'published','2023-06-13 21:33:54','2023-06-13 21:33:54'),(219,'Boynton Beach',12,1,NULL,0,0,'published','2023-06-13 21:33:54','2023-06-13 21:33:54'),(220,'Deerfield Beach',12,1,NULL,0,0,'published','2023-06-13 21:33:54','2023-06-13 21:33:54'),(221,'Miami',12,1,NULL,0,0,'published','2023-06-13 21:33:54','2023-06-13 21:33:54'),(222,'Plantation',12,1,NULL,0,0,'published','2023-06-13 21:33:54','2023-06-13 21:33:54'),(223,'Gainesville',12,1,NULL,0,0,'published','2023-06-13 21:33:54','2023-06-13 21:33:54'),(224,'Miami Beach',12,1,NULL,0,0,'published','2023-06-13 21:33:54','2023-06-13 21:33:54'),(225,'Hialeah',12,1,NULL,0,0,'published','2023-06-13 21:33:54','2023-06-13 21:33:54'),(226,'The Villages',12,1,NULL,0,0,'published','2023-06-13 21:33:54','2023-06-13 21:33:54'),(227,'Deltona',12,1,NULL,0,0,'published','2023-06-13 21:33:54','2023-06-13 21:33:54'),(228,'Homestead',12,1,NULL,0,0,'published','2023-06-13 21:33:54','2023-06-13 21:33:54'),(229,'Tallahassee',12,1,NULL,0,0,'published','2023-06-13 21:33:54','2023-06-13 21:33:54'),(230,'Lauderhill',12,1,NULL,0,0,'published','2023-06-13 21:33:54','2023-06-13 21:33:54'),(231,'Delray Beach',12,1,NULL,0,0,'published','2023-06-13 21:33:54','2023-06-13 21:33:54'),(232,'Melbourne',12,1,NULL,0,0,'published','2023-06-13 21:33:54','2023-06-13 21:33:54'),(233,'Brandon',12,1,NULL,0,0,'published','2023-06-13 21:33:54','2023-06-13 21:33:54'),(234,'Spring Hill',12,1,NULL,0,0,'published','2023-06-13 21:33:54','2023-06-13 21:33:54'),(235,'Orlando',12,1,NULL,0,0,'published','2023-06-13 21:33:54','2023-06-13 21:33:54'),(236,'Fort Myers',12,1,NULL,0,0,'published','2023-06-13 21:33:54','2023-06-13 21:33:54'),(237,'Sandy Springs',13,1,NULL,0,0,'published','2023-06-13 21:33:54','2023-06-13 21:33:54'),(238,'Columbus',13,1,NULL,0,0,'published','2023-06-13 21:33:55','2023-06-13 21:33:55'),(239,'Albany',13,1,NULL,0,0,'published','2023-06-13 21:33:55','2023-06-13 21:33:55'),(240,'Augusta-Richmond County consolidated government',13,1,NULL,0,0,'published','2023-06-13 21:33:55','2023-06-13 21:33:55'),(241,'Savannah',13,1,NULL,0,0,'published','2023-06-13 21:33:55','2023-06-13 21:33:55'),(242,'Atlanta',13,1,NULL,0,0,'published','2023-06-13 21:33:55','2023-06-13 21:33:55'),(243,'Roswell',13,1,NULL,0,0,'published','2023-06-13 21:33:55','2023-06-13 21:33:55'),(244,'Johns Creek',13,1,NULL,0,0,'published','2023-06-13 21:33:55','2023-06-13 21:33:55'),(245,'Macon',13,1,NULL,0,0,'published','2023-06-13 21:33:55','2023-06-13 21:33:55'),(246,'Athens-Clarke County unified government',13,1,NULL,0,0,'published','2023-06-13 21:33:55','2023-06-13 21:33:55'),(247,'Warner Robins',13,1,NULL,0,0,'published','2023-06-13 21:33:55','2023-06-13 21:33:55'),(248,'Urban Honolulu',15,1,NULL,0,0,'published','2023-06-13 21:33:55','2023-06-13 21:33:55'),(249,'Boise',16,1,NULL,0,0,'published','2023-06-13 21:33:55','2023-06-13 21:33:55'),(250,'Nampa',16,1,NULL,0,0,'published','2023-06-13 21:33:55','2023-06-13 21:33:55'),(251,'Meridian',16,1,NULL,0,0,'published','2023-06-13 21:33:55','2023-06-13 21:33:55'),(252,'Peoria',17,1,NULL,0,0,'published','2023-06-13 21:33:55','2023-06-13 21:33:55'),(253,'Springfield',17,1,NULL,0,0,'published','2023-06-13 21:33:55','2023-06-13 21:33:55'),(254,'Evanston',17,1,NULL,0,0,'published','2023-06-13 21:33:55','2023-06-13 21:33:55'),(255,'Decatur',17,1,NULL,0,0,'published','2023-06-13 21:33:55','2023-06-13 21:33:55'),(256,'Joliet',17,1,NULL,0,0,'published','2023-06-13 21:33:55','2023-06-13 21:33:55'),(257,'Bloomington',17,1,NULL,0,0,'published','2023-06-13 21:33:55','2023-06-13 21:33:55'),(258,'Bolingbrook',17,1,NULL,0,0,'published','2023-06-13 21:33:55','2023-06-13 21:33:55'),(259,'Chicago',17,1,NULL,0,0,'published','2023-06-13 21:33:55','2023-06-13 21:33:55'),(260,'Schaumburg',17,1,NULL,0,0,'published','2023-06-13 21:33:55','2023-06-13 21:33:55'),(261,'Cicero',17,1,NULL,0,0,'published','2023-06-13 21:33:55','2023-06-13 21:33:55'),(262,'Elgin',17,1,NULL,0,0,'published','2023-06-13 21:33:55','2023-06-13 21:33:55'),(263,'Arlington Heights',17,1,NULL,0,0,'published','2023-06-13 21:33:55','2023-06-13 21:33:55'),(264,'Waukegan',17,1,NULL,0,0,'published','2023-06-13 21:33:55','2023-06-13 21:33:55'),(265,'Skokie',17,1,NULL,0,0,'published','2023-06-13 21:33:55','2023-06-13 21:33:55'),(266,'Champaign',17,1,NULL,0,0,'published','2023-06-13 21:33:55','2023-06-13 21:33:55'),(267,'Naperville',17,1,NULL,0,0,'published','2023-06-13 21:33:55','2023-06-13 21:33:55'),(268,'Rockford',17,1,NULL,0,0,'published','2023-06-13 21:33:55','2023-06-13 21:33:55'),(269,'Palatine',17,1,NULL,0,0,'published','2023-06-13 21:33:55','2023-06-13 21:33:55'),(270,'Fort Wayne',18,1,NULL,0,0,'published','2023-06-13 21:33:55','2023-06-13 21:33:55'),(271,'Evansville',18,1,NULL,0,0,'published','2023-06-13 21:33:55','2023-06-13 21:33:55'),(272,'Lafayette',18,1,NULL,0,0,'published','2023-06-13 21:33:55','2023-06-13 21:33:55'),(273,'Hammond',18,1,NULL,0,0,'published','2023-06-13 21:33:55','2023-06-13 21:33:55'),(274,'Gary',18,1,NULL,0,0,'published','2023-06-13 21:33:55','2023-06-13 21:33:55'),(275,'Fishers',18,1,NULL,0,0,'published','2023-06-13 21:33:55','2023-06-13 21:33:55'),(276,'Carmel',18,1,NULL,0,0,'published','2023-06-13 21:33:55','2023-06-13 21:33:55'),(277,'Indianapolis',18,1,NULL,0,0,'published','2023-06-13 21:33:55','2023-06-13 21:33:55'),(278,'Muncie',18,1,NULL,0,0,'published','2023-06-13 21:33:55','2023-06-13 21:33:55'),(279,'South Bend',18,1,NULL,0,0,'published','2023-06-13 21:33:55','2023-06-13 21:33:55'),(280,'Iowa City',19,1,NULL,0,0,'published','2023-06-13 21:33:55','2023-06-13 21:33:55'),(281,'Cedar Rapids',19,1,NULL,0,0,'published','2023-06-13 21:33:55','2023-06-13 21:33:55'),(282,'Waterloo',19,1,NULL,0,0,'published','2023-06-13 21:33:55','2023-06-13 21:33:55'),(283,'Des Moines',19,1,NULL,0,0,'published','2023-06-13 21:33:55','2023-06-13 21:33:55'),(284,'Ames',19,1,NULL,0,0,'published','2023-06-13 21:33:55','2023-06-13 21:33:55'),(285,'Davenport',19,1,NULL,0,0,'published','2023-06-13 21:33:55','2023-06-13 21:33:55'),(286,'Sioux City',19,1,NULL,0,0,'published','2023-06-13 21:33:55','2023-06-13 21:33:55'),(287,'Shawnee',20,1,NULL,0,0,'published','2023-06-13 21:33:55','2023-06-13 21:33:55'),(288,'Olathe',20,1,NULL,0,0,'published','2023-06-13 21:33:55','2023-06-13 21:33:55'),(289,'Wichita',20,1,NULL,0,0,'published','2023-06-13 21:33:55','2023-06-13 21:33:55'),(290,'Topeka',20,1,NULL,0,0,'published','2023-06-13 21:33:55','2023-06-13 21:33:55'),(291,'Overland Park',20,1,NULL,0,0,'published','2023-06-13 21:33:55','2023-06-13 21:33:55'),(292,'Lexington-Fayette  county',21,1,NULL,0,0,'published','2023-06-13 21:33:55','2023-06-13 21:33:55'),(293,'Louisville/Jefferson County metro government',21,1,NULL,0,0,'published','2023-06-13 21:33:55','2023-06-13 21:33:55'),(294,'Shreveport',22,1,NULL,0,0,'published','2023-06-13 21:33:55','2023-06-13 21:33:55'),(295,'Metairie',22,1,NULL,0,0,'published','2023-06-13 21:33:55','2023-06-13 21:33:55'),(296,'Kenner',22,1,NULL,0,0,'published','2023-06-13 21:33:55','2023-06-13 21:33:55'),(297,'Baton Rouge',22,1,NULL,0,0,'published','2023-06-13 21:33:55','2023-06-13 21:33:55'),(298,'Bossier City',22,1,NULL,0,0,'published','2023-06-13 21:33:55','2023-06-13 21:33:55'),(299,'Lake Charles',22,1,NULL,0,0,'published','2023-06-13 21:33:56','2023-06-13 21:33:56'),(300,'New Orleans',22,1,NULL,0,0,'published','2023-06-13 21:33:56','2023-06-13 21:33:56'),(301,'German',25,1,NULL,0,0,'published','2023-06-13 21:33:56','2023-06-13 21:33:56'),(302,'Waldorf',25,1,NULL,0,0,'published','2023-06-13 21:33:56','2023-06-13 21:33:56'),(303,'Frederick',25,1,NULL,0,0,'published','2023-06-13 21:33:56','2023-06-13 21:33:56'),(304,'Baltimore',25,1,NULL,0,0,'published','2023-06-13 21:33:56','2023-06-13 21:33:56'),(305,'Ellicott City',25,1,NULL,0,0,'published','2023-06-13 21:33:56','2023-06-13 21:33:56'),(306,'Gaithersburg',25,1,NULL,0,0,'published','2023-06-13 21:33:56','2023-06-13 21:33:56'),(307,'Silver Spring',25,1,NULL,0,0,'published','2023-06-13 21:33:56','2023-06-13 21:33:56'),(308,'Glen Burnie',25,1,NULL,0,0,'published','2023-06-13 21:33:56','2023-06-13 21:33:56'),(309,'Rockville',25,1,NULL,0,0,'published','2023-06-13 21:33:56','2023-06-13 21:33:56'),(310,'Quincy',26,1,NULL,0,0,'published','2023-06-13 21:33:56','2023-06-13 21:33:56'),(311,'Brockton',26,1,NULL,0,0,'published','2023-06-13 21:33:56','2023-06-13 21:33:56'),(312,'Boston',26,1,NULL,0,0,'published','2023-06-13 21:33:56','2023-06-13 21:33:56'),(313,'Lawrence',26,1,NULL,0,0,'published','2023-06-13 21:33:56','2023-06-13 21:33:56'),(314,'Worcester',26,1,NULL,0,0,'published','2023-06-13 21:33:56','2023-06-13 21:33:56'),(315,'Newton',26,1,NULL,0,0,'published','2023-06-13 21:33:56','2023-06-13 21:33:56'),(316,'Lynn',26,1,NULL,0,0,'published','2023-06-13 21:33:56','2023-06-13 21:33:56'),(317,'Cambridge',26,1,NULL,0,0,'published','2023-06-13 21:33:56','2023-06-13 21:33:56'),(318,'Lowell',26,1,NULL,0,0,'published','2023-06-13 21:33:56','2023-06-13 21:33:56'),(319,'Somerville',26,1,NULL,0,0,'published','2023-06-13 21:33:56','2023-06-13 21:33:56'),(320,'Framingham',26,1,NULL,0,0,'published','2023-06-13 21:33:56','2023-06-13 21:33:56'),(321,'New Bedford',26,1,NULL,0,0,'published','2023-06-13 21:33:56','2023-06-13 21:33:56'),(322,'Fall River',26,1,NULL,0,0,'published','2023-06-13 21:33:56','2023-06-13 21:33:56'),(323,'Flint',27,1,NULL,0,0,'published','2023-06-13 21:33:56','2023-06-13 21:33:56'),(324,'Kalamazoo',27,1,NULL,0,0,'published','2023-06-13 21:33:56','2023-06-13 21:33:56'),(325,'Westland',27,1,NULL,0,0,'published','2023-06-13 21:33:56','2023-06-13 21:33:56'),(326,'Troy',27,1,NULL,0,0,'published','2023-06-13 21:33:56','2023-06-13 21:33:56'),(327,'Wyoming',27,1,NULL,0,0,'published','2023-06-13 21:33:56','2023-06-13 21:33:56'),(328,'Lansing',27,1,NULL,0,0,'published','2023-06-13 21:33:56','2023-06-13 21:33:56'),(329,'Southfield',27,1,NULL,0,0,'published','2023-06-13 21:33:56','2023-06-13 21:33:56'),(330,'Livonia',27,1,NULL,0,0,'published','2023-06-13 21:33:56','2023-06-13 21:33:56'),(331,'Dearborn',27,1,NULL,0,0,'published','2023-06-13 21:33:56','2023-06-13 21:33:56'),(332,'Grand Rapids',27,1,NULL,0,0,'published','2023-06-13 21:33:56','2023-06-13 21:33:56'),(333,'Rochester Hills',27,1,NULL,0,0,'published','2023-06-13 21:33:56','2023-06-13 21:33:56'),(334,'Farmington Hills',27,1,NULL,0,0,'published','2023-06-13 21:33:56','2023-06-13 21:33:56'),(335,'Sterling Heights',27,1,NULL,0,0,'published','2023-06-13 21:33:56','2023-06-13 21:33:56'),(336,'Ann Arbor',27,1,NULL,0,0,'published','2023-06-13 21:33:56','2023-06-13 21:33:56'),(337,'Detroit',27,1,NULL,0,0,'published','2023-06-13 21:33:56','2023-06-13 21:33:56'),(338,'Warren',27,1,NULL,0,0,'published','2023-06-13 21:33:56','2023-06-13 21:33:56'),(339,'Eagan',28,1,NULL,0,0,'published','2023-06-13 21:33:56','2023-06-13 21:33:56'),(340,'Woodbury',28,1,NULL,0,0,'published','2023-06-13 21:33:56','2023-06-13 21:33:56'),(341,'Saint Cloud',28,1,NULL,0,0,'published','2023-06-13 21:33:56','2023-06-13 21:33:56'),(342,'Duluth',28,1,NULL,0,0,'published','2023-06-13 21:33:56','2023-06-13 21:33:56'),(343,'Saint Paul',28,1,NULL,0,0,'published','2023-06-13 21:33:56','2023-06-13 21:33:56'),(344,'Maple Grove',28,1,NULL,0,0,'published','2023-06-13 21:33:56','2023-06-13 21:33:56'),(345,'Brooklyn Park',28,1,NULL,0,0,'published','2023-06-13 21:33:56','2023-06-13 21:33:56'),(346,'Plymouth',28,1,NULL,0,0,'published','2023-06-13 21:33:56','2023-06-13 21:33:56'),(347,'Minneapolis',28,1,NULL,0,0,'published','2023-06-13 21:33:56','2023-06-13 21:33:56'),(348,'Jackson',29,1,NULL,0,0,'published','2023-06-13 21:33:56','2023-06-13 21:33:56'),(349,'Gulfport',29,1,NULL,0,0,'published','2023-06-13 21:33:56','2023-06-13 21:33:56'),(350,'O\'Fallon',30,1,NULL,0,0,'published','2023-06-13 21:33:56','2023-06-13 21:33:56'),(351,'Columbia',30,1,NULL,0,0,'published','2023-06-13 21:33:56','2023-06-13 21:33:56'),(352,'Saint Louis',30,1,NULL,0,0,'published','2023-06-13 21:33:56','2023-06-13 21:33:56'),(353,'Lee\'s Summit',30,1,NULL,0,0,'published','2023-06-13 21:33:56','2023-06-13 21:33:56'),(354,'Independence',30,1,NULL,0,0,'published','2023-06-13 21:33:56','2023-06-13 21:33:56'),(355,'Kansas City',30,1,NULL,0,0,'published','2023-06-13 21:33:56','2023-06-13 21:33:56'),(356,'Saint Joseph',30,1,NULL,0,0,'published','2023-06-13 21:33:56','2023-06-13 21:33:56'),(357,'Saint Charles',30,1,NULL,0,0,'published','2023-06-13 21:33:57','2023-06-13 21:33:57'),(358,'Billings',31,1,NULL,0,0,'published','2023-06-13 21:33:57','2023-06-13 21:33:57'),(359,'Missoula',31,1,NULL,0,0,'published','2023-06-13 21:33:57','2023-06-13 21:33:57'),(360,'Lincoln',32,1,NULL,0,0,'published','2023-06-13 21:33:57','2023-06-13 21:33:57'),(361,'Omaha',32,1,NULL,0,0,'published','2023-06-13 21:33:57','2023-06-13 21:33:57'),(362,'Henderson',33,1,NULL,0,0,'published','2023-06-13 21:33:57','2023-06-13 21:33:57'),(363,'Reno',33,1,NULL,0,0,'published','2023-06-13 21:33:57','2023-06-13 21:33:57'),(364,'North Las Vegas',33,1,NULL,0,0,'published','2023-06-13 21:33:57','2023-06-13 21:33:57'),(365,'Las Vegas',33,1,NULL,0,0,'published','2023-06-13 21:33:57','2023-06-13 21:33:57'),(366,'Paradise',33,1,NULL,0,0,'published','2023-06-13 21:33:57','2023-06-13 21:33:57'),(367,'Sunrise Manor',33,1,NULL,0,0,'published','2023-06-13 21:33:57','2023-06-13 21:33:57'),(368,'Sparks',33,1,NULL,0,0,'published','2023-06-13 21:33:57','2023-06-13 21:33:57'),(369,'Spring Valley',33,1,NULL,0,0,'published','2023-06-13 21:33:57','2023-06-13 21:33:57'),(370,'Enterprise',33,1,NULL,0,0,'published','2023-06-13 21:33:57','2023-06-13 21:33:57'),(371,'Manchester',34,1,NULL,0,0,'published','2023-06-13 21:33:57','2023-06-13 21:33:57'),(372,'Nashua',34,1,NULL,0,0,'published','2023-06-13 21:33:57','2023-06-13 21:33:57'),(373,'Newark',35,1,NULL,0,0,'published','2023-06-13 21:33:57','2023-06-13 21:33:57'),(374,'Elizabeth',35,1,NULL,0,0,'published','2023-06-13 21:33:57','2023-06-13 21:33:57'),(375,'Bayonne',35,1,NULL,0,0,'published','2023-06-13 21:33:57','2023-06-13 21:33:57'),(376,'Toms River',35,1,NULL,0,0,'published','2023-06-13 21:33:57','2023-06-13 21:33:57'),(377,'Camden',35,1,NULL,0,0,'published','2023-06-13 21:33:57','2023-06-13 21:33:57'),(378,'Paterson',35,1,NULL,0,0,'published','2023-06-13 21:33:57','2023-06-13 21:33:57'),(379,'Jersey City',35,1,NULL,0,0,'published','2023-06-13 21:33:57','2023-06-13 21:33:57'),(380,'Trenton',35,1,NULL,0,0,'published','2023-06-13 21:33:57','2023-06-13 21:33:57'),(381,'Passaic',35,1,NULL,0,0,'published','2023-06-13 21:33:57','2023-06-13 21:33:57'),(382,'East Orange',35,1,NULL,0,0,'published','2023-06-13 21:33:57','2023-06-13 21:33:57'),(383,'Clifton',35,1,NULL,0,0,'published','2023-06-13 21:33:57','2023-06-13 21:33:57'),(384,'Albuquerque',36,1,NULL,0,0,'published','2023-06-13 21:33:57','2023-06-13 21:33:57'),(385,'Santa Fe',36,1,NULL,0,0,'published','2023-06-13 21:33:57','2023-06-13 21:33:57'),(386,'Rio Rancho',36,1,NULL,0,0,'published','2023-06-13 21:33:57','2023-06-13 21:33:57'),(387,'Las Cruces',36,1,NULL,0,0,'published','2023-06-13 21:33:57','2023-06-13 21:33:57'),(388,'Brentwood',37,1,NULL,0,0,'published','2023-06-13 21:33:57','2023-06-13 21:33:57'),(389,'Rochester',37,1,NULL,0,0,'published','2023-06-13 21:33:57','2023-06-13 21:33:57'),(390,'Buffalo',37,1,NULL,0,0,'published','2023-06-13 21:33:57','2023-06-13 21:33:57'),(391,'Yonkers',37,1,NULL,0,0,'published','2023-06-13 21:33:57','2023-06-13 21:33:57'),(392,'Schenectady',37,1,NULL,0,0,'published','2023-06-13 21:33:57','2023-06-13 21:33:57'),(393,'Cheektowaga',37,1,NULL,0,0,'published','2023-06-13 21:33:57','2023-06-13 21:33:57'),(394,'Mount Vernon',37,1,NULL,0,0,'published','2023-06-13 21:33:57','2023-06-13 21:33:57'),(395,'New York',37,1,NULL,0,0,'published','2023-06-13 21:33:57','2023-06-13 21:33:57'),(396,'Syracuse',37,1,NULL,0,0,'published','2023-06-13 21:33:57','2023-06-13 21:33:57'),(397,'New Rochelle',37,1,NULL,0,0,'published','2023-06-13 21:33:57','2023-06-13 21:33:57'),(398,'Asheville',38,1,NULL,0,0,'published','2023-06-13 21:33:57','2023-06-13 21:33:57'),(399,'Greensboro',38,1,NULL,0,0,'published','2023-06-13 21:33:57','2023-06-13 21:33:57'),(400,'Cary',38,1,NULL,0,0,'published','2023-06-13 21:33:57','2023-06-13 21:33:57'),(401,'High Point',38,1,NULL,0,0,'published','2023-06-13 21:33:57','2023-06-13 21:33:57'),(402,'Raleigh',38,1,NULL,0,0,'published','2023-06-13 21:33:57','2023-06-13 21:33:57'),(403,'Charlotte',38,1,NULL,0,0,'published','2023-06-13 21:33:57','2023-06-13 21:33:57'),(404,'Durham',38,1,NULL,0,0,'published','2023-06-13 21:33:57','2023-06-13 21:33:57'),(405,'Winston-Salem',38,1,NULL,0,0,'published','2023-06-13 21:33:57','2023-06-13 21:33:57'),(406,'Gastonia',38,1,NULL,0,0,'published','2023-06-13 21:33:57','2023-06-13 21:33:57'),(407,'Greenville',38,1,NULL,0,0,'published','2023-06-13 21:33:57','2023-06-13 21:33:57'),(408,'Fargo',39,1,NULL,0,0,'published','2023-06-13 21:33:57','2023-06-13 21:33:57'),(409,'Bismarck',39,1,NULL,0,0,'published','2023-06-13 21:33:57','2023-06-13 21:33:57'),(410,'Youngs',41,1,NULL,0,0,'published','2023-06-13 21:33:57','2023-06-13 21:33:57'),(411,'Lorain',41,1,NULL,0,0,'published','2023-06-13 21:33:57','2023-06-13 21:33:57'),(412,'Parma',41,1,NULL,0,0,'published','2023-06-13 21:33:57','2023-06-13 21:33:57'),(413,'Cleveland',41,1,NULL,0,0,'published','2023-06-13 21:33:58','2023-06-13 21:33:58'),(414,'Cincinnati',41,1,NULL,0,0,'published','2023-06-13 21:33:58','2023-06-13 21:33:58'),(415,'Toledo',41,1,NULL,0,0,'published','2023-06-13 21:33:58','2023-06-13 21:33:58'),(416,'Akron',41,1,NULL,0,0,'published','2023-06-13 21:33:58','2023-06-13 21:33:58'),(417,'Canton',41,1,NULL,0,0,'published','2023-06-13 21:33:58','2023-06-13 21:33:58'),(418,'Dayton',41,1,NULL,0,0,'published','2023-06-13 21:33:58','2023-06-13 21:33:58'),(419,'Norman',42,1,NULL,0,0,'published','2023-06-13 21:33:58','2023-06-13 21:33:58'),(420,'Lawton',42,1,NULL,0,0,'published','2023-06-13 21:33:58','2023-06-13 21:33:58'),(421,'Edmond',42,1,NULL,0,0,'published','2023-06-13 21:33:58','2023-06-13 21:33:58'),(422,'Broken Arrow',42,1,NULL,0,0,'published','2023-06-13 21:33:58','2023-06-13 21:33:58'),(423,'Tulsa',42,1,NULL,0,0,'published','2023-06-13 21:33:58','2023-06-13 21:33:58'),(424,'Oklahoma City',42,1,NULL,0,0,'published','2023-06-13 21:33:58','2023-06-13 21:33:58'),(425,'Gresham',43,1,NULL,0,0,'published','2023-06-13 21:33:58','2023-06-13 21:33:58'),(426,'Bend',43,1,NULL,0,0,'published','2023-06-13 21:33:58','2023-06-13 21:33:58'),(427,'Portland',43,1,NULL,0,0,'published','2023-06-13 21:33:58','2023-06-13 21:33:58'),(428,'Beaverton',43,1,NULL,0,0,'published','2023-06-13 21:33:58','2023-06-13 21:33:58'),(429,'Medford',43,1,NULL,0,0,'published','2023-06-13 21:33:58','2023-06-13 21:33:58'),(430,'Hillsboro',43,1,NULL,0,0,'published','2023-06-13 21:33:58','2023-06-13 21:33:58'),(431,'Eugene',43,1,NULL,0,0,'published','2023-06-13 21:33:58','2023-06-13 21:33:58'),(432,'Salem',43,1,NULL,0,0,'published','2023-06-13 21:33:58','2023-06-13 21:33:58'),(433,'Scranton',45,1,NULL,0,0,'published','2023-06-13 21:33:58','2023-06-13 21:33:58'),(434,'Reading',45,1,NULL,0,0,'published','2023-06-13 21:33:58','2023-06-13 21:33:58'),(435,'Erie',45,1,NULL,0,0,'published','2023-06-13 21:33:58','2023-06-13 21:33:58'),(436,'Pittsburgh',45,1,NULL,0,0,'published','2023-06-13 21:33:58','2023-06-13 21:33:58'),(437,'Allen',45,1,NULL,0,0,'published','2023-06-13 21:33:58','2023-06-13 21:33:58'),(438,'Philadelphia',45,1,NULL,0,0,'published','2023-06-13 21:33:58','2023-06-13 21:33:58'),(439,'Bethlehem',45,1,NULL,0,0,'published','2023-06-13 21:33:58','2023-06-13 21:33:58'),(440,'Guaynabo',46,1,NULL,0,0,'published','2023-06-13 21:33:58','2023-06-13 21:33:58'),(441,'Mayagez',46,1,NULL,0,0,'published','2023-06-13 21:33:58','2023-06-13 21:33:58'),(442,'San Juan',46,1,NULL,0,0,'published','2023-06-13 21:33:58','2023-06-13 21:33:58'),(443,'Caguas',46,1,NULL,0,0,'published','2023-06-13 21:33:58','2023-06-13 21:33:58'),(444,'Carolina',46,1,NULL,0,0,'published','2023-06-13 21:33:58','2023-06-13 21:33:58'),(445,'Ponce',46,1,NULL,0,0,'published','2023-06-13 21:33:58','2023-06-13 21:33:58'),(446,'Bayamn',46,1,NULL,0,0,'published','2023-06-13 21:33:58','2023-06-13 21:33:58'),(447,'Providence',47,1,NULL,0,0,'published','2023-06-13 21:33:58','2023-06-13 21:33:58'),(448,'Pawtucket',47,1,NULL,0,0,'published','2023-06-13 21:33:58','2023-06-13 21:33:58'),(449,'Warwick',47,1,NULL,0,0,'published','2023-06-13 21:33:58','2023-06-13 21:33:58'),(450,'Cranston',47,1,NULL,0,0,'published','2023-06-13 21:33:58','2023-06-13 21:33:58'),(451,'Mount Pleasant',48,1,NULL,0,0,'published','2023-06-13 21:33:58','2023-06-13 21:33:58'),(452,'Charleston',48,1,NULL,0,0,'published','2023-06-13 21:33:58','2023-06-13 21:33:58'),(453,'Rock Hill',48,1,NULL,0,0,'published','2023-06-13 21:33:58','2023-06-13 21:33:58'),(454,'North Charleston',48,1,NULL,0,0,'published','2023-06-13 21:33:58','2023-06-13 21:33:58'),(455,'Rapid City',49,1,NULL,0,0,'published','2023-06-13 21:33:58','2023-06-13 21:33:58'),(456,'Sioux Falls',49,1,NULL,0,0,'published','2023-06-13 21:33:58','2023-06-13 21:33:58'),(457,'Memphis',50,1,NULL,0,0,'published','2023-06-13 21:33:58','2023-06-13 21:33:58'),(458,'Nashville',50,1,NULL,0,0,'published','2023-06-13 21:33:58','2023-06-13 21:33:58'),(459,'Clarksville',50,1,NULL,0,0,'published','2023-06-13 21:33:58','2023-06-13 21:33:58'),(460,'Franklin',50,1,NULL,0,0,'published','2023-06-13 21:33:58','2023-06-13 21:33:58'),(461,'Johnson City',50,1,NULL,0,0,'published','2023-06-13 21:33:58','2023-06-13 21:33:58'),(462,'Chattanooga',50,1,NULL,0,0,'published','2023-06-13 21:33:58','2023-06-13 21:33:58'),(463,'Murfreesboro',50,1,NULL,0,0,'published','2023-06-13 21:33:58','2023-06-13 21:33:58'),(464,'Knoxville',50,1,NULL,0,0,'published','2023-06-13 21:33:58','2023-06-13 21:33:58'),(465,'Bryan',51,1,NULL,0,0,'published','2023-06-13 21:33:58','2023-06-13 21:33:58'),(466,'Garland',51,1,NULL,0,0,'published','2023-06-13 21:33:58','2023-06-13 21:33:58'),(467,'Round Rock',51,1,NULL,0,0,'published','2023-06-13 21:33:58','2023-06-13 21:33:58'),(468,'Conroe',51,1,NULL,0,0,'published','2023-06-13 21:33:58','2023-06-13 21:33:58'),(469,'Frisco',51,1,NULL,0,0,'published','2023-06-13 21:33:58','2023-06-13 21:33:58'),(470,'Mission',51,1,NULL,0,0,'published','2023-06-13 21:33:58','2023-06-13 21:33:58'),(471,'Midland',51,1,NULL,0,0,'published','2023-06-13 21:33:58','2023-06-13 21:33:58'),(472,'Bay',51,1,NULL,0,0,'published','2023-06-13 21:33:58','2023-06-13 21:33:58'),(473,'Cedar Park',51,1,NULL,0,0,'published','2023-06-13 21:33:58','2023-06-13 21:33:58'),(474,'Longview',51,1,NULL,0,0,'published','2023-06-13 21:33:58','2023-06-13 21:33:58'),(475,'Richardson',51,1,NULL,0,0,'published','2023-06-13 21:33:59','2023-06-13 21:33:59'),(476,'Pharr',51,1,NULL,0,0,'published','2023-06-13 21:33:59','2023-06-13 21:33:59'),(477,'Flower Mound',51,1,NULL,0,0,'published','2023-06-13 21:33:59','2023-06-13 21:33:59'),(478,'Grand Prairie',51,1,NULL,0,0,'published','2023-06-13 21:33:59','2023-06-13 21:33:59'),(479,'Brownsville',51,1,NULL,0,0,'published','2023-06-13 21:33:59','2023-06-13 21:33:59'),(480,'Lewisville',51,1,NULL,0,0,'published','2023-06-13 21:33:59','2023-06-13 21:33:59'),(481,'San Antonio',51,1,NULL,0,0,'published','2023-06-13 21:33:59','2023-06-13 21:33:59'),(482,'Abilene',51,1,NULL,0,0,'published','2023-06-13 21:33:59','2023-06-13 21:33:59'),(483,'Fort Worth',51,1,NULL,0,0,'published','2023-06-13 21:33:59','2023-06-13 21:33:59'),(484,'The Woodlands',51,1,NULL,0,0,'published','2023-06-13 21:33:59','2023-06-13 21:33:59'),(485,'Lubbock',51,1,NULL,0,0,'published','2023-06-13 21:33:59','2023-06-13 21:33:59'),(486,'Arlington',51,1,NULL,0,0,'published','2023-06-13 21:33:59','2023-06-13 21:33:59'),(487,'Carrollton',51,1,NULL,0,0,'published','2023-06-13 21:33:59','2023-06-13 21:33:59'),(488,'McKinney',51,1,NULL,0,0,'published','2023-06-13 21:33:59','2023-06-13 21:33:59'),(489,'Corpus Christi',51,1,NULL,0,0,'published','2023-06-13 21:33:59','2023-06-13 21:33:59'),(490,'College Station',51,1,NULL,0,0,'published','2023-06-13 21:33:59','2023-06-13 21:33:59'),(491,'Plano',51,1,NULL,0,0,'published','2023-06-13 21:33:59','2023-06-13 21:33:59'),(492,'Laredo',51,1,NULL,0,0,'published','2023-06-13 21:33:59','2023-06-13 21:33:59'),(493,'Atascocita',51,1,NULL,0,0,'published','2023-06-13 21:33:59','2023-06-13 21:33:59'),(494,'Pearland',51,1,NULL,0,0,'published','2023-06-13 21:33:59','2023-06-13 21:33:59'),(495,'Denton',51,1,NULL,0,0,'published','2023-06-13 21:33:59','2023-06-13 21:33:59'),(496,'Mesquite',51,1,NULL,0,0,'published','2023-06-13 21:33:59','2023-06-13 21:33:59'),(497,'Amarillo',51,1,NULL,0,0,'published','2023-06-13 21:33:59','2023-06-13 21:33:59'),(498,'New Braunfels',51,1,NULL,0,0,'published','2023-06-13 21:33:59','2023-06-13 21:33:59'),(499,'Victoria',51,1,NULL,0,0,'published','2023-06-13 21:33:59','2023-06-13 21:33:59'),(500,'Odessa',51,1,NULL,0,0,'published','2023-06-13 21:33:59','2023-06-13 21:33:59'),(501,'McAllen',51,1,NULL,0,0,'published','2023-06-13 21:33:59','2023-06-13 21:33:59'),(502,'Missouri City',51,1,NULL,0,0,'published','2023-06-13 21:33:59','2023-06-13 21:33:59'),(503,'Houston',51,1,NULL,0,0,'published','2023-06-13 21:33:59','2023-06-13 21:33:59'),(504,'Waco',51,1,NULL,0,0,'published','2023-06-13 21:33:59','2023-06-13 21:33:59'),(505,'League City',51,1,NULL,0,0,'published','2023-06-13 21:33:59','2023-06-13 21:33:59'),(506,'Killeen',51,1,NULL,0,0,'published','2023-06-13 21:33:59','2023-06-13 21:33:59'),(507,'Beaumont',51,1,NULL,0,0,'published','2023-06-13 21:33:59','2023-06-13 21:33:59'),(508,'Sugar Land',51,1,NULL,0,0,'published','2023-06-13 21:33:59','2023-06-13 21:33:59'),(509,'El Paso',51,1,NULL,0,0,'published','2023-06-13 21:33:59','2023-06-13 21:33:59'),(510,'Irving',51,1,NULL,0,0,'published','2023-06-13 21:33:59','2023-06-13 21:33:59'),(511,'Dallas',51,1,NULL,0,0,'published','2023-06-13 21:33:59','2023-06-13 21:33:59'),(512,'Harlingen',51,1,NULL,0,0,'published','2023-06-13 21:33:59','2023-06-13 21:33:59'),(513,'Austin',51,1,NULL,0,0,'published','2023-06-13 21:33:59','2023-06-13 21:33:59'),(514,'Tyler',51,1,NULL,0,0,'published','2023-06-13 21:33:59','2023-06-13 21:33:59'),(515,'San Angelo',51,1,NULL,0,0,'published','2023-06-13 21:33:59','2023-06-13 21:33:59'),(516,'North Richland Hills',51,1,NULL,0,0,'published','2023-06-13 21:33:59','2023-06-13 21:33:59'),(517,'Wichita Falls',51,1,NULL,0,0,'published','2023-06-13 21:33:59','2023-06-13 21:33:59'),(518,'Edinburg',51,1,NULL,0,0,'published','2023-06-13 21:33:59','2023-06-13 21:33:59'),(519,'Temple',51,1,NULL,0,0,'published','2023-06-13 21:33:59','2023-06-13 21:33:59'),(520,'Sandy',52,1,NULL,0,0,'published','2023-06-13 21:33:59','2023-06-13 21:33:59'),(521,'Orem',52,1,NULL,0,0,'published','2023-06-13 21:33:59','2023-06-13 21:33:59'),(522,'Layton',52,1,NULL,0,0,'published','2023-06-13 21:33:59','2023-06-13 21:33:59'),(523,'South Jordan',52,1,NULL,0,0,'published','2023-06-13 21:33:59','2023-06-13 21:33:59'),(524,'West Valley City',52,1,NULL,0,0,'published','2023-06-13 21:33:59','2023-06-13 21:33:59'),(525,'Ogden',52,1,NULL,0,0,'published','2023-06-13 21:33:59','2023-06-13 21:33:59'),(526,'Provo',52,1,NULL,0,0,'published','2023-06-13 21:33:59','2023-06-13 21:33:59'),(527,'Salt Lake City',52,1,NULL,0,0,'published','2023-06-13 21:33:59','2023-06-13 21:33:59'),(528,'West Jordan',52,1,NULL,0,0,'published','2023-06-13 21:33:59','2023-06-13 21:33:59'),(529,'Saint George',52,1,NULL,0,0,'published','2023-06-13 21:33:59','2023-06-13 21:33:59'),(530,'Hampton',55,1,NULL,0,0,'published','2023-06-13 21:33:59','2023-06-13 21:33:59'),(531,'Portsmouth',55,1,NULL,0,0,'published','2023-06-13 21:33:59','2023-06-13 21:33:59'),(532,'Chesapeake',55,1,NULL,0,0,'published','2023-06-13 21:33:59','2023-06-13 21:33:59'),(533,'Roanoke',55,1,NULL,0,0,'published','2023-06-13 21:33:59','2023-06-13 21:33:59'),(534,'Lynchburg',55,1,NULL,0,0,'published','2023-06-13 21:33:59','2023-06-13 21:33:59'),(535,'Norfolk',55,1,NULL,0,0,'published','2023-06-13 21:33:59','2023-06-13 21:33:59'),(536,'Virginia Beach',55,1,NULL,0,0,'published','2023-06-13 21:33:59','2023-06-13 21:33:59'),(537,'Alexandria',55,1,NULL,0,0,'published','2023-06-13 21:33:59','2023-06-13 21:33:59'),(538,'Newport News',55,1,NULL,0,0,'published','2023-06-13 21:33:59','2023-06-13 21:33:59'),(539,'Suffolk',55,1,NULL,0,0,'published','2023-06-13 21:33:59','2023-06-13 21:33:59'),(540,'Dale City',55,1,NULL,0,0,'published','2023-06-13 21:33:59','2023-06-13 21:33:59'),(541,'Centreville',55,1,NULL,0,0,'published','2023-06-13 21:33:59','2023-06-13 21:33:59'),(542,'Tacoma',56,1,NULL,0,0,'published','2023-06-13 21:33:59','2023-06-13 21:33:59'),(543,'Kirkland',56,1,NULL,0,0,'published','2023-06-13 21:34:00','2023-06-13 21:34:00'),(544,'Everett',56,1,NULL,0,0,'published','2023-06-13 21:34:00','2023-06-13 21:34:00'),(545,'Federal Way',56,1,NULL,0,0,'published','2023-06-13 21:34:00','2023-06-13 21:34:00'),(546,'Marysville',56,1,NULL,0,0,'published','2023-06-13 21:34:00','2023-06-13 21:34:00'),(547,'Pasco',56,1,NULL,0,0,'published','2023-06-13 21:34:00','2023-06-13 21:34:00'),(548,'Spokane Valley',56,1,NULL,0,0,'published','2023-06-13 21:34:00','2023-06-13 21:34:00'),(549,'Bellevue',56,1,NULL,0,0,'published','2023-06-13 21:34:00','2023-06-13 21:34:00'),(550,'Kent',56,1,NULL,0,0,'published','2023-06-13 21:34:00','2023-06-13 21:34:00'),(551,'Renton',56,1,NULL,0,0,'published','2023-06-13 21:34:00','2023-06-13 21:34:00'),(552,'Spokane',56,1,NULL,0,0,'published','2023-06-13 21:34:00','2023-06-13 21:34:00'),(553,'Auburn',56,1,NULL,0,0,'published','2023-06-13 21:34:00','2023-06-13 21:34:00'),(554,'Yakima',56,1,NULL,0,0,'published','2023-06-13 21:34:00','2023-06-13 21:34:00'),(555,'Bellingham',56,1,NULL,0,0,'published','2023-06-13 21:34:00','2023-06-13 21:34:00'),(556,'Seattle',56,1,NULL,0,0,'published','2023-06-13 21:34:00','2023-06-13 21:34:00'),(557,'Vancouver',56,1,NULL,0,0,'published','2023-06-13 21:34:00','2023-06-13 21:34:00'),(558,'Kennewick',56,1,NULL,0,0,'published','2023-06-13 21:34:00','2023-06-13 21:34:00'),(559,'Madison',58,1,NULL,0,0,'published','2023-06-13 21:34:00','2023-06-13 21:34:00'),(560,'Milwaukee',58,1,NULL,0,0,'published','2023-06-13 21:34:00','2023-06-13 21:34:00'),(561,'Waukesha',58,1,NULL,0,0,'published','2023-06-13 21:34:00','2023-06-13 21:34:00'),(562,'Green Bay',58,1,NULL,0,0,'published','2023-06-13 21:34:00','2023-06-13 21:34:00'),(563,'Appleton',58,1,NULL,0,0,'published','2023-06-13 21:34:00','2023-06-13 21:34:00'),(564,'Eau Claire',58,1,NULL,0,0,'published','2023-06-13 21:34:00','2023-06-13 21:34:00'),(565,'Racine',58,1,NULL,0,0,'published','2023-06-13 21:34:00','2023-06-13 21:34:00'),(566,'Oshkosh',58,1,NULL,0,0,'published','2023-06-13 21:34:00','2023-06-13 21:34:00'),(567,'Kenosha',58,1,NULL,0,0,'published','2023-06-13 21:34:00','2023-06-13 21:34:00');
/*!40000 ALTER TABLE `cities` ENABLE KEYS */;
UNLOCK TABLES;

--
-- Table structure for table `cities_translations`
--

DROP TABLE IF EXISTS `cities_translations`;
/*!40101 SET @saved_cs_client     = @@character_set_client */;
/*!50503 SET character_set_client = utf8mb4 */;
CREATE TABLE `cities_translations` (
  `lang_code` varchar(191) COLLATE utf8mb4_unicode_ci NOT NULL,
  `cities_id` bigint unsigned NOT NULL,
  `name` varchar(120) COLLATE utf8mb4_unicode_ci DEFAULT NULL,
  PRIMARY KEY (`lang_code`,`cities_id`)
) ENGINE=InnoDB DEFAULT CHARSET=utf8mb4 COLLATE=utf8mb4_unicode_ci;
/*!40101 SET character_set_client = @saved_cs_client */;

--
-- Dumping data for table `cities_translations`
--

LOCK TABLES `cities_translations` WRITE;
/*!40000 ALTER TABLE `cities_translations` DISABLE KEYS */;
INSERT INTO `cities_translations` VALUES ('ar',1,'Dothan'),('ar',2,'Hoover'),('ar',3,'Mobile'),('ar',4,'Huntsville'),('ar',5,'Montgomery'),('ar',6,'Tuscaloosa'),('ar',7,'Birmingham'),('ar',8,'Anchorage'),('ar',9,'Mesa'),('ar',10,'Tucson'),('ar',11,'San Tan Valley'),('ar',12,'Glendale'),('ar',13,'Chandler'),('ar',14,'Casas Adobes'),('ar',15,'Gilbert'),('ar',16,'Avondale'),('ar',17,'Goodyear'),('ar',18,'Surprise'),('ar',19,'Tempe'),('ar',20,'Scottsdale'),('ar',21,'Phoenix'),('ar',22,'Flagstaff'),('ar',23,'Yuma'),('ar',24,'Fort Smith'),('ar',25,'Jonesboro'),('ar',26,'Springdale'),('ar',27,'Fayetteville'),('ar',28,'North Little Rock'),('ar',29,'Little Rock'),('ar',30,'Carmichael'),('ar',31,'Daly City'),('ar',32,'Murrieta'),('ar',33,'Antioch'),('ar',34,'Victorville'),('ar',35,'Richmond'),('ar',36,'Fullerton'),('ar',37,'Newport Beach'),('ar',38,'Jurupa Valley'),('ar',39,'Anaheim'),('ar',40,'Santa Ana'),('ar',41,'Sunnyvale'),('ar',42,'Costa Mesa'),('ar',43,'Santa Barbara'),('ar',44,'Lake Forest'),('ar',45,'Chino'),('ar',46,'Moreno Valley'),('ar',47,'Oakland'),('ar',48,'Apple Valley'),('ar',49,'Davis'),('ar',50,'Los Angeles'),('ar',51,'Union City'),('ar',52,'Redlands'),('ar',53,'Palmdale'),('ar',54,'Fremont'),('ar',55,'South San Francisco'),('ar',56,'Redding'),('ar',57,'Fontana'),('ar',58,'Lancaster'),('ar',59,'Carlsbad'),('ar',60,'Vallejo'),('ar',61,'Bellflower'),('ar',62,'Menifee'),('ar',63,'Livermore'),('ar',64,'Hemet'),('ar',65,'Tracy'),('ar',66,'Camarillo'),('ar',67,'Bk'),('ar',68,'Vista'),('ar',69,'Garden Grove'),('ar',70,'Westminster'),('ar',71,'Irvine'),('ar',72,'Turlock'),('ar',73,'Riverside'),('ar',74,'Berkeley'),('ar',75,'Chino Hills'),('ar',76,'Clovis'),('ar',77,'Torrance'),('ar',78,'Corona'),('ar',79,'Fairfield'),('ar',80,'Downey'),('ar',81,'Temecula'),('ar',82,'Concord'),('ar',83,'Rancho Cordova'),('ar',84,'Merced'),('ar',85,'San Leandro'),('ar',86,'Vacaville'),('ar',87,'El Cajon'),('ar',88,'Alhambra'),('ar',89,'Carson'),('ar',90,'Citrus Heights'),('ar',91,'Fresno'),('ar',92,'San Bernardino'),('ar',93,'Redwood City'),('ar',94,'Upland'),('ar',95,'West Covina'),('ar',96,'Compton'),('ar',97,'Long Beach'),('ar',98,'San Diego'),('ar',99,'Hawthorne'),('ar',100,'Arden-Arcade'),('ar',101,'Santa Rosa'),('ar',102,'Elk Grove'),('ar',103,'Redondo Beach'),('ar',104,'Santa Clara'),('ar',105,'Milpitas'),('ar',106,'Alameda'),('ar',107,'South Gate'),('ar',108,'San Ramon'),('ar',109,'Folsom'),('ar',110,'Roseville'),('ar',111,'San Buenaventura'),('ar',112,'Tustin'),('ar',113,'Lynwood'),('ar',114,'Indio'),('ar',115,'San Francisco'),('ar',116,'San Clemente'),('ar',117,'Orange'),('ar',118,'Pleasanton'),('ar',119,'Thousand Oaks'),('ar',120,'Chico'),('ar',121,'Sacramento'),('ar',122,'Simi Valley'),('ar',123,'San Marcos'),('ar',124,'Escondido'),('ar',125,'Napa'),('ar',126,'Chula Vista'),('ar',127,'Salinas'),('ar',128,'Pasadena'),('ar',129,'Bakersfield'),('ar',130,'Santa Maria'),('ar',131,'Oxnard'),('ar',132,'Modesto'),('ar',133,'Baldwin Park'),('ar',134,'Hesperia'),('ar',135,'East Los Angeles'),('ar',136,'Whittier'),('ar',137,'Huntington Beach'),('ar',138,'Inglewood'),('ar',139,'San Jose'),('ar',140,'Perris'),('ar',141,'Visalia'),('ar',142,'Mission Viejo'),('ar',143,'Manteca'),('ar',144,'Florence-Graham'),('ar',145,'Rialto'),('ar',146,'San Mateo'),('ar',147,'Mountain View'),('ar',148,'Santa Clarita'),('ar',149,'Buena Park'),('ar',150,'Pittsburg'),('ar',151,'Oceanside'),('ar',152,'Rancho Cucamonga'),('ar',153,'Yorba Linda'),('ar',154,'Hayward'),('ar',155,'Laguna Niguel'),('ar',156,'Palo Alto'),('ar',157,'Yuba City'),('ar',158,'El Monte'),('ar',159,'Stockton'),('ar',160,'Ontario'),('ar',161,'Santa Monica'),('ar',162,'Pomona'),('ar',163,'Walnut Creek'),('ar',164,'Lakewood'),('ar',165,'Boulder'),('ar',166,'Fort Collins'),('ar',167,'Aurora'),('ar',168,'Loveland'),('ar',169,'Colorado Springs'),('ar',170,'Longmont'),('ar',171,'Centennial'),('ar',172,'Arvada'),('ar',173,'Thornton'),('ar',174,'Greeley'),('ar',175,'Pueblo'),('ar',176,'Highlands Ranch'),('ar',177,'Denver'),('ar',178,'Broomfield'),('ar',179,'Waterbury'),('ar',180,'New Haven'),('ar',181,'Norwalk'),('ar',182,'New Britain'),('ar',183,'Hartford'),('ar',184,'Stamford'),('ar',185,'Bridgeport'),('ar',186,'Danbury'),('ar',187,'Wilmington'),('ar',188,'Washington'),('ar',189,'Largo'),('ar',190,'Palm Coast'),('ar',191,'Poinciana'),('ar',192,'Lehigh Acres'),('ar',193,'Boca Raton'),('ar',194,'Lakeland'),('ar',195,'West Palm Beach'),('ar',196,'Coral Springs'),('ar',197,'Fort Lauderdale'),('ar',198,'Jacksonville'),('ar',199,'Weston'),('ar',200,'Town \'n\' Country'),('ar',201,'Riverview'),('ar',202,'Kendall'),('ar',203,'Alafaya'),('ar',204,'Palm Bay'),('ar',205,'Cape Coral'),('ar',206,'Saint Petersburg'),('ar',207,'Tampa'),('ar',208,'Pembroke Pines'),('ar',209,'Pine Hills'),('ar',210,'Pompano Beach'),('ar',211,'Davie'),('ar',212,'Sunrise'),('ar',213,'Kissimmee'),('ar',214,'Clearwater'),('ar',215,'Hollywood'),('ar',216,'Port Saint Lucie'),('ar',217,'Miramar'),('ar',218,'Miami Gardens'),('ar',219,'Boynton Beach'),('ar',220,'Deerfield Beach'),('ar',221,'Miami'),('ar',222,'Plantation'),('ar',223,'Gainesville'),('ar',224,'Miami Beach'),('ar',225,'Hialeah'),('ar',226,'The Villages'),('ar',227,'Deltona'),('ar',228,'Homestead'),('ar',229,'Tallahassee'),('ar',230,'Lauderhill'),('ar',231,'Delray Beach'),('ar',232,'Melbourne'),('ar',233,'Brandon'),('ar',234,'Spring Hill'),('ar',235,'Orlando'),('ar',236,'Fort Myers'),('ar',237,'Sandy Springs'),('ar',238,'Columbus'),('ar',239,'Albany'),('ar',240,'Augusta-Richmond County consolidated government'),('ar',241,'Savannah'),('ar',242,'Atlanta'),('ar',243,'Roswell'),('ar',244,'Johns Creek'),('ar',245,'Macon'),('ar',246,'Athens-Clarke County unified government'),('ar',247,'Warner Robins'),('ar',248,'Urban Honolulu'),('ar',249,'Boise'),('ar',250,'Nampa'),('ar',251,'Meridian'),('ar',252,'Peoria'),('ar',253,'Springfield'),('ar',254,'Evanston'),('ar',255,'Decatur'),('ar',256,'Joliet'),('ar',257,'Bloomington'),('ar',258,'Bolingbrook'),('ar',259,'Chicago'),('ar',260,'Schaumburg'),('ar',261,'Cicero'),('ar',262,'Elgin'),('ar',263,'Arlington Heights'),('ar',264,'Waukegan'),('ar',265,'Skokie'),('ar',266,'Champaign'),('ar',267,'Naperville'),('ar',268,'Rockford'),('ar',269,'Palatine'),('ar',270,'Fort Wayne'),('ar',271,'Evansville'),('ar',272,'Lafayette'),('ar',273,'Hammond'),('ar',274,'Gary'),('ar',275,'Fishers'),('ar',276,'Carmel'),('ar',277,'Indianapolis'),('ar',278,'Muncie'),('ar',279,'South Bend'),('ar',280,'Iowa City'),('ar',281,'Cedar Rapids'),('ar',282,'Waterloo'),('ar',283,'Des Moines'),('ar',284,'Ames'),('ar',285,'Davenport'),('ar',286,'Sioux City'),('ar',287,'Shawnee'),('ar',288,'Olathe'),('ar',289,'Wichita'),('ar',290,'Topeka'),('ar',291,'Overland Park'),('ar',292,'Lexington-Fayette  county'),('ar',293,'Louisville/Jefferson County metro government'),('ar',294,'Shreveport'),('ar',295,'Metairie'),('ar',296,'Kenner'),('ar',297,'Baton Rouge'),('ar',298,'Bossier City'),('ar',299,'Lake Charles'),('ar',300,'New Orleans'),('ar',301,'German'),('ar',302,'Waldorf'),('ar',303,'Frederick'),('ar',304,'Baltimore'),('ar',305,'Ellicott City'),('ar',306,'Gaithersburg'),('ar',307,'Silver Spring'),('ar',308,'Glen Burnie'),('ar',309,'Rockville'),('ar',310,'Quincy'),('ar',311,'Brockton'),('ar',312,'Boston'),('ar',313,'Lawrence'),('ar',314,'Worcester'),('ar',315,'Newton'),('ar',316,'Lynn'),('ar',317,'Cambridge'),('ar',318,'Lowell'),('ar',319,'Somerville'),('ar',320,'Framingham'),('ar',321,'New Bedford'),('ar',322,'Fall River'),('ar',323,'Flint'),('ar',324,'Kalamazoo'),('ar',325,'Westland'),('ar',326,'Troy'),('ar',327,'Wyoming'),('ar',328,'Lansing'),('ar',329,'Southfield'),('ar',330,'Livonia'),('ar',331,'Dearborn'),('ar',332,'Grand Rapids'),('ar',333,'Rochester Hills'),('ar',334,'Farmington Hills'),('ar',335,'Sterling Heights'),('ar',336,'Ann Arbor'),('ar',337,'Detroit'),('ar',338,'Warren'),('ar',339,'Eagan'),('ar',340,'Woodbury'),('ar',341,'Saint Cloud'),('ar',342,'Duluth'),('ar',343,'Saint Paul'),('ar',344,'Maple Grove'),('ar',345,'Brooklyn Park'),('ar',346,'Plymouth'),('ar',347,'Minneapolis'),('ar',348,'Jackson'),('ar',349,'Gulfport'),('ar',350,'O\'Fallon'),('ar',351,'Columbia'),('ar',352,'Saint Louis'),('ar',353,'Lee\'s Summit'),('ar',354,'Independence'),('ar',355,'Kansas City'),('ar',356,'Saint Joseph'),('ar',357,'Saint Charles'),('ar',358,'Billings'),('ar',359,'Missoula'),('ar',360,'Lincoln'),('ar',361,'Omaha'),('ar',362,'Henderson'),('ar',363,'Reno'),('ar',364,'North Las Vegas'),('ar',365,'Las Vegas'),('ar',366,'Paradise'),('ar',367,'Sunrise Manor'),('ar',368,'Sparks'),('ar',369,'Spring Valley'),('ar',370,'Enterprise'),('ar',371,'Manchester'),('ar',372,'Nashua'),('ar',373,'Newark'),('ar',374,'Elizabeth'),('ar',375,'Bayonne'),('ar',376,'Toms River'),('ar',377,'Camden'),('ar',378,'Paterson'),('ar',379,'Jersey City'),('ar',380,'Trenton'),('ar',381,'Passaic'),('ar',382,'East Orange'),('ar',383,'Clifton'),('ar',384,'Albuquerque'),('ar',385,'Santa Fe'),('ar',386,'Rio Rancho'),('ar',387,'Las Cruces'),('ar',388,'Brentwood'),('ar',389,'Rochester'),('ar',390,'Buffalo'),('ar',391,'Yonkers'),('ar',392,'Schenectady'),('ar',393,'Cheektowaga'),('ar',394,'Mount Vernon'),('ar',395,'New York'),('ar',396,'Syracuse'),('ar',397,'New Rochelle'),('ar',398,'Asheville'),('ar',399,'Greensboro'),('ar',400,'Cary'),('ar',401,'High Point'),('ar',402,'Raleigh'),('ar',403,'Charlotte'),('ar',404,'Durham'),('ar',405,'Winston-Salem'),('ar',406,'Gastonia'),('ar',407,'Greenville'),('ar',408,'Fargo'),('ar',409,'Bismarck'),('ar',410,'Youngs'),('ar',411,'Lorain'),('ar',412,'Parma'),('ar',413,'Cleveland'),('ar',414,'Cincinnati'),('ar',415,'Toledo'),('ar',416,'Akron'),('ar',417,'Canton'),('ar',418,'Dayton'),('ar',419,'Norman'),('ar',420,'Lawton'),('ar',421,'Edmond'),('ar',422,'Broken Arrow'),('ar',423,'Tulsa'),('ar',424,'Oklahoma City'),('ar',425,'Gresham'),('ar',426,'Bend'),('ar',427,'Portland'),('ar',428,'Beaverton'),('ar',429,'Medford'),('ar',430,'Hillsboro'),('ar',431,'Eugene'),('ar',432,'Salem'),('ar',433,'Scranton'),('ar',434,'Reading'),('ar',435,'Erie'),('ar',436,'Pittsburgh'),('ar',437,'Allen'),('ar',438,'Philadelphia'),('ar',439,'Bethlehem'),('ar',440,'Guaynabo'),('ar',441,'Mayagez'),('ar',442,'San Juan'),('ar',443,'Caguas'),('ar',444,'Carolina'),('ar',445,'Ponce'),('ar',446,'Bayamn'),('ar',447,'Providence'),('ar',448,'Pawtucket'),('ar',449,'Warwick'),('ar',450,'Cranston'),('ar',451,'Mount Pleasant'),('ar',452,'Charleston'),('ar',453,'Rock Hill'),('ar',454,'North Charleston'),('ar',455,'Rapid City'),('ar',456,'Sioux Falls'),('ar',457,'Memphis'),('ar',458,'Nashville'),('ar',459,'Clarksville'),('ar',460,'Franklin'),('ar',461,'Johnson City'),('ar',462,'Chattanooga'),('ar',463,'Murfreesboro'),('ar',464,'Knoxville'),('ar',465,'Bryan'),('ar',466,'Garland'),('ar',467,'Round Rock'),('ar',468,'Conroe'),('ar',469,'Frisco'),('ar',470,'Mission'),('ar',471,'Midland'),('ar',472,'Bay'),('ar',473,'Cedar Park'),('ar',474,'Longview'),('ar',475,'Richardson'),('ar',476,'Pharr'),('ar',477,'Flower Mound'),('ar',478,'Grand Prairie'),('ar',479,'Brownsville'),('ar',480,'Lewisville'),('ar',481,'San Antonio'),('ar',482,'Abilene'),('ar',483,'Fort Worth'),('ar',484,'The Woodlands'),('ar',485,'Lubbock'),('ar',486,'Arlington'),('ar',487,'Carrollton'),('ar',488,'McKinney'),('ar',489,'Corpus Christi'),('ar',490,'College Station'),('ar',491,'Plano'),('ar',492,'Laredo'),('ar',493,'Atascocita'),('ar',494,'Pearland'),('ar',495,'Denton'),('ar',496,'Mesquite'),('ar',497,'Amarillo'),('ar',498,'New Braunfels'),('ar',499,'Victoria'),('ar',500,'Odessa'),('ar',501,'McAllen'),('ar',502,'Missouri City'),('ar',503,'Houston'),('ar',504,'Waco'),('ar',505,'League City'),('ar',506,'Killeen'),('ar',507,'Beaumont'),('ar',508,'Sugar Land'),('ar',509,'El Paso'),('ar',510,'Irving'),('ar',511,'Dallas'),('ar',512,'Harlingen'),('ar',513,'Austin'),('ar',514,'Tyler'),('ar',515,'San Angelo'),('ar',516,'North Richland Hills'),('ar',517,'Wichita Falls'),('ar',518,'Edinburg'),('ar',519,'Temple'),('ar',520,'Sandy'),('ar',521,'Orem'),('ar',522,'Layton'),('ar',523,'South Jordan'),('ar',524,'West Valley City'),('ar',525,'Ogden'),('ar',526,'Provo'),('ar',527,'Salt Lake City'),('ar',528,'West Jordan'),('ar',529,'Saint George'),('ar',530,'Hampton'),('ar',531,'Portsmouth'),('ar',532,'Chesapeake'),('ar',533,'Roanoke'),('ar',534,'Lynchburg'),('ar',535,'Norfolk'),('ar',536,'Virginia Beach'),('ar',537,'Alexandria'),('ar',538,'Newport News'),('ar',539,'Suffolk'),('ar',540,'Dale City'),('ar',541,'Centreville'),('ar',542,'Tacoma'),('ar',543,'Kirkland'),('ar',544,'Everett'),('ar',545,'Federal Way'),('ar',546,'Marysville'),('ar',547,'Pasco'),('ar',548,'Spokane Valley'),('ar',549,'Bellevue'),('ar',550,'Kent'),('ar',551,'Renton'),('ar',552,'Spokane'),('ar',553,'Auburn'),('ar',554,'Yakima'),('ar',555,'Bellingham'),('ar',556,'Seattle'),('ar',557,'Vancouver'),('ar',558,'Kennewick'),('ar',559,'Madison'),('ar',560,'Milwaukee'),('ar',561,'Waukesha'),('ar',562,'Green Bay'),('ar',563,'Appleton'),('ar',564,'Eau Claire'),('ar',565,'Racine'),('ar',566,'Oshkosh'),('ar',567,'Kenosha'),('vi',1,'Dothan'),('vi',2,'Hoover'),('vi',3,'Mobile'),('vi',4,'Huntsville'),('vi',5,'Montgomery'),('vi',6,'Tuscaloosa'),('vi',7,'Birmingham'),('vi',8,'Anchorage'),('vi',9,'Mesa'),('vi',10,'Tucson'),('vi',11,'San Tan Valley'),('vi',12,'Glendale'),('vi',13,'Chandler'),('vi',14,'Casas Adobes'),('vi',15,'Gilbert'),('vi',16,'Avondale'),('vi',17,'Goodyear'),('vi',18,'Surprise'),('vi',19,'Tempe'),('vi',20,'Scottsdale'),('vi',21,'Phoenix'),('vi',22,'Flagstaff'),('vi',23,'Yuma'),('vi',24,'Fort Smith'),('vi',25,'Jonesboro'),('vi',26,'Springdale'),('vi',27,'Fayetteville'),('vi',28,'North Little Rock'),('vi',29,'Little Rock'),('vi',30,'Carmichael'),('vi',31,'Daly City'),('vi',32,'Murrieta'),('vi',33,'Antioch'),('vi',34,'Victorville'),('vi',35,'Richmond'),('vi',36,'Fullerton'),('vi',37,'Newport Beach'),('vi',38,'Jurupa Valley'),('vi',39,'Anaheim'),('vi',40,'Santa Ana'),('vi',41,'Sunnyvale'),('vi',42,'Costa Mesa'),('vi',43,'Santa Barbara'),('vi',44,'Lake Forest'),('vi',45,'Chino'),('vi',46,'Moreno Valley'),('vi',47,'Oakland'),('vi',48,'Apple Valley'),('vi',49,'Davis'),('vi',50,'Los Angeles'),('vi',51,'Union City'),('vi',52,'Redlands'),('vi',53,'Palmdale'),('vi',54,'Fremont'),('vi',55,'South San Francisco'),('vi',56,'Redding'),('vi',57,'Fontana'),('vi',58,'Lancaster'),('vi',59,'Carlsbad'),('vi',60,'Vallejo'),('vi',61,'Bellflower'),('vi',62,'Menifee'),('vi',63,'Livermore'),('vi',64,'Hemet'),('vi',65,'Tracy'),('vi',66,'Camarillo'),('vi',67,'Bk'),('vi',68,'Vista'),('vi',69,'Garden Grove'),('vi',70,'Westminster'),('vi',71,'Irvine'),('vi',72,'Turlock'),('vi',73,'Riverside'),('vi',74,'Berkeley'),('vi',75,'Chino Hills'),('vi',76,'Clovis'),('vi',77,'Torrance'),('vi',78,'Corona'),('vi',79,'Fairfield'),('vi',80,'Downey'),('vi',81,'Temecula'),('vi',82,'Concord'),('vi',83,'Rancho Cordova'),('vi',84,'Merced'),('vi',85,'San Leandro'),('vi',86,'Vacaville'),('vi',87,'El Cajon'),('vi',88,'Alhambra'),('vi',89,'Carson'),('vi',90,'Citrus Heights'),('vi',91,'Fresno'),('vi',92,'San Bernardino'),('vi',93,'Redwood City'),('vi',94,'Upland'),('vi',95,'West Covina'),('vi',96,'Compton'),('vi',97,'Long Beach'),('vi',98,'San Diego'),('vi',99,'Hawthorne'),('vi',100,'Arden-Arcade'),('vi',101,'Santa Rosa'),('vi',102,'Elk Grove'),('vi',103,'Redondo Beach'),('vi',104,'Santa Clara'),('vi',105,'Milpitas'),('vi',106,'Alameda'),('vi',107,'South Gate'),('vi',108,'San Ramon'),('vi',109,'Folsom'),('vi',110,'Roseville'),('vi',111,'San Buenaventura'),('vi',112,'Tustin'),('vi',113,'Lynwood'),('vi',114,'Indio'),('vi',115,'San Francisco'),('vi',116,'San Clemente'),('vi',117,'Orange'),('vi',118,'Pleasanton'),('vi',119,'Thousand Oaks'),('vi',120,'Chico'),('vi',121,'Sacramento'),('vi',122,'Simi Valley'),('vi',123,'San Marcos'),('vi',124,'Escondido'),('vi',125,'Napa'),('vi',126,'Chula Vista'),('vi',127,'Salinas'),('vi',128,'Pasadena'),('vi',129,'Bakersfield'),('vi',130,'Santa Maria'),('vi',131,'Oxnard'),('vi',132,'Modesto'),('vi',133,'Baldwin Park'),('vi',134,'Hesperia'),('vi',135,'East Los Angeles'),('vi',136,'Whittier'),('vi',137,'Huntington Beach'),('vi',138,'Inglewood'),('vi',139,'San Jose'),('vi',140,'Perris'),('vi',141,'Visalia'),('vi',142,'Mission Viejo'),('vi',143,'Manteca'),('vi',144,'Florence-Graham'),('vi',145,'Rialto'),('vi',146,'San Mateo'),('vi',147,'Mountain View'),('vi',148,'Santa Clarita'),('vi',149,'Buena Park'),('vi',150,'Pittsburg'),('vi',151,'Oceanside'),('vi',152,'Rancho Cucamonga'),('vi',153,'Yorba Linda'),('vi',154,'Hayward'),('vi',155,'Laguna Niguel'),('vi',156,'Palo Alto'),('vi',157,'Yuba City'),('vi',158,'El Monte'),('vi',159,'Stockton'),('vi',160,'Ontario'),('vi',161,'Santa Monica'),('vi',162,'Pomona'),('vi',163,'Walnut Creek'),('vi',164,'Lakewood'),('vi',165,'Boulder'),('vi',166,'Fort Collins'),('vi',167,'Aurora'),('vi',168,'Loveland'),('vi',169,'Colorado Springs'),('vi',170,'Longmont'),('vi',171,'Centennial'),('vi',172,'Arvada'),('vi',173,'Thornton'),('vi',174,'Greeley'),('vi',175,'Pueblo'),('vi',176,'Highlands Ranch'),('vi',177,'Denver'),('vi',178,'Broomfield'),('vi',179,'Waterbury'),('vi',180,'New Haven'),('vi',181,'Norwalk'),('vi',182,'New Britain'),('vi',183,'Hartford'),('vi',184,'Stamford'),('vi',185,'Bridgeport'),('vi',186,'Danbury'),('vi',187,'Wilmington'),('vi',188,'Washington'),('vi',189,'Largo'),('vi',190,'Palm Coast'),('vi',191,'Poinciana'),('vi',192,'Lehigh Acres'),('vi',193,'Boca Raton'),('vi',194,'Lakeland'),('vi',195,'West Palm Beach'),('vi',196,'Coral Springs'),('vi',197,'Fort Lauderdale'),('vi',198,'Jacksonville'),('vi',199,'Weston'),('vi',200,'Town \'n\' Country'),('vi',201,'Riverview'),('vi',202,'Kendall'),('vi',203,'Alafaya'),('vi',204,'Palm Bay'),('vi',205,'Cape Coral'),('vi',206,'Saint Petersburg'),('vi',207,'Tampa'),('vi',208,'Pembroke Pines'),('vi',209,'Pine Hills'),('vi',210,'Pompano Beach'),('vi',211,'Davie'),('vi',212,'Sunrise'),('vi',213,'Kissimmee'),('vi',214,'Clearwater'),('vi',215,'Hollywood'),('vi',216,'Port Saint Lucie'),('vi',217,'Miramar'),('vi',218,'Miami Gardens'),('vi',219,'Boynton Beach'),('vi',220,'Deerfield Beach'),('vi',221,'Miami'),('vi',222,'Plantation'),('vi',223,'Gainesville'),('vi',224,'Miami Beach'),('vi',225,'Hialeah'),('vi',226,'The Villages'),('vi',227,'Deltona'),('vi',228,'Homestead'),('vi',229,'Tallahassee'),('vi',230,'Lauderhill'),('vi',231,'Delray Beach'),('vi',232,'Melbourne'),('vi',233,'Brandon'),('vi',234,'Spring Hill'),('vi',235,'Orlando'),('vi',236,'Fort Myers'),('vi',237,'Sandy Springs'),('vi',238,'Columbus'),('vi',239,'Albany'),('vi',240,'Augusta-Richmond County consolidated government'),('vi',241,'Savannah'),('vi',242,'Atlanta'),('vi',243,'Roswell'),('vi',244,'Johns Creek'),('vi',245,'Macon'),('vi',246,'Athens-Clarke County unified government'),('vi',247,'Warner Robins'),('vi',248,'Urban Honolulu'),('vi',249,'Boise'),('vi',250,'Nampa'),('vi',251,'Meridian'),('vi',252,'Peoria'),('vi',253,'Springfield'),('vi',254,'Evanston'),('vi',255,'Decatur'),('vi',256,'Joliet'),('vi',257,'Bloomington'),('vi',258,'Bolingbrook'),('vi',259,'Chicago'),('vi',260,'Schaumburg'),('vi',261,'Cicero'),('vi',262,'Elgin'),('vi',263,'Arlington Heights'),('vi',264,'Waukegan'),('vi',265,'Skokie'),('vi',266,'Champaign'),('vi',267,'Naperville'),('vi',268,'Rockford'),('vi',269,'Palatine'),('vi',270,'Fort Wayne'),('vi',271,'Evansville'),('vi',272,'Lafayette'),('vi',273,'Hammond'),('vi',274,'Gary'),('vi',275,'Fishers'),('vi',276,'Carmel'),('vi',277,'Indianapolis'),('vi',278,'Muncie'),('vi',279,'South Bend'),('vi',280,'Iowa City'),('vi',281,'Cedar Rapids'),('vi',282,'Waterloo'),('vi',283,'Des Moines'),('vi',284,'Ames'),('vi',285,'Davenport'),('vi',286,'Sioux City'),('vi',287,'Shawnee'),('vi',288,'Olathe'),('vi',289,'Wichita'),('vi',290,'Topeka'),('vi',291,'Overland Park'),('vi',292,'Lexington-Fayette  county'),('vi',293,'Louisville/Jefferson County metro government'),('vi',294,'Shreveport'),('vi',295,'Metairie'),('vi',296,'Kenner'),('vi',297,'Baton Rouge'),('vi',298,'Bossier City'),('vi',299,'Lake Charles'),('vi',300,'New Orleans'),('vi',301,'German'),('vi',302,'Waldorf'),('vi',303,'Frederick'),('vi',304,'Baltimore'),('vi',305,'Ellicott City'),('vi',306,'Gaithersburg'),('vi',307,'Silver Spring'),('vi',308,'Glen Burnie'),('vi',309,'Rockville'),('vi',310,'Quincy'),('vi',311,'Brockton'),('vi',312,'Boston'),('vi',313,'Lawrence'),('vi',314,'Worcester'),('vi',315,'Newton'),('vi',316,'Lynn'),('vi',317,'Cambridge'),('vi',318,'Lowell'),('vi',319,'Somerville'),('vi',320,'Framingham'),('vi',321,'New Bedford'),('vi',322,'Fall River'),('vi',323,'Flint'),('vi',324,'Kalamazoo'),('vi',325,'Westland'),('vi',326,'Troy'),('vi',327,'Wyoming'),('vi',328,'Lansing'),('vi',329,'Southfield'),('vi',330,'Livonia'),('vi',331,'Dearborn'),('vi',332,'Grand Rapids'),('vi',333,'Rochester Hills'),('vi',334,'Farmington Hills'),('vi',335,'Sterling Heights'),('vi',336,'Ann Arbor'),('vi',337,'Detroit'),('vi',338,'Warren'),('vi',339,'Eagan'),('vi',340,'Woodbury'),('vi',341,'Saint Cloud'),('vi',342,'Duluth'),('vi',343,'Saint Paul'),('vi',344,'Maple Grove'),('vi',345,'Brooklyn Park'),('vi',346,'Plymouth'),('vi',347,'Minneapolis'),('vi',348,'Jackson'),('vi',349,'Gulfport'),('vi',350,'O\'Fallon'),('vi',351,'Columbia'),('vi',352,'Saint Louis'),('vi',353,'Lee\'s Summit'),('vi',354,'Independence'),('vi',355,'Kansas City'),('vi',356,'Saint Joseph'),('vi',357,'Saint Charles'),('vi',358,'Billings'),('vi',359,'Missoula'),('vi',360,'Lincoln'),('vi',361,'Omaha'),('vi',362,'Henderson'),('vi',363,'Reno'),('vi',364,'North Las Vegas'),('vi',365,'Las Vegas'),('vi',366,'Paradise'),('vi',367,'Sunrise Manor'),('vi',368,'Sparks'),('vi',369,'Spring Valley'),('vi',370,'Enterprise'),('vi',371,'Manchester'),('vi',372,'Nashua'),('vi',373,'Newark'),('vi',374,'Elizabeth'),('vi',375,'Bayonne'),('vi',376,'Toms River'),('vi',377,'Camden'),('vi',378,'Paterson'),('vi',379,'Jersey City'),('vi',380,'Trenton'),('vi',381,'Passaic'),('vi',382,'East Orange'),('vi',383,'Clifton'),('vi',384,'Albuquerque'),('vi',385,'Santa Fe'),('vi',386,'Rio Rancho'),('vi',387,'Las Cruces'),('vi',388,'Brentwood'),('vi',389,'Rochester'),('vi',390,'Buffalo'),('vi',391,'Yonkers'),('vi',392,'Schenectady'),('vi',393,'Cheektowaga'),('vi',394,'Mount Vernon'),('vi',395,'New York'),('vi',396,'Syracuse'),('vi',397,'New Rochelle'),('vi',398,'Asheville'),('vi',399,'Greensboro'),('vi',400,'Cary'),('vi',401,'High Point'),('vi',402,'Raleigh'),('vi',403,'Charlotte'),('vi',404,'Durham'),('vi',405,'Winston-Salem'),('vi',406,'Gastonia'),('vi',407,'Greenville'),('vi',408,'Fargo'),('vi',409,'Bismarck'),('vi',410,'Youngs'),('vi',411,'Lorain'),('vi',412,'Parma'),('vi',413,'Cleveland'),('vi',414,'Cincinnati'),('vi',415,'Toledo'),('vi',416,'Akron'),('vi',417,'Canton'),('vi',418,'Dayton'),('vi',419,'Norman'),('vi',420,'Lawton'),('vi',421,'Edmond'),('vi',422,'Broken Arrow'),('vi',423,'Tulsa'),('vi',424,'Oklahoma City'),('vi',425,'Gresham'),('vi',426,'Bend'),('vi',427,'Portland'),('vi',428,'Beaverton'),('vi',429,'Medford'),('vi',430,'Hillsboro'),('vi',431,'Eugene'),('vi',432,'Salem'),('vi',433,'Scranton'),('vi',434,'Reading'),('vi',435,'Erie'),('vi',436,'Pittsburgh'),('vi',437,'Allen'),('vi',438,'Philadelphia'),('vi',439,'Bethlehem'),('vi',440,'Guaynabo'),('vi',441,'Mayagez'),('vi',442,'San Juan'),('vi',443,'Caguas'),('vi',444,'Carolina'),('vi',445,'Ponce'),('vi',446,'Bayamn'),('vi',447,'Providence'),('vi',448,'Pawtucket'),('vi',449,'Warwick'),('vi',450,'Cranston'),('vi',451,'Mount Pleasant'),('vi',452,'Charleston'),('vi',453,'Rock Hill'),('vi',454,'North Charleston'),('vi',455,'Rapid City'),('vi',456,'Sioux Falls'),('vi',457,'Memphis'),('vi',458,'Nashville'),('vi',459,'Clarksville'),('vi',460,'Franklin'),('vi',461,'Johnson City'),('vi',462,'Chattanooga'),('vi',463,'Murfreesboro'),('vi',464,'Knoxville'),('vi',465,'Bryan'),('vi',466,'Garland'),('vi',467,'Round Rock'),('vi',468,'Conroe'),('vi',469,'Frisco'),('vi',470,'Mission'),('vi',471,'Midland'),('vi',472,'Bay'),('vi',473,'Cedar Park'),('vi',474,'Longview'),('vi',475,'Richardson'),('vi',476,'Pharr'),('vi',477,'Flower Mound'),('vi',478,'Grand Prairie'),('vi',479,'Brownsville'),('vi',480,'Lewisville'),('vi',481,'San Antonio'),('vi',482,'Abilene'),('vi',483,'Fort Worth'),('vi',484,'The Woodlands'),('vi',485,'Lubbock'),('vi',486,'Arlington'),('vi',487,'Carrollton'),('vi',488,'McKinney'),('vi',489,'Corpus Christi'),('vi',490,'College Station'),('vi',491,'Plano'),('vi',492,'Laredo'),('vi',493,'Atascocita'),('vi',494,'Pearland'),('vi',495,'Denton'),('vi',496,'Mesquite'),('vi',497,'Amarillo'),('vi',498,'New Braunfels'),('vi',499,'Victoria'),('vi',500,'Odessa'),('vi',501,'McAllen'),('vi',502,'Missouri City'),('vi',503,'Houston'),('vi',504,'Waco'),('vi',505,'League City'),('vi',506,'Killeen'),('vi',507,'Beaumont'),('vi',508,'Sugar Land'),('vi',509,'El Paso'),('vi',510,'Irving'),('vi',511,'Dallas'),('vi',512,'Harlingen'),('vi',513,'Austin'),('vi',514,'Tyler'),('vi',515,'San Angelo'),('vi',516,'North Richland Hills'),('vi',517,'Wichita Falls'),('vi',518,'Edinburg'),('vi',519,'Temple'),('vi',520,'Sandy'),('vi',521,'Orem'),('vi',522,'Layton'),('vi',523,'South Jordan'),('vi',524,'West Valley City'),('vi',525,'Ogden'),('vi',526,'Provo'),('vi',527,'Salt Lake City'),('vi',528,'West Jordan'),('vi',529,'Saint George'),('vi',530,'Hampton'),('vi',531,'Portsmouth'),('vi',532,'Chesapeake'),('vi',533,'Roanoke'),('vi',534,'Lynchburg'),('vi',535,'Norfolk'),('vi',536,'Virginia Beach'),('vi',537,'Alexandria'),('vi',538,'Newport News'),('vi',539,'Suffolk'),('vi',540,'Dale City'),('vi',541,'Centreville'),('vi',542,'Tacoma'),('vi',543,'Kirkland'),('vi',544,'Everett'),('vi',545,'Federal Way'),('vi',546,'Marysville'),('vi',547,'Pasco'),('vi',548,'Spokane Valley'),('vi',549,'Bellevue'),('vi',550,'Kent'),('vi',551,'Renton'),('vi',552,'Spokane'),('vi',553,'Auburn'),('vi',554,'Yakima'),('vi',555,'Bellingham'),('vi',556,'Seattle'),('vi',557,'Vancouver'),('vi',558,'Kennewick'),('vi',559,'Madison'),('vi',560,'Milwaukee'),('vi',561,'Waukesha'),('vi',562,'Green Bay'),('vi',563,'Appleton'),('vi',564,'Eau Claire'),('vi',565,'Racine'),('vi',566,'Oshkosh'),('vi',567,'Kenosha');
/*!40000 ALTER TABLE `cities_translations` ENABLE KEYS */;
UNLOCK TABLES;

--
-- Table structure for table `contact_replies`
--

DROP TABLE IF EXISTS `contact_replies`;
/*!40101 SET @saved_cs_client     = @@character_set_client */;
/*!50503 SET character_set_client = utf8mb4 */;
CREATE TABLE `contact_replies` (
  `id` bigint unsigned NOT NULL AUTO_INCREMENT,
  `message` longtext COLLATE utf8mb4_unicode_ci NOT NULL,
  `contact_id` bigint unsigned NOT NULL,
  `created_at` timestamp NULL DEFAULT NULL,
  `updated_at` timestamp NULL DEFAULT NULL,
  PRIMARY KEY (`id`)
) ENGINE=InnoDB DEFAULT CHARSET=utf8mb4 COLLATE=utf8mb4_unicode_ci;
/*!40101 SET character_set_client = @saved_cs_client */;

--
-- Dumping data for table `contact_replies`
--

LOCK TABLES `contact_replies` WRITE;
/*!40000 ALTER TABLE `contact_replies` DISABLE KEYS */;
/*!40000 ALTER TABLE `contact_replies` ENABLE KEYS */;
UNLOCK TABLES;

--
-- Table structure for table `contacts`
--

DROP TABLE IF EXISTS `contacts`;
/*!40101 SET @saved_cs_client     = @@character_set_client */;
/*!50503 SET character_set_client = utf8mb4 */;
CREATE TABLE `contacts` (
  `id` bigint unsigned NOT NULL AUTO_INCREMENT,
  `name` varchar(60) COLLATE utf8mb4_unicode_ci NOT NULL,
  `email` varchar(60) COLLATE utf8mb4_unicode_ci NOT NULL,
  `phone` varchar(60) COLLATE utf8mb4_unicode_ci DEFAULT NULL,
  `address` varchar(120) COLLATE utf8mb4_unicode_ci DEFAULT NULL,
  `subject` varchar(120) COLLATE utf8mb4_unicode_ci DEFAULT NULL,
  `content` longtext COLLATE utf8mb4_unicode_ci NOT NULL,
  `status` varchar(60) COLLATE utf8mb4_unicode_ci NOT NULL DEFAULT 'unread',
  `created_at` timestamp NULL DEFAULT NULL,
  `updated_at` timestamp NULL DEFAULT NULL,
  PRIMARY KEY (`id`)
) ENGINE=InnoDB AUTO_INCREMENT=11 DEFAULT CHARSET=utf8mb4 COLLATE=utf8mb4_unicode_ci;
/*!40101 SET character_set_client = @saved_cs_client */;

--
-- Dumping data for table `contacts`
--

LOCK TABLES `contacts` WRITE;
/*!40000 ALTER TABLE `contacts` DISABLE KEYS */;
INSERT INTO `contacts` VALUES (1,'Bernardo Kuhn','kemmer.shea@example.org','+13395717150','16571 Huels Harbors Apt. 680\nSouth Jacynthe, KS 00177','Placeat qui impedit sed eveniet consequatur.','Similique in totam omnis officia eum magni occaecati. Et recusandae consectetur quo animi. Eligendi molestias rerum ab maiores explicabo incidunt rerum. Voluptatem dolorem aperiam nisi velit provident. Laboriosam sunt maiores sapiente eligendi vitae non eos. Iure sunt aut tempore. Dolores doloribus aliquam veniam expedita inventore voluptatum similique nihil.','unread','2023-06-13 21:33:46','2023-06-13 21:33:46'),(2,'Raquel Lehner','oschaden@example.com','+16613705882','7369 Wilkinson Village\nRahsaanhaven, NC 49395','Error vel qui sed iure aut.','Ut sequi atque libero et illum. Ab tempora cum illum labore dolorem. Tenetur ipsam iusto a quia aut. Velit quis ipsam veniam recusandae. Quo et doloribus quisquam recusandae qui modi porro. Et est provident voluptas ad doloremque. Repellendus non voluptatem omnis accusantium quisquam est fuga earum. Quisquam laboriosam ad aut.','read','2023-06-13 21:33:46','2023-06-13 21:33:46'),(3,'Abdullah Collier','rjohnson@example.org','+13809153893','5042 Johns Alley\nNew Howelltown, OK 47276','Nihil est tempora accusamus et commodi.','Alias similique dolores et laboriosam est. Ut dolorum maiores sed cumque adipisci. Magni excepturi impedit quo iste aliquid dicta. Quia et et blanditiis ea corrupti. Eveniet corporis qui laudantium architecto et voluptates consequatur. Ex maiores non dolorem temporibus. Delectus eum expedita quae in minus. Animi perferendis quia odio vel. Possimus et aut consequatur doloribus. Eveniet ducimus in adipisci nulla. Qui enim neque rerum sit et quaerat.','unread','2023-06-13 21:33:46','2023-06-13 21:33:46'),(4,'Mr. Dillan Haley V','grady.kuphal@example.org','+15862702965','8104 Candida Stream Suite 384\nEast Bethchester, DE 45817','Ut ut voluptatem omnis minus aut.','Voluptas repudiandae veritatis explicabo suscipit voluptate consequatur. At ut unde natus nulla quis. Voluptas quo vitae ad corporis rerum fuga sint. Ab ducimus qui temporibus perspiciatis libero. Ut perspiciatis saepe non qui. Voluptatem aut assumenda consequatur et neque. Eveniet sint in ut nesciunt est. Labore sint reprehenderit ut aut rerum voluptatem illo architecto. Tenetur enim ullam aut ex quis. Et voluptas repellat optio eos sunt. Et corporis iure illo quidem enim.','unread','2023-06-13 21:33:46','2023-06-13 21:33:46'),(5,'Florian Toy','pollich.lucas@example.net','+19597880722','3844 Borer Row\nBeckerbury, TN 75421','In saepe sed hic sed dolor exercitationem non.','Dolorum corporis facere saepe dolorem et ut. Nostrum distinctio eos reiciendis dolor voluptatum. Aliquid sed quia possimus tenetur autem magnam. Voluptatem totam cupiditate ut minus aperiam eaque debitis blanditiis. Accusamus molestiae ea provident fuga. Adipisci earum qui vel ut impedit praesentium quia. Consequatur qui eligendi et dolorem. Voluptatibus consequatur velit itaque illo est veniam.','read','2023-06-13 21:33:46','2023-06-13 21:33:46'),(6,'Alison Corwin','jsatterfield@example.com','+19304235716','69748 Brown Path Suite 343\nPort Henriette, CT 67171-2928','Odio aut nisi sit et iusto deserunt ut.','Sed ab et nobis praesentium. Eum quasi molestiae ratione enim. Expedita repellendus soluta quo necessitatibus facere. Quisquam est repellendus ut sed in nemo non. Occaecati atque esse voluptatem tempore. Sint consequuntur non velit iure est. Saepe modi optio magnam exercitationem. Qui sit itaque facere dolorem. Ut explicabo nostrum hic impedit facilis dolores. Voluptas est laborum ea alias qui. Voluptates velit distinctio dolor minus fugiat. Est at voluptate molestiae voluptatem.','read','2023-06-13 21:33:46','2023-06-13 21:33:46'),(7,'Mariam Stoltenberg V','maryam87@example.com','+16236842948','280 Hirthe Lodge\nMetzfort, MD 70546','Sed at dolorem dolores doloremque.','Molestias aspernatur temporibus praesentium est nesciunt esse pariatur quibusdam. Saepe vero voluptas omnis et. Dolorem animi molestiae similique itaque ut labore minus. Cupiditate velit tenetur facilis quos. Nobis et et velit et doloremque debitis. Voluptas et laudantium quidem. Iusto delectus consequatur quis nesciunt beatae. Dolorem ut sed non alias. Minima perferendis exercitationem nihil aut.','unread','2023-06-13 21:33:46','2023-06-13 21:33:46'),(8,'Lonie Schulist','hershel.bednar@example.net','+16808229181','483 Abagail Plains Apt. 922\nOlsonside, NM 36102-3567','Sunt fugiat non sed repellat et.','Enim soluta numquam atque ipsa voluptates. Sit eos voluptatem quam possimus non. Vitae temporibus rerum pariatur vitae et dolorem qui. Alias non dolore eos. Ea quia dolore ratione asperiores eos. Ullam facere mollitia qui et. A quibusdam pariatur dolorem in dolore recusandae. Cumque provident ut blanditiis. Cum alias exercitationem nihil quos quia in. Eius et iste harum. Excepturi et debitis quae. Dolor non et est rem quia aut. Ut voluptatem quis aut ipsa.','unread','2023-06-13 21:33:46','2023-06-13 21:33:46'),(9,'Adam Huels','lynch.norene@example.net','+12793384137','1138 McCullough Circle\nBorerchester, MT 19526','Sunt illum asperiores in laborum.','Explicabo ipsam et tenetur aut quam est quae. Consequatur vel mollitia earum quia dicta vel aspernatur fugiat. Dolorem at aut at eum ut. Et atque ut nihil rerum nobis reprehenderit. Quia voluptatum dolor eos aut iure ex. Numquam corporis tempore ut et voluptas velit. Sit dolores et nam tempora sit aut. Quos illo et hic quis. Et vero excepturi dolores velit consequatur quia. Est omnis et qui ipsam dolore quibusdam aut. Voluptatibus doloremque temporibus vel hic qui.','read','2023-06-13 21:33:46','2023-06-13 21:33:46'),(10,'Jayne Corwin','willms.arlie@example.org','+17197247707','869 Lonzo Shoals\nNigelfort, ID 63150-3245','Omnis aut quis commodi ut suscipit et totam.','Quo sequi in accusantium ratione aliquid quia dolorem. Dolor deserunt aut aliquam nisi perferendis aut impedit. Quam qui dolorum voluptate ex quis et placeat vel. Itaque sunt aut deleniti. Iste dolorem quidem recusandae dolorum velit. Non quia nobis animi explicabo sit praesentium. Adipisci et est similique eveniet omnis natus est. Quia et quia aut qui non. Qui impedit iure tempore. Eos aut molestiae delectus maiores. Non corporis vel qui.','unread','2023-06-13 21:33:46','2023-06-13 21:33:46');
/*!40000 ALTER TABLE `contacts` ENABLE KEYS */;
UNLOCK TABLES;

--
-- Table structure for table `countries`
--

DROP TABLE IF EXISTS `countries`;
/*!40101 SET @saved_cs_client     = @@character_set_client */;
/*!50503 SET character_set_client = utf8mb4 */;
CREATE TABLE `countries` (
  `id` bigint unsigned NOT NULL AUTO_INCREMENT,
  `name` varchar(120) COLLATE utf8mb4_unicode_ci NOT NULL,
  `nationality` varchar(120) CHARACTER SET utf8mb4 COLLATE utf8mb4_unicode_ci DEFAULT NULL,
  `order` tinyint NOT NULL DEFAULT '0',
  `is_default` tinyint unsigned NOT NULL DEFAULT '0',
  `status` varchar(60) COLLATE utf8mb4_unicode_ci NOT NULL DEFAULT 'published',
  `created_at` timestamp NULL DEFAULT NULL,
  `updated_at` timestamp NULL DEFAULT NULL,
  `code` varchar(10) COLLATE utf8mb4_unicode_ci DEFAULT NULL,
  PRIMARY KEY (`id`)
) ENGINE=InnoDB AUTO_INCREMENT=2 DEFAULT CHARSET=utf8mb4 COLLATE=utf8mb4_unicode_ci;
/*!40101 SET character_set_client = @saved_cs_client */;

--
-- Dumping data for table `countries`
--

LOCK TABLES `countries` WRITE;
/*!40000 ALTER TABLE `countries` DISABLE KEYS */;
INSERT INTO `countries` VALUES (1,'United States of America','Americans',0,1,'published','2023-06-13 21:33:50','2023-06-13 21:33:50','US');
/*!40000 ALTER TABLE `countries` ENABLE KEYS */;
UNLOCK TABLES;

--
-- Table structure for table `countries_translations`
--

DROP TABLE IF EXISTS `countries_translations`;
/*!40101 SET @saved_cs_client     = @@character_set_client */;
/*!50503 SET character_set_client = utf8mb4 */;
CREATE TABLE `countries_translations` (
  `lang_code` varchar(191) COLLATE utf8mb4_unicode_ci NOT NULL,
  `countries_id` bigint unsigned NOT NULL,
  `name` varchar(120) COLLATE utf8mb4_unicode_ci DEFAULT NULL,
  `nationality` varchar(120) COLLATE utf8mb4_unicode_ci DEFAULT NULL,
  PRIMARY KEY (`lang_code`,`countries_id`)
) ENGINE=InnoDB DEFAULT CHARSET=utf8mb4 COLLATE=utf8mb4_unicode_ci;
/*!40101 SET character_set_client = @saved_cs_client */;

--
-- Dumping data for table `countries_translations`
--

LOCK TABLES `countries_translations` WRITE;
/*!40000 ALTER TABLE `countries_translations` DISABLE KEYS */;
INSERT INTO `countries_translations` VALUES ('ar',1,'United States of America','Americans'),('vi',1,'United States of America','Americans');
/*!40000 ALTER TABLE `countries_translations` ENABLE KEYS */;
UNLOCK TABLES;

--
-- Table structure for table `dashboard_widget_settings`
--

DROP TABLE IF EXISTS `dashboard_widget_settings`;
/*!40101 SET @saved_cs_client     = @@character_set_client */;
/*!50503 SET character_set_client = utf8mb4 */;
CREATE TABLE `dashboard_widget_settings` (
  `id` bigint unsigned NOT NULL AUTO_INCREMENT,
  `settings` text COLLATE utf8mb4_unicode_ci,
  `user_id` bigint unsigned NOT NULL,
  `widget_id` bigint unsigned NOT NULL,
  `order` tinyint unsigned NOT NULL DEFAULT '0',
  `status` tinyint unsigned NOT NULL DEFAULT '1',
  `created_at` timestamp NULL DEFAULT NULL,
  `updated_at` timestamp NULL DEFAULT NULL,
  PRIMARY KEY (`id`),
  KEY `dashboard_widget_settings_user_id_index` (`user_id`),
  KEY `dashboard_widget_settings_widget_id_index` (`widget_id`)
) ENGINE=InnoDB DEFAULT CHARSET=utf8mb4 COLLATE=utf8mb4_unicode_ci;
/*!40101 SET character_set_client = @saved_cs_client */;

--
-- Dumping data for table `dashboard_widget_settings`
--

LOCK TABLES `dashboard_widget_settings` WRITE;
/*!40000 ALTER TABLE `dashboard_widget_settings` DISABLE KEYS */;
/*!40000 ALTER TABLE `dashboard_widget_settings` ENABLE KEYS */;
UNLOCK TABLES;

--
-- Table structure for table `dashboard_widgets`
--

DROP TABLE IF EXISTS `dashboard_widgets`;
/*!40101 SET @saved_cs_client     = @@character_set_client */;
/*!50503 SET character_set_client = utf8mb4 */;
CREATE TABLE `dashboard_widgets` (
  `id` bigint unsigned NOT NULL AUTO_INCREMENT,
  `name` varchar(120) COLLATE utf8mb4_unicode_ci NOT NULL,
  `created_at` timestamp NULL DEFAULT NULL,
  `updated_at` timestamp NULL DEFAULT NULL,
  PRIMARY KEY (`id`)
) ENGINE=InnoDB DEFAULT CHARSET=utf8mb4 COLLATE=utf8mb4_unicode_ci;
/*!40101 SET character_set_client = @saved_cs_client */;

--
-- Dumping data for table `dashboard_widgets`
--

LOCK TABLES `dashboard_widgets` WRITE;
/*!40000 ALTER TABLE `dashboard_widgets` DISABLE KEYS */;
/*!40000 ALTER TABLE `dashboard_widgets` ENABLE KEYS */;
UNLOCK TABLES;

--
-- Table structure for table `failed_jobs`
--

DROP TABLE IF EXISTS `failed_jobs`;
/*!40101 SET @saved_cs_client     = @@character_set_client */;
/*!50503 SET character_set_client = utf8mb4 */;
CREATE TABLE `failed_jobs` (
  `id` bigint unsigned NOT NULL AUTO_INCREMENT,
  `uuid` varchar(191) COLLATE utf8mb4_unicode_ci NOT NULL,
  `connection` text COLLATE utf8mb4_unicode_ci NOT NULL,
  `queue` text COLLATE utf8mb4_unicode_ci NOT NULL,
  `payload` longtext COLLATE utf8mb4_unicode_ci NOT NULL,
  `exception` longtext COLLATE utf8mb4_unicode_ci NOT NULL,
  `failed_at` timestamp NOT NULL DEFAULT CURRENT_TIMESTAMP,
  PRIMARY KEY (`id`),
  UNIQUE KEY `failed_jobs_uuid_unique` (`uuid`)
) ENGINE=InnoDB DEFAULT CHARSET=utf8mb4 COLLATE=utf8mb4_unicode_ci;
/*!40101 SET character_set_client = @saved_cs_client */;

--
-- Dumping data for table `failed_jobs`
--

LOCK TABLES `failed_jobs` WRITE;
/*!40000 ALTER TABLE `failed_jobs` DISABLE KEYS */;
/*!40000 ALTER TABLE `failed_jobs` ENABLE KEYS */;
UNLOCK TABLES;

--
-- Table structure for table `faq_categories`
--

DROP TABLE IF EXISTS `faq_categories`;
/*!40101 SET @saved_cs_client     = @@character_set_client */;
/*!50503 SET character_set_client = utf8mb4 */;
CREATE TABLE `faq_categories` (
  `id` bigint unsigned NOT NULL AUTO_INCREMENT,
  `name` varchar(120) COLLATE utf8mb4_unicode_ci NOT NULL,
  `order` tinyint NOT NULL DEFAULT '0',
  `status` varchar(60) COLLATE utf8mb4_unicode_ci NOT NULL DEFAULT 'published',
  `created_at` timestamp NULL DEFAULT NULL,
  `updated_at` timestamp NULL DEFAULT NULL,
  PRIMARY KEY (`id`)
) ENGINE=InnoDB AUTO_INCREMENT=5 DEFAULT CHARSET=utf8mb4 COLLATE=utf8mb4_unicode_ci;
/*!40101 SET character_set_client = @saved_cs_client */;

--
-- Dumping data for table `faq_categories`
--

LOCK TABLES `faq_categories` WRITE;
/*!40000 ALTER TABLE `faq_categories` DISABLE KEYS */;
INSERT INTO `faq_categories` VALUES (1,'General',0,'published','2023-06-13 21:34:09','2023-06-13 21:34:09'),(2,'Buying',1,'published','2023-06-13 21:34:09','2023-06-13 21:34:09'),(3,'Payment',2,'published','2023-06-13 21:34:09','2023-06-13 21:34:09'),(4,'Support',3,'published','2023-06-13 21:34:09','2023-06-13 21:34:09');
/*!40000 ALTER TABLE `faq_categories` ENABLE KEYS */;
UNLOCK TABLES;

--
-- Table structure for table `faq_categories_translations`
--

DROP TABLE IF EXISTS `faq_categories_translations`;
/*!40101 SET @saved_cs_client     = @@character_set_client */;
/*!50503 SET character_set_client = utf8mb4 */;
CREATE TABLE `faq_categories_translations` (
  `lang_code` varchar(191) COLLATE utf8mb4_unicode_ci NOT NULL,
  `faq_categories_id` bigint unsigned NOT NULL,
  `name` varchar(120) COLLATE utf8mb4_unicode_ci DEFAULT NULL,
  PRIMARY KEY (`lang_code`,`faq_categories_id`)
) ENGINE=InnoDB DEFAULT CHARSET=utf8mb4 COLLATE=utf8mb4_unicode_ci;
/*!40101 SET character_set_client = @saved_cs_client */;

--
-- Dumping data for table `faq_categories_translations`
--

LOCK TABLES `faq_categories_translations` WRITE;
/*!40000 ALTER TABLE `faq_categories_translations` DISABLE KEYS */;
INSERT INTO `faq_categories_translations` VALUES ('vi',1,'Chung'),('vi',2,'Mua'),('vi',3,'Thanh ton'),('vi',4,'H tr');
/*!40000 ALTER TABLE `faq_categories_translations` ENABLE KEYS */;
UNLOCK TABLES;

--
-- Table structure for table `faqs`
--

DROP TABLE IF EXISTS `faqs`;
/*!40101 SET @saved_cs_client     = @@character_set_client */;
/*!50503 SET character_set_client = utf8mb4 */;
CREATE TABLE `faqs` (
  `id` bigint unsigned NOT NULL AUTO_INCREMENT,
  `question` text COLLATE utf8mb4_unicode_ci NOT NULL,
  `answer` text COLLATE utf8mb4_unicode_ci NOT NULL,
  `category_id` bigint unsigned NOT NULL,
  `status` varchar(60) COLLATE utf8mb4_unicode_ci NOT NULL DEFAULT 'published',
  `created_at` timestamp NULL DEFAULT NULL,
  `updated_at` timestamp NULL DEFAULT NULL,
  PRIMARY KEY (`id`)
) ENGINE=InnoDB AUTO_INCREMENT=25 DEFAULT CHARSET=utf8mb4 COLLATE=utf8mb4_unicode_ci;
/*!40101 SET character_set_client = @saved_cs_client */;

--
-- Dumping data for table `faqs`
--

LOCK TABLES `faqs` WRITE;
/*!40000 ALTER TABLE `faqs` DISABLE KEYS */;
INSERT INTO `faqs` VALUES (1,'Where does it come from ?','If several languages coalesce, the grammar of the resulting language is more simple and regular than that of the individual languages. The new common language will be more simple and regular than the existing European languages.',1,'published','2023-06-13 21:34:09','2023-06-13 21:34:09'),(2,'How Jobcy Work ?','To an English person, it will seem like simplified English, as a skeptical Cambridge friend of mine told me what Occidental is. The European languages are members of the same family. Their separate existence is a myth.',1,'published','2023-06-13 21:34:09','2023-06-13 21:34:09'),(3,'What is your shipping policy?','Everyone realizes why a new common language would be desirable: one could refuse to pay expensive translators. To achieve this, it would be necessary to have uniform grammar, pronunciation and more common words.',1,'published','2023-06-13 21:34:09','2023-06-13 21:34:09'),(4,'Where To Place A FAQ Page','Just as the name suggests, a FAQ page is all about simple questions and answers. Gather common questions your customers have asked from your support team and include them in the FAQ, Use categories to organize questions related to specific topics.',1,'published','2023-06-13 21:34:09','2023-06-13 21:34:09'),(5,'Why do we use it ?','It will be as simple as Occidental; in fact, it will be Occidental. To an English person, it will seem like simplified English, as a skeptical Cambridge friend of mine told me what Occidental.',1,'published','2023-06-13 21:34:09','2023-06-13 21:34:09'),(6,'Where can I get some ?','To an English person, it will seem like simplified English, as a skeptical Cambridge friend of mine told me what Occidental is. The European languages are members of the same family. Their separate existence is a myth.',1,'published','2023-06-13 21:34:09','2023-06-13 21:34:09'),(7,'Where does it come from ?','If several languages coalesce, the grammar of the resulting language is more simple and regular than that of the individual languages. The new common language will be more simple and regular than the existing European languages.',2,'published','2023-06-13 21:34:09','2023-06-13 21:34:09'),(8,'How Jobcy Work ?','To an English person, it will seem like simplified English, as a skeptical Cambridge friend of mine told me what Occidental is. The European languages are members of the same family. Their separate existence is a myth.',2,'published','2023-06-13 21:34:09','2023-06-13 21:34:09'),(9,'What is your shipping policy?','Everyone realizes why a new common language would be desirable: one could refuse to pay expensive translators. To achieve this, it would be necessary to have uniform grammar, pronunciation and more common words.',2,'published','2023-06-13 21:34:09','2023-06-13 21:34:09'),(10,'Where To Place A FAQ Page','Just as the name suggests, a FAQ page is all about simple questions and answers. Gather common questions your customers have asked from your support team and include them in the FAQ, Use categories to organize questions related to specific topics.',2,'published','2023-06-13 21:34:09','2023-06-13 21:34:09'),(11,'Why do we use it ?','It will be as simple as Occidental; in fact, it will be Occidental. To an English person, it will seem like simplified English, as a skeptical Cambridge friend of mine told me what Occidental.',2,'published','2023-06-13 21:34:09','2023-06-13 21:34:09'),(12,'Where can I get some ?','To an English person, it will seem like simplified English, as a skeptical Cambridge friend of mine told me what Occidental is. The European languages are members of the same family. Their separate existence is a myth.',2,'published','2023-06-13 21:34:09','2023-06-13 21:34:09'),(13,'Where does it come from ?','If several languages coalesce, the grammar of the resulting language is more simple and regular than that of the individual languages. The new common language will be more simple and regular than the existing European languages.',3,'published','2023-06-13 21:34:09','2023-06-13 21:34:09'),(14,'How Jobcy Work ?','To an English person, it will seem like simplified English, as a skeptical Cambridge friend of mine told me what Occidental is. The European languages are members of the same family. Their separate existence is a myth.',3,'published','2023-06-13 21:34:09','2023-06-13 21:34:09'),(15,'What is your shipping policy?','Everyone realizes why a new common language would be desirable: one could refuse to pay expensive translators. To achieve this, it would be necessary to have uniform grammar, pronunciation and more common words.',3,'published','2023-06-13 21:34:09','2023-06-13 21:34:09'),(16,'Where To Place A FAQ Page','Just as the name suggests, a FAQ page is all about simple questions and answers. Gather common questions your customers have asked from your support team and include them in the FAQ, Use categories to organize questions related to specific topics.',3,'published','2023-06-13 21:34:09','2023-06-13 21:34:09'),(17,'Why do we use it ?','It will be as simple as Occidental; in fact, it will be Occidental. To an English person, it will seem like simplified English, as a skeptical Cambridge friend of mine told me what Occidental.',3,'published','2023-06-13 21:34:09','2023-06-13 21:34:09'),(18,'Where can I get some ?','To an English person, it will seem like simplified English, as a skeptical Cambridge friend of mine told me what Occidental is. The European languages are members of the same family. Their separate existence is a myth.',3,'published','2023-06-13 21:34:09','2023-06-13 21:34:09'),(19,'Where does it come from ?','If several languages coalesce, the grammar of the resulting language is more simple and regular than that of the individual languages. The new common language will be more simple and regular than the existing European languages.',4,'published','2023-06-13 21:34:09','2023-06-13 21:34:09'),(20,'How Jobcy Work ?','To an English person, it will seem like simplified English, as a skeptical Cambridge friend of mine told me what Occidental is. The European languages are members of the same family. Their separate existence is a myth.',4,'published','2023-06-13 21:34:09','2023-06-13 21:34:09'),(21,'What is your shipping policy?','Everyone realizes why a new common language would be desirable: one could refuse to pay expensive translators. To achieve this, it would be necessary to have uniform grammar, pronunciation and more common words.',4,'published','2023-06-13 21:34:09','2023-06-13 21:34:09'),(22,'Where To Place A FAQ Page','Just as the name suggests, a FAQ page is all about simple questions and answers. Gather common questions your customers have asked from your support team and include them in the FAQ, Use categories to organize questions related to specific topics.',4,'published','2023-06-13 21:34:09','2023-06-13 21:34:09'),(23,'Why do we use it ?','It will be as simple as Occidental; in fact, it will be Occidental. To an English person, it will seem like simplified English, as a skeptical Cambridge friend of mine told me what Occidental.',4,'published','2023-06-13 21:34:09','2023-06-13 21:34:09'),(24,'Where can I get some ?','To an English person, it will seem like simplified English, as a skeptical Cambridge friend of mine told me what Occidental is. The European languages are members of the same family. Their separate existence is a myth.',4,'published','2023-06-13 21:34:09','2023-06-13 21:34:09');
/*!40000 ALTER TABLE `faqs` ENABLE KEYS */;
UNLOCK TABLES;

--
-- Table structure for table `faqs_translations`
--

DROP TABLE IF EXISTS `faqs_translations`;
/*!40101 SET @saved_cs_client     = @@character_set_client */;
/*!50503 SET character_set_client = utf8mb4 */;
CREATE TABLE `faqs_translations` (
  `lang_code` varchar(191) COLLATE utf8mb4_unicode_ci NOT NULL,
  `faqs_id` bigint unsigned NOT NULL,
  `question` text COLLATE utf8mb4_unicode_ci,
  `answer` text COLLATE utf8mb4_unicode_ci,
  PRIMARY KEY (`lang_code`,`faqs_id`)
) ENGINE=InnoDB DEFAULT CHARSET=utf8mb4 COLLATE=utf8mb4_unicode_ci;
/*!40101 SET character_set_client = @saved_cs_client */;

--
-- Dumping data for table `faqs_translations`
--

LOCK TABLES `faqs_translations` WRITE;
/*!40000 ALTER TABLE `faqs_translations` DISABLE KEYS */;
/*!40000 ALTER TABLE `faqs_translations` ENABLE KEYS */;
UNLOCK TABLES;

--
-- Table structure for table `jb_account_activity_logs`
--

DROP TABLE IF EXISTS `jb_account_activity_logs`;
/*!40101 SET @saved_cs_client     = @@character_set_client */;
/*!50503 SET character_set_client = utf8mb4 */;
CREATE TABLE `jb_account_activity_logs` (
  `id` bigint unsigned NOT NULL AUTO_INCREMENT,
  `action` varchar(120) COLLATE utf8mb4_unicode_ci NOT NULL,
  `user_agent` text COLLATE utf8mb4_unicode_ci,
  `reference_url` varchar(255) COLLATE utf8mb4_unicode_ci DEFAULT NULL,
  `reference_name` varchar(255) COLLATE utf8mb4_unicode_ci DEFAULT NULL,
  `ip_address` varchar(39) CHARACTER SET utf8mb4 COLLATE utf8mb4_unicode_ci DEFAULT NULL,
  `account_id` bigint unsigned NOT NULL,
  `created_at` timestamp NULL DEFAULT NULL,
  `updated_at` timestamp NULL DEFAULT NULL,
  PRIMARY KEY (`id`),
  KEY `jb_account_activity_logs_account_id_index` (`account_id`)
) ENGINE=InnoDB DEFAULT CHARSET=utf8mb4 COLLATE=utf8mb4_unicode_ci;
/*!40101 SET character_set_client = @saved_cs_client */;

--
-- Dumping data for table `jb_account_activity_logs`
--

LOCK TABLES `jb_account_activity_logs` WRITE;
/*!40000 ALTER TABLE `jb_account_activity_logs` DISABLE KEYS */;
/*!40000 ALTER TABLE `jb_account_activity_logs` ENABLE KEYS */;
UNLOCK TABLES;

--
-- Table structure for table `jb_account_educations`
--

DROP TABLE IF EXISTS `jb_account_educations`;
/*!40101 SET @saved_cs_client     = @@character_set_client */;
/*!50503 SET character_set_client = utf8mb4 */;
CREATE TABLE `jb_account_educations` (
  `id` bigint unsigned NOT NULL AUTO_INCREMENT,
  `school` varchar(191) COLLATE utf8mb4_unicode_ci NOT NULL,
  `account_id` bigint unsigned NOT NULL,
  `specialized` varchar(191) COLLATE utf8mb4_unicode_ci DEFAULT NULL,
  `started_at` date NOT NULL,
  `ended_at` date DEFAULT NULL,
  `description` text COLLATE utf8mb4_unicode_ci,
  `created_at` timestamp NULL DEFAULT NULL,
  `updated_at` timestamp NULL DEFAULT NULL,
  PRIMARY KEY (`id`)
) ENGINE=InnoDB AUTO_INCREMENT=46 DEFAULT CHARSET=utf8mb4 COLLATE=utf8mb4_unicode_ci;
/*!40101 SET character_set_client = @saved_cs_client */;

--
-- Dumping data for table `jb_account_educations`
--

LOCK TABLES `jb_account_educations` WRITE;
/*!40000 ALTER TABLE `jb_account_educations` DISABLE KEYS */;
INSERT INTO `jb_account_educations` VALUES (1,'American Institute of Health Technology',2,'Anthropology','2023-06-14','2023-06-14','There are many variations of passages of available, but the majority alteration in some form.\n                As a highly skilled and successful product development and design specialist with more than 4 Years of\n                My experience','2023-06-13 21:34:02','2023-06-13 21:34:02'),(2,'American Institute of Health Technology',14,'Anthropology','2023-06-14','2023-06-14','There are many variations of passages of available, but the majority alteration in some form.\n                As a highly skilled and successful product development and design specialist with more than 4 Years of\n                My experience','2023-06-13 21:34:03','2023-06-13 21:34:03'),(3,'Gateway Technical College',15,'Art History','2023-06-14','2023-06-14','There are many variations of passages of available, but the majority alteration in some form.\n                As a highly skilled and successful product development and design specialist with more than 4 Years of\n                My experience','2023-06-13 21:34:03','2023-06-13 21:34:03'),(4,'Associated Mennonite Biblical Seminary',16,'Art History','2023-06-14','2023-06-14','There are many variations of passages of available, but the majority alteration in some form.\n                As a highly skilled and successful product development and design specialist with more than 4 Years of\n                My experience','2023-06-13 21:34:03','2023-06-13 21:34:03'),(5,'American Institute of Health Technology',23,'Classical Studies','2023-06-14','2023-06-14','There are many variations of passages of available, but the majority alteration in some form.\n                As a highly skilled and successful product development and design specialist with more than 4 Years of\n                My experience','2023-06-13 21:34:04','2023-06-13 21:34:04'),(6,'Antioch University McGregor',24,'Art History','2023-06-14','2023-06-14','There are many variations of passages of available, but the majority alteration in some form.\n                As a highly skilled and successful product development and design specialist with more than 4 Years of\n                My experience','2023-06-13 21:34:04','2023-06-13 21:34:04'),(7,'American Institute of Health Technology',26,'Art History','2023-06-14','2023-06-14','There are many variations of passages of available, but the majority alteration in some form.\n                As a highly skilled and successful product development and design specialist with more than 4 Years of\n                My experience','2023-06-13 21:34:04','2023-06-13 21:34:04'),(8,'The University of the State of Alabama',29,'Economics','2023-06-14','2023-06-14','There are many variations of passages of available, but the majority alteration in some form.\n                As a highly skilled and successful product development and design specialist with more than 4 Years of\n                My experience','2023-06-13 21:34:04','2023-06-13 21:34:04'),(9,'The University of the State of Alabama',32,'Anthropology','2023-06-14','2023-06-14','There are many variations of passages of available, but the majority alteration in some form.\n                As a highly skilled and successful product development and design specialist with more than 4 Years of\n                My experience','2023-06-13 21:34:04','2023-06-13 21:34:04'),(10,'Gateway Technical College',33,'Anthropology','2023-06-14','2023-06-14','There are many variations of passages of available, but the majority alteration in some form.\n                As a highly skilled and successful product development and design specialist with more than 4 Years of\n                My experience','2023-06-13 21:34:04','2023-06-13 21:34:04'),(11,'Antioch University McGregor',36,'Economics','2023-06-14','2023-06-14','There are many variations of passages of available, but the majority alteration in some form.\n                As a highly skilled and successful product development and design specialist with more than 4 Years of\n                My experience','2023-06-13 21:34:05','2023-06-13 21:34:05'),(12,'Associated Mennonite Biblical Seminary',38,'Culture and Technology Studies','2023-06-14','2023-06-14','There are many variations of passages of available, but the majority alteration in some form.\n                As a highly skilled and successful product development and design specialist with more than 4 Years of\n                My experience','2023-06-13 21:34:05','2023-06-13 21:34:05'),(13,'Associated Mennonite Biblical Seminary',39,'Art History','2023-06-14','2023-06-14','There are many variations of passages of available, but the majority alteration in some form.\n                As a highly skilled and successful product development and design specialist with more than 4 Years of\n                My experience','2023-06-13 21:34:05','2023-06-13 21:34:05'),(14,'American Institute of Health Technology',40,'Culture and Technology Studies','2023-06-14','2023-06-14','There are many variations of passages of available, but the majority alteration in some form.\n                As a highly skilled and successful product development and design specialist with more than 4 Years of\n                My experience','2023-06-13 21:34:05','2023-06-13 21:34:05'),(15,'The University of the State of Alabama',41,'Classical Studies','2023-06-14','2023-06-14','There are many variations of passages of available, but the majority alteration in some form.\n                As a highly skilled and successful product development and design specialist with more than 4 Years of\n                My experience','2023-06-13 21:34:05','2023-06-13 21:34:05'),(16,'Antioch University McGregor',42,'Art History','2023-06-14','2023-06-14','There are many variations of passages of available, but the majority alteration in some form.\n                As a highly skilled and successful product development and design specialist with more than 4 Years of\n                My experience','2023-06-13 21:34:05','2023-06-13 21:34:05'),(17,'The University of the State of Alabama',43,'Anthropology','2023-06-14','2023-06-14','There are many variations of passages of available, but the majority alteration in some form.\n                As a highly skilled and successful product development and design specialist with more than 4 Years of\n                My experience','2023-06-13 21:34:05','2023-06-13 21:34:05'),(18,'Adams State College',44,'Classical Studies','2023-06-14','2023-06-14','There are many variations of passages of available, but the majority alteration in some form.\n                As a highly skilled and successful product development and design specialist with more than 4 Years of\n                My experience','2023-06-13 21:34:05','2023-06-13 21:34:05'),(19,'The University of the State of Alabama',46,'Economics','2023-06-14','2023-06-14','There are many variations of passages of available, but the majority alteration in some form.\n                As a highly skilled and successful product development and design specialist with more than 4 Years of\n                My experience','2023-06-13 21:34:05','2023-06-13 21:34:05'),(20,'Adams State College',50,'Economics','2023-06-14','2023-06-14','There are many variations of passages of available, but the majority alteration in some form.\n                As a highly skilled and successful product development and design specialist with more than 4 Years of\n                My experience','2023-06-13 21:34:05','2023-06-13 21:34:05'),(21,'Associated Mennonite Biblical Seminary',52,'Culture and Technology Studies','2023-06-14','2023-06-14','There are many variations of passages of available, but the majority alteration in some form.\n                As a highly skilled and successful product development and design specialist with more than 4 Years of\n                My experience','2023-06-13 21:34:06','2023-06-13 21:34:06'),(22,'Associated Mennonite Biblical Seminary',55,'Economics','2023-06-14','2023-06-14','There are many variations of passages of available, but the majority alteration in some form.\n                As a highly skilled and successful product development and design specialist with more than 4 Years of\n                My experience','2023-06-13 21:34:06','2023-06-13 21:34:06'),(23,'Antioch University McGregor',56,'Classical Studies','2023-06-14','2023-06-14','There are many variations of passages of available, but the majority alteration in some form.\n                As a highly skilled and successful product development and design specialist with more than 4 Years of\n                My experience','2023-06-13 21:34:06','2023-06-13 21:34:06'),(24,'Adams State College',57,'Classical Studies','2023-06-14','2023-06-14','There are many variations of passages of available, but the majority alteration in some form.\n                As a highly skilled and successful product development and design specialist with more than 4 Years of\n                My experience','2023-06-13 21:34:06','2023-06-13 21:34:06'),(25,'Antioch University McGregor',60,'Art History','2023-06-14','2023-06-14','There are many variations of passages of available, but the majority alteration in some form.\n                As a highly skilled and successful product development and design specialist with more than 4 Years of\n                My experience','2023-06-13 21:34:06','2023-06-13 21:34:06'),(26,'Gateway Technical College',61,'Art History','2023-06-14','2023-06-14','There are many variations of passages of available, but the majority alteration in some form.\n                As a highly skilled and successful product development and design specialist with more than 4 Years of\n                My experience','2023-06-13 21:34:06','2023-06-13 21:34:06'),(27,'The University of the State of Alabama',62,'Culture and Technology Studies','2023-06-14','2023-06-14','There are many variations of passages of available, but the majority alteration in some form.\n                As a highly skilled and successful product development and design specialist with more than 4 Years of\n                My experience','2023-06-13 21:34:06','2023-06-13 21:34:06'),(28,'The University of the State of Alabama',63,'Economics','2023-06-14','2023-06-14','There are many variations of passages of available, but the majority alteration in some form.\n                As a highly skilled and successful product development and design specialist with more than 4 Years of\n                My experience','2023-06-13 21:34:06','2023-06-13 21:34:06'),(29,'The University of the State of Alabama',64,'Culture and Technology Studies','2023-06-14','2023-06-14','There are many variations of passages of available, but the majority alteration in some form.\n                As a highly skilled and successful product development and design specialist with more than 4 Years of\n                My experience','2023-06-13 21:34:06','2023-06-13 21:34:06'),(30,'Adams State College',65,'Economics','2023-06-14','2023-06-14','There are many variations of passages of available, but the majority alteration in some form.\n                As a highly skilled and successful product development and design specialist with more than 4 Years of\n                My experience','2023-06-13 21:34:06','2023-06-13 21:34:06'),(31,'American Institute of Health Technology',68,'Anthropology','2023-06-14','2023-06-14','There are many variations of passages of available, but the majority alteration in some form.\n                As a highly skilled and successful product development and design specialist with more than 4 Years of\n                My experience','2023-06-13 21:34:07','2023-06-13 21:34:07'),(32,'Adams State College',69,'Art History','2023-06-14','2023-06-14','There are many variations of passages of available, but the majority alteration in some form.\n                As a highly skilled and successful product development and design specialist with more than 4 Years of\n                My experience','2023-06-13 21:34:07','2023-06-13 21:34:07'),(33,'Antioch University McGregor',71,'Culture and Technology Studies','2023-06-14','2023-06-14','There are many variations of passages of available, but the majority alteration in some form.\n                As a highly skilled and successful product development and design specialist with more than 4 Years of\n                My experience','2023-06-13 21:34:07','2023-06-13 21:34:07'),(34,'Gateway Technical College',72,'Culture and Technology Studies','2023-06-14','2023-06-14','There are many variations of passages of available, but the majority alteration in some form.\n                As a highly skilled and successful product development and design specialist with more than 4 Years of\n                My experience','2023-06-13 21:34:07','2023-06-13 21:34:07'),(35,'The University of the State of Alabama',73,'Anthropology','2023-06-14','2023-06-14','There are many variations of passages of available, but the majority alteration in some form.\n                As a highly skilled and successful product development and design specialist with more than 4 Years of\n                My experience','2023-06-13 21:34:07','2023-06-13 21:34:07'),(36,'Gateway Technical College',74,'Classical Studies','2023-06-14','2023-06-14','There are many variations of passages of available, but the majority alteration in some form.\n                As a highly skilled and successful product development and design specialist with more than 4 Years of\n                My experience','2023-06-13 21:34:07','2023-06-13 21:34:07'),(37,'Associated Mennonite Biblical Seminary',76,'Anthropology','2023-06-14','2023-06-14','There are many variations of passages of available, but the majority alteration in some form.\n                As a highly skilled and successful product development and design specialist with more than 4 Years of\n                My experience','2023-06-13 21:34:07','2023-06-13 21:34:07'),(38,'Antioch University McGregor',77,'Art History','2023-06-14','2023-06-14','There are many variations of passages of available, but the majority alteration in some form.\n                As a highly skilled and successful product development and design specialist with more than 4 Years of\n                My experience','2023-06-13 21:34:07','2023-06-13 21:34:07'),(39,'The University of the State of Alabama',78,'Economics','2023-06-14','2023-06-14','There are many variations of passages of available, but the majority alteration in some form.\n                As a highly skilled and successful product development and design specialist with more than 4 Years of\n                My experience','2023-06-13 21:34:07','2023-06-13 21:34:07'),(40,'Associated Mennonite Biblical Seminary',83,'Classical Studies','2023-06-14','2023-06-14','There are many variations of passages of available, but the majority alteration in some form.\n                As a highly skilled and successful product development and design specialist with more than 4 Years of\n                My experience','2023-06-13 21:34:07','2023-06-13 21:34:07'),(41,'The University of the State of Alabama',91,'Anthropology','2023-06-14','2023-06-14','There are many variations of passages of available, but the majority alteration in some form.\n                As a highly skilled and successful product development and design specialist with more than 4 Years of\n                My experience','2023-06-13 21:34:08','2023-06-13 21:34:08'),(42,'Antioch University McGregor',93,'Economics','2023-06-14','2023-06-14','There are many variations of passages of available, but the majority alteration in some form.\n                As a highly skilled and successful product development and design specialist with more than 4 Years of\n                My experience','2023-06-13 21:34:08','2023-06-13 21:34:08'),(43,'Associated Mennonite Biblical Seminary',94,'Art History','2023-06-14','2023-06-14','There are many variations of passages of available, but the majority alteration in some form.\n                As a highly skilled and successful product development and design specialist with more than 4 Years of\n                My experience','2023-06-13 21:34:08','2023-06-13 21:34:08'),(44,'The University of the State of Alabama',95,'Classical Studies','2023-06-14','2023-06-14','There are many variations of passages of available, but the majority alteration in some form.\n                As a highly skilled and successful product development and design specialist with more than 4 Years of\n                My experience','2023-06-13 21:34:08','2023-06-13 21:34:08'),(45,'Antioch University McGregor',96,'Anthropology','2023-06-14','2023-06-14','There are many variations of passages of available, but the majority alteration in some form.\n                As a highly skilled and successful product development and design specialist with more than 4 Years of\n                My experience','2023-06-13 21:34:08','2023-06-13 21:34:08');
/*!40000 ALTER TABLE `jb_account_educations` ENABLE KEYS */;
UNLOCK TABLES;

--
-- Table structure for table `jb_account_experiences`
--

DROP TABLE IF EXISTS `jb_account_experiences`;
/*!40101 SET @saved_cs_client     = @@character_set_client */;
/*!50503 SET character_set_client = utf8mb4 */;
CREATE TABLE `jb_account_experiences` (
  `id` bigint unsigned NOT NULL AUTO_INCREMENT,
  `company` varchar(191) COLLATE utf8mb4_unicode_ci NOT NULL,
  `account_id` bigint unsigned NOT NULL,
  `position` varchar(191) COLLATE utf8mb4_unicode_ci DEFAULT NULL,
  `started_at` date NOT NULL,
  `ended_at` date DEFAULT NULL,
  `description` text COLLATE utf8mb4_unicode_ci,
  `created_at` timestamp NULL DEFAULT NULL,
  `updated_at` timestamp NULL DEFAULT NULL,
  PRIMARY KEY (`id`)
) ENGINE=InnoDB AUTO_INCREMENT=46 DEFAULT CHARSET=utf8mb4 COLLATE=utf8mb4_unicode_ci;
/*!40101 SET character_set_client = @saved_cs_client */;

--
-- Dumping data for table `jb_account_experiences`
--

LOCK TABLES `jb_account_experiences` WRITE;
/*!40000 ALTER TABLE `jb_account_experiences` DISABLE KEYS */;
INSERT INTO `jb_account_experiences` VALUES (1,'Spa Paragon',2,'Project Manager','2023-06-14','2023-06-14','There are many variations of passages of available, but the majority alteration in some form.\n                As a highly skilled and successful product development and design specialist with more than 4 Years of\n                My experience','2023-06-13 21:34:02','2023-06-13 21:34:02'),(2,'Exploration Kids',14,'Project Manager','2023-06-14','2023-06-14','There are many variations of passages of available, but the majority alteration in some form.\n                As a highly skilled and successful product development and design specialist with more than 4 Years of\n                My experience','2023-06-13 21:34:03','2023-06-13 21:34:03'),(3,'Exploration Kids',15,'Web Designer','2023-06-14','2023-06-14','There are many variations of passages of available, but the majority alteration in some form.\n                As a highly skilled and successful product development and design specialist with more than 4 Years of\n                My experience','2023-06-13 21:34:03','2023-06-13 21:34:03'),(4,'Spa Paragon',16,'Dog Trainer','2023-06-14','2023-06-14','There are many variations of passages of available, but the majority alteration in some form.\n                As a highly skilled and successful product development and design specialist with more than 4 Years of\n                My experience','2023-06-13 21:34:03','2023-06-13 21:34:03'),(5,'Spa Paragon',23,'Project Manager','2023-06-14','2023-06-14','There are many variations of passages of available, but the majority alteration in some form.\n                As a highly skilled and successful product development and design specialist with more than 4 Years of\n                My experience','2023-06-13 21:34:04','2023-06-13 21:34:04'),(6,'Party Plex',24,'President of Sales','2023-06-14','2023-06-14','There are many variations of passages of available, but the majority alteration in some form.\n                As a highly skilled and successful product development and design specialist with more than 4 Years of\n                My experience','2023-06-13 21:34:04','2023-06-13 21:34:04'),(7,'Exploration Kids',26,'Web Designer','2023-06-14','2023-06-14','There are many variations of passages of available, but the majority alteration in some form.\n                As a highly skilled and successful product development and design specialist with more than 4 Years of\n                My experience','2023-06-13 21:34:04','2023-06-13 21:34:04'),(8,'Party Plex',29,'Project Manager','2023-06-14','2023-06-14','There are many variations of passages of available, but the majority alteration in some form.\n                As a highly skilled and successful product development and design specialist with more than 4 Years of\n                My experience','2023-06-13 21:34:04','2023-06-13 21:34:04'),(9,'Spa Paragon',32,'Project Manager','2023-06-14','2023-06-14','There are many variations of passages of available, but the majority alteration in some form.\n                As a highly skilled and successful product development and design specialist with more than 4 Years of\n                My experience','2023-06-13 21:34:04','2023-06-13 21:34:04'),(10,'Spa Paragon',33,'Project Manager','2023-06-14','2023-06-14','There are many variations of passages of available, but the majority alteration in some form.\n                As a highly skilled and successful product development and design specialist with more than 4 Years of\n                My experience','2023-06-13 21:34:04','2023-06-13 21:34:04'),(11,'Spa Paragon',36,'Web Designer','2023-06-14','2023-06-14','There are many variations of passages of available, but the majority alteration in some form.\n                As a highly skilled and successful product development and design specialist with more than 4 Years of\n                My experience','2023-06-13 21:34:05','2023-06-13 21:34:05'),(12,'GameDay Catering',38,'Marketing Coordinator','2023-06-14','2023-06-14','There are many variations of passages of available, but the majority alteration in some form.\n                As a highly skilled and successful product development and design specialist with more than 4 Years of\n                My experience','2023-06-13 21:34:05','2023-06-13 21:34:05'),(13,'GameDay Catering',39,'Marketing Coordinator','2023-06-14','2023-06-14','There are many variations of passages of available, but the majority alteration in some form.\n                As a highly skilled and successful product development and design specialist with more than 4 Years of\n                My experience','2023-06-13 21:34:05','2023-06-13 21:34:05'),(14,'Party Plex',40,'Dog Trainer','2023-06-14','2023-06-14','There are many variations of passages of available, but the majority alteration in some form.\n                As a highly skilled and successful product development and design specialist with more than 4 Years of\n                My experience','2023-06-13 21:34:05','2023-06-13 21:34:05'),(15,'Exploration Kids',41,'Project Manager','2023-06-14','2023-06-14','There are many variations of passages of available, but the majority alteration in some form.\n                As a highly skilled and successful product development and design specialist with more than 4 Years of\n                My experience','2023-06-13 21:34:05','2023-06-13 21:34:05'),(16,'Exploration Kids',42,'Web Designer','2023-06-14','2023-06-14','There are many variations of passages of available, but the majority alteration in some form.\n                As a highly skilled and successful product development and design specialist with more than 4 Years of\n                My experience','2023-06-13 21:34:05','2023-06-13 21:34:05'),(17,'Spa Paragon',43,'Web Designer','2023-06-14','2023-06-14','There are many variations of passages of available, but the majority alteration in some form.\n                As a highly skilled and successful product development and design specialist with more than 4 Years of\n                My experience','2023-06-13 21:34:05','2023-06-13 21:34:05'),(18,'Darwin Travel',44,'Dog Trainer','2023-06-14','2023-06-14','There are many variations of passages of available, but the majority alteration in some form.\n                As a highly skilled and successful product development and design specialist with more than 4 Years of\n                My experience','2023-06-13 21:34:05','2023-06-13 21:34:05'),(19,'Spa Paragon',46,'Dog Trainer','2023-06-14','2023-06-14','There are many variations of passages of available, but the majority alteration in some form.\n                As a highly skilled and successful product development and design specialist with more than 4 Years of\n                My experience','2023-06-13 21:34:05','2023-06-13 21:34:05'),(20,'Party Plex',50,'Dog Trainer','2023-06-14','2023-06-14','There are many variations of passages of available, but the majority alteration in some form.\n                As a highly skilled and successful product development and design specialist with more than 4 Years of\n                My experience','2023-06-13 21:34:05','2023-06-13 21:34:05'),(21,'Exploration Kids',52,'Web Designer','2023-06-14','2023-06-14','There are many variations of passages of available, but the majority alteration in some form.\n                As a highly skilled and successful product development and design specialist with more than 4 Years of\n                My experience','2023-06-13 21:34:06','2023-06-13 21:34:06'),(22,'Exploration Kids',55,'Dog Trainer','2023-06-14','2023-06-14','There are many variations of passages of available, but the majority alteration in some form.\n                As a highly skilled and successful product development and design specialist with more than 4 Years of\n                My experience','2023-06-13 21:34:06','2023-06-13 21:34:06'),(23,'Darwin Travel',56,'President of Sales','2023-06-14','2023-06-14','There are many variations of passages of available, but the majority alteration in some form.\n                As a highly skilled and successful product development and design specialist with more than 4 Years of\n                My experience','2023-06-13 21:34:06','2023-06-13 21:34:06'),(24,'Darwin Travel',57,'Project Manager','2023-06-14','2023-06-14','There are many variations of passages of available, but the majority alteration in some form.\n                As a highly skilled and successful product development and design specialist with more than 4 Years of\n                My experience','2023-06-13 21:34:06','2023-06-13 21:34:06'),(25,'Darwin Travel',60,'Marketing Coordinator','2023-06-14','2023-06-14','There are many variations of passages of available, but the majority alteration in some form.\n                As a highly skilled and successful product development and design specialist with more than 4 Years of\n                My experience','2023-06-13 21:34:06','2023-06-13 21:34:06'),(26,'GameDay Catering',61,'President of Sales','2023-06-14','2023-06-14','There are many variations of passages of available, but the majority alteration in some form.\n                As a highly skilled and successful product development and design specialist with more than 4 Years of\n                My experience','2023-06-13 21:34:06','2023-06-13 21:34:06'),(27,'Party Plex',62,'Dog Trainer','2023-06-14','2023-06-14','There are many variations of passages of available, but the majority alteration in some form.\n                As a highly skilled and successful product development and design specialist with more than 4 Years of\n                My experience','2023-06-13 21:34:06','2023-06-13 21:34:06'),(28,'Darwin Travel',63,'President of Sales','2023-06-14','2023-06-14','There are many variations of passages of available, but the majority alteration in some form.\n                As a highly skilled and successful product development and design specialist with more than 4 Years of\n                My experience','2023-06-13 21:34:06','2023-06-13 21:34:06'),(29,'Spa Paragon',64,'President of Sales','2023-06-14','2023-06-14','There are many variations of passages of available, but the majority alteration in some form.\n                As a highly skilled and successful product development and design specialist with more than 4 Years of\n                My experience','2023-06-13 21:34:06','2023-06-13 21:34:06'),(30,'GameDay Catering',65,'Web Designer','2023-06-14','2023-06-14','There are many variations of passages of available, but the majority alteration in some form.\n                As a highly skilled and successful product development and design specialist with more than 4 Years of\n                My experience','2023-06-13 21:34:06','2023-06-13 21:34:06'),(31,'Party Plex',68,'Marketing Coordinator','2023-06-14','2023-06-14','There are many variations of passages of available, but the majority alteration in some form.\n                As a highly skilled and successful product development and design specialist with more than 4 Years of\n                My experience','2023-06-13 21:34:07','2023-06-13 21:34:07'),(32,'Spa Paragon',69,'Web Designer','2023-06-14','2023-06-14','There are many variations of passages of available, but the majority alteration in some form.\n                As a highly skilled and successful product development and design specialist with more than 4 Years of\n                My experience','2023-06-13 21:34:07','2023-06-13 21:34:07'),(33,'Party Plex',71,'President of Sales','2023-06-14','2023-06-14','There are many variations of passages of available, but the majority alteration in some form.\n                As a highly skilled and successful product development and design specialist with more than 4 Years of\n                My experience','2023-06-13 21:34:07','2023-06-13 21:34:07'),(34,'Party Plex',72,'Dog Trainer','2023-06-14','2023-06-14','There are many variations of passages of available, but the majority alteration in some form.\n                As a highly skilled and successful product development and design specialist with more than 4 Years of\n                My experience','2023-06-13 21:34:07','2023-06-13 21:34:07'),(35,'GameDay Catering',73,'Marketing Coordinator','2023-06-14','2023-06-14','There are many variations of passages of available, but the majority alteration in some form.\n                As a highly skilled and successful product development and design specialist with more than 4 Years of\n                My experience','2023-06-13 21:34:07','2023-06-13 21:34:07'),(36,'GameDay Catering',74,'Marketing Coordinator','2023-06-14','2023-06-14','There are many variations of passages of available, but the majority alteration in some form.\n                As a highly skilled and successful product development and design specialist with more than 4 Years of\n                My experience','2023-06-13 21:34:07','2023-06-13 21:34:07'),(37,'Party Plex',76,'Marketing Coordinator','2023-06-14','2023-06-14','There are many variations of passages of available, but the majority alteration in some form.\n                As a highly skilled and successful product development and design specialist with more than 4 Years of\n                My experience','2023-06-13 21:34:07','2023-06-13 21:34:07'),(38,'Exploration Kids',77,'Dog Trainer','2023-06-14','2023-06-14','There are many variations of passages of available, but the majority alteration in some form.\n                As a highly skilled and successful product development and design specialist with more than 4 Years of\n                My experience','2023-06-13 21:34:07','2023-06-13 21:34:07'),(39,'GameDay Catering',78,'Web Designer','2023-06-14','2023-06-14','There are many variations of passages of available, but the majority alteration in some form.\n                As a highly skilled and successful product development and design specialist with more than 4 Years of\n                My experience','2023-06-13 21:34:07','2023-06-13 21:34:07'),(40,'Party Plex',83,'Project Manager','2023-06-14','2023-06-14','There are many variations of passages of available, but the majority alteration in some form.\n                As a highly skilled and successful product development and design specialist with more than 4 Years of\n                My experience','2023-06-13 21:34:07','2023-06-13 21:34:07'),(41,'GameDay Catering',91,'Web Designer','2023-06-14','2023-06-14','There are many variations of passages of available, but the majority alteration in some form.\n                As a highly skilled and successful product development and design specialist with more than 4 Years of\n                My experience','2023-06-13 21:34:08','2023-06-13 21:34:08'),(42,'Party Plex',93,'Web Designer','2023-06-14','2023-06-14','There are many variations of passages of available, but the majority alteration in some form.\n                As a highly skilled and successful product development and design specialist with more than 4 Years of\n                My experience','2023-06-13 21:34:08','2023-06-13 21:34:08'),(43,'Exploration Kids',94,'President of Sales','2023-06-14','2023-06-14','There are many variations of passages of available, but the majority alteration in some form.\n                As a highly skilled and successful product development and design specialist with more than 4 Years of\n                My experience','2023-06-13 21:34:08','2023-06-13 21:34:08'),(44,'Darwin Travel',95,'Dog Trainer','2023-06-14','2023-06-14','There are many variations of passages of available, but the majority alteration in some form.\n                As a highly skilled and successful product development and design specialist with more than 4 Years of\n                My experience','2023-06-13 21:34:08','2023-06-13 21:34:08'),(45,'GameDay Catering',96,'Project Manager','2023-06-14','2023-06-14','There are many variations of passages of available, but the majority alteration in some form.\n                As a highly skilled and successful product development and design specialist with more than 4 Years of\n                My experience','2023-06-13 21:34:08','2023-06-13 21:34:08');
/*!40000 ALTER TABLE `jb_account_experiences` ENABLE KEYS */;
UNLOCK TABLES;

--
-- Table structure for table `jb_account_favorite_skills`
--

DROP TABLE IF EXISTS `jb_account_favorite_skills`;
/*!40101 SET @saved_cs_client     = @@character_set_client */;
/*!50503 SET character_set_client = utf8mb4 */;
CREATE TABLE `jb_account_favorite_skills` (
  `skill_id` bigint unsigned NOT NULL,
  `account_id` bigint unsigned NOT NULL,
  PRIMARY KEY (`skill_id`,`account_id`)
) ENGINE=InnoDB DEFAULT CHARSET=utf8mb4 COLLATE=utf8mb4_unicode_ci;
/*!40101 SET character_set_client = @saved_cs_client */;

--
-- Dumping data for table `jb_account_favorite_skills`
--

LOCK TABLES `jb_account_favorite_skills` WRITE;
/*!40000 ALTER TABLE `jb_account_favorite_skills` DISABLE KEYS */;
/*!40000 ALTER TABLE `jb_account_favorite_skills` ENABLE KEYS */;
UNLOCK TABLES;

--
-- Table structure for table `jb_account_favorite_tags`
--

DROP TABLE IF EXISTS `jb_account_favorite_tags`;
/*!40101 SET @saved_cs_client     = @@character_set_client */;
/*!50503 SET character_set_client = utf8mb4 */;
CREATE TABLE `jb_account_favorite_tags` (
  `tag_id` bigint unsigned NOT NULL,
  `account_id` bigint unsigned NOT NULL,
  PRIMARY KEY (`tag_id`,`account_id`)
) ENGINE=InnoDB DEFAULT CHARSET=utf8mb4 COLLATE=utf8mb4_unicode_ci;
/*!40101 SET character_set_client = @saved_cs_client */;

--
-- Dumping data for table `jb_account_favorite_tags`
--

LOCK TABLES `jb_account_favorite_tags` WRITE;
/*!40000 ALTER TABLE `jb_account_favorite_tags` DISABLE KEYS */;
/*!40000 ALTER TABLE `jb_account_favorite_tags` ENABLE KEYS */;
UNLOCK TABLES;

--
-- Table structure for table `jb_account_packages`
--

DROP TABLE IF EXISTS `jb_account_packages`;
/*!40101 SET @saved_cs_client     = @@character_set_client */;
/*!50503 SET character_set_client = utf8mb4 */;
CREATE TABLE `jb_account_packages` (
  `id` bigint unsigned NOT NULL AUTO_INCREMENT,
  `account_id` bigint unsigned NOT NULL,
  `package_id` bigint unsigned NOT NULL,
  `created_at` timestamp NULL DEFAULT NULL,
  `updated_at` timestamp NULL DEFAULT NULL,
  PRIMARY KEY (`id`)
) ENGINE=InnoDB DEFAULT CHARSET=utf8mb4 COLLATE=utf8mb4_unicode_ci;
/*!40101 SET character_set_client = @saved_cs_client */;

--
-- Dumping data for table `jb_account_packages`
--

LOCK TABLES `jb_account_packages` WRITE;
/*!40000 ALTER TABLE `jb_account_packages` DISABLE KEYS */;
/*!40000 ALTER TABLE `jb_account_packages` ENABLE KEYS */;
UNLOCK TABLES;

--
-- Table structure for table `jb_account_password_resets`
--

DROP TABLE IF EXISTS `jb_account_password_resets`;
/*!40101 SET @saved_cs_client     = @@character_set_client */;
/*!50503 SET character_set_client = utf8mb4 */;
CREATE TABLE `jb_account_password_resets` (
  `email` varchar(191) COLLATE utf8mb4_unicode_ci NOT NULL,
  `token` varchar(191) COLLATE utf8mb4_unicode_ci NOT NULL,
  `created_at` timestamp NULL DEFAULT NULL,
  KEY `jb_account_password_resets_email_index` (`email`),
  KEY `jb_account_password_resets_token_index` (`token`)
) ENGINE=InnoDB DEFAULT CHARSET=utf8mb4 COLLATE=utf8mb4_unicode_ci;
/*!40101 SET character_set_client = @saved_cs_client */;

--
-- Dumping data for table `jb_account_password_resets`
--

LOCK TABLES `jb_account_password_resets` WRITE;
/*!40000 ALTER TABLE `jb_account_password_resets` DISABLE KEYS */;
/*!40000 ALTER TABLE `jb_account_password_resets` ENABLE KEYS */;
UNLOCK TABLES;

--
-- Table structure for table `jb_accounts`
--

DROP TABLE IF EXISTS `jb_accounts`;
/*!40101 SET @saved_cs_client     = @@character_set_client */;
/*!50503 SET character_set_client = utf8mb4 */;
CREATE TABLE `jb_accounts` (
  `id` bigint unsigned NOT NULL AUTO_INCREMENT,
  `first_name` varchar(120) COLLATE utf8mb4_unicode_ci NOT NULL,
  `last_name` varchar(120) COLLATE utf8mb4_unicode_ci NOT NULL,
  `description` text COLLATE utf8mb4_unicode_ci,
  `gender` varchar(20) COLLATE utf8mb4_unicode_ci DEFAULT NULL,
  `email` varchar(191) COLLATE utf8mb4_unicode_ci NOT NULL,
  `password` varchar(191) COLLATE utf8mb4_unicode_ci NOT NULL,
  `avatar_id` bigint unsigned DEFAULT NULL,
  `dob` date DEFAULT NULL,
  `phone` varchar(25) COLLATE utf8mb4_unicode_ci DEFAULT NULL,
  `confirmed_at` datetime DEFAULT NULL,
  `email_verify_token` varchar(120) COLLATE utf8mb4_unicode_ci DEFAULT NULL,
  `type` varchar(30) COLLATE utf8mb4_unicode_ci NOT NULL DEFAULT 'job-seeker',
  `credits` int unsigned DEFAULT NULL,
  `resume` varchar(200) COLLATE utf8mb4_unicode_ci DEFAULT NULL,
  `address` varchar(250) COLLATE utf8mb4_unicode_ci DEFAULT NULL,
  `bio` mediumtext COLLATE utf8mb4_unicode_ci,
  `is_public_profile` tinyint unsigned NOT NULL DEFAULT '0',
  `hide_cv` tinyint(1) NOT NULL DEFAULT '0',
  `views` bigint unsigned NOT NULL DEFAULT '0',
  `is_featured` tinyint NOT NULL DEFAULT '0',
  `remember_token` varchar(100) COLLATE utf8mb4_unicode_ci DEFAULT NULL,
  `created_at` timestamp NULL DEFAULT NULL,
  `updated_at` timestamp NULL DEFAULT NULL,
  `available_for_hiring` tinyint(1) NOT NULL DEFAULT '1',
  `country_id` bigint unsigned DEFAULT '1',
  `state_id` bigint unsigned DEFAULT NULL,
  `city_id` bigint unsigned DEFAULT NULL,
  `cover_letter` varchar(200) COLLATE utf8mb4_unicode_ci DEFAULT NULL,
  PRIMARY KEY (`id`),
  UNIQUE KEY `jb_accounts_email_unique` (`email`)
) ENGINE=InnoDB AUTO_INCREMENT=101 DEFAULT CHARSET=utf8mb4 COLLATE=utf8mb4_unicode_ci;
/*!40101 SET character_set_client = @saved_cs_client */;

--
-- Dumping data for table `jb_accounts`
--

LOCK TABLES `jb_accounts` WRITE;
/*!40000 ALTER TABLE `jb_accounts` DISABLE KEYS */;
INSERT INTO `jb_accounts` VALUES (1,'Carmela','Wisoky','Software Developer',NULL,'employer@botble.com','$2y$10$XUS/cWlvkqt5bq4AbAXsZuc9Eo00YPAU.p7tirnZAknPLN4iW6Lh2',59,'2017-11-27','+18486758482','2023-06-14 04:34:02',NULL,'employer',NULL,NULL,'33974 Cali Village\nKerlukeland, UT 92980','Gryphon answered, very nearly in the chimney close above her: then, saying to herself \'This is Bill,\' she gave a look askance-- Said he thanked the whiting kindly, but he could think of anything to.',1,0,470,1,NULL,'2023-06-13 21:34:02','2023-06-13 21:34:02',0,1,NULL,NULL,NULL),(2,'Matilde','Mills','Creative Designer',NULL,'job_seeker@botble.com','$2y$10$oPS8bviICeZuwG/vSNnT3.3XN1AyKSWgI99j1wiauKbpLJJqXnqeK',63,'2006-03-07','+17248234298','2023-06-14 04:34:02',NULL,'job-seeker',NULL,'resume/01.pdf','9383 Brigitte Walk Apt. 023\nNorth Loyshire, FL 88018','THEIR eyes bright and eager with many a strange tale, perhaps even with the tarts, you know--\' She had not gone far before they saw Alice coming. \'There\'s PLENTY of room!\' said Alice a good thing!\'.',1,0,3121,1,NULL,'2023-06-13 21:34:02','2023-06-13 21:34:02',1,1,NULL,NULL,NULL),(3,'Sarah','Harding','Creative Designer',NULL,'sarah_harding@botble.com','$2y$10$f.b8PKNRIfqLsA.mToEHU.GY1isnYlCUxTmRtWskJdS1hXpcwQEIq',NULL,'1993-04-13','+19845155028','2023-06-14 04:34:02',NULL,'employer',NULL,NULL,'4490 Hyatt Flats Suite 587\nNorth Nyah, NC 19667','VERY wide, but she saw maps and pictures hung upon pegs. She took down a jar from one foot up the fan and the Dormouse go on till you come and join the dance. Would not, could not tell whether they.',1,0,2553,1,NULL,'2023-06-13 21:34:02','2023-06-13 21:34:02',1,1,NULL,NULL,NULL),(4,'Steven','Jobs','Creative Designer',NULL,'steven_jobs@botble.com','$2y$10$DTk8uZzrykIRQA.eT/TGdub/wc.kqv7WoY0DpTRnXmdGltAr7EpXC',NULL,'2018-08-28','+15756831440','2023-06-14 04:34:03',NULL,'employer',NULL,NULL,'4633 Adella Forge\nEast Hannahstad, NH 82664','I declare it\'s too bad, that it would be so easily offended!\' \'You\'ll get used up.\' \'But what happens when one eats cake, but Alice had not as yet had any dispute with the tea,\' the Hatter replied.',1,0,2075,1,NULL,'2023-06-13 21:34:03','2023-06-13 21:34:03',0,1,NULL,NULL,NULL),(5,'William','Kennedy','Creative Designer',NULL,'wiliam_kend@botble.com','$2y$10$P9h8aJtzAspW5RbcT52OW.gbTtXri557ykQBn9ZBMCT5t2balnN/m',NULL,'1998-04-08','+18282348120','2023-06-14 04:34:03',NULL,'employer',NULL,NULL,'4786 Oberbrunner Skyway\nKieraburgh, MI 65275-5458','Alice, \'when one wasn\'t always growing larger and smaller, and being so many tea-things are put out here?\' she asked. \'Yes, that\'s it,\' said Alice very politely; but she felt that it signifies.',1,0,2564,1,NULL,'2023-06-13 21:34:03','2023-06-13 21:34:03',1,1,NULL,NULL,NULL),(6,'Brycen','Cruickshank','Don\'t be all day.',NULL,'feil.vada@hotmail.com','$2y$10$Kvf9qbbVQHMZDSbKuD71tupxjFSsG0DTRYw.ksL/JUr/PVJeRhPcm',62,'1989-08-25','+17376580138','2023-06-14 04:34:03',NULL,'employer',NULL,NULL,'888 Cremin Mall\nMullermouth, NV 22003','Alice like the look of things at all, as the Dormouse again, so violently, that she was beginning to grow up any more if you\'d like it put the Dormouse shook itself, and was a large arm-chair at one.',1,0,3839,1,NULL,'2023-06-13 21:34:03','2023-06-13 21:34:03',0,1,NULL,NULL,NULL),(7,'Omari','Kshlerin','And concluded the.',NULL,'mbarrows@gmail.com','$2y$10$aQCHCuaI9TlXHbi.pTyhRuZdN5M8hUmvXn1/Um5qD/3NT.QgwCnea',59,'2010-09-21','+19104797458','2023-06-14 04:34:03',NULL,'employer',NULL,NULL,'6080 Paris Highway\nPort Traceyside, TX 54941','Tortoise--\' \'Why did they live at the time they were filled with cupboards and book-shelves; here and there was not here before,\' said Alice,) and round Alice, every now and then raised himself upon.',1,0,4919,0,NULL,'2023-06-13 21:34:03','2023-06-13 21:34:03',0,1,NULL,NULL,NULL),(8,'Rodrigo','Heaney','I like being that.',NULL,'qdenesik@bechtelar.org','$2y$10$dib/59s5dkKsOnwO3BZxHuIUPFaHMLCBZavASsmI9eNWz5a2BfG/W',62,'1987-08-26','+14348607626','2023-06-14 04:34:03',NULL,'employer',NULL,NULL,'67891 Morissette Road Suite 699\nEast Quintonville, MN 95456','Gryphon. \'It all came different!\' Alice replied very readily: \'but that\'s because it stays the same thing a Lobster Quadrille The Mock Turtle went on. \'I do,\' Alice hastily replied; \'only one.',1,0,4230,0,NULL,'2023-06-13 21:34:03','2023-06-13 21:34:03',0,1,NULL,NULL,NULL),(9,'Imani','Herzog','I\'ve finished.\' So.',NULL,'grant.neoma@mayert.org','$2y$10$FQYDQocXNlSUSyYwj8kT/uW/zRgvYuBjeu4L/c9EyVIi8mZUqopiG',60,'2005-09-01','+18317511841','2023-06-14 04:34:03',NULL,'employer',NULL,NULL,'3454 Lurline Lane\nFerrymouth, VT 15407','White Rabbit put on your shoes and stockings for you now, dears? I\'m sure I can\'t take LESS,\' said the Duchess, \'chop off her unfortunate guests to execution--once more the shriek of the house till.',1,0,965,1,NULL,'2023-06-13 21:34:03','2023-06-13 21:34:03',1,1,NULL,NULL,NULL),(10,'Leilani','Bauch','And she tried the.',NULL,'waelchi.dereck@pfannerstill.com','$2y$10$IMToaUeuySF988qHiUblX.Cz2RPTmaGAntekDip9YT8zvQ1FKXwJi',59,'2020-12-17','+15735646267','2023-06-14 04:34:03',NULL,'employer',NULL,NULL,'49156 Pollich Ferry Suite 101\nSouth Dewitthaven, MD 36572-7523','I think.\' And she began looking at Alice the moment how large she had this fit) An obstacle that came between Him, and ourselves, and it. Don\'t let me help to undo it!\' \'I shall be late!\' (when she.',1,0,2457,1,NULL,'2023-06-13 21:34:03','2023-06-13 21:34:03',0,1,NULL,NULL,NULL),(11,'Royal','Schuppe','Mock Turtle said.',NULL,'narciso98@aufderhar.com','$2y$10$PgpcHlH7ELnpnX7rS7jO1OecOwSNNVWWtLl7RIBZZuffbNND7GDCu',62,'2011-04-07','+18436076820','2023-06-14 04:34:03',NULL,'employer',NULL,NULL,'6732 Glenna Isle\nEast Gustave, NM 69601','Alice thought to herself, as well as she could. The next thing was waving its right paw round, \'lives a Hatter: and in THAT direction,\' waving the other paw, \'lives a Hatter: and in THAT direction,\'.',1,0,4320,1,NULL,'2023-06-13 21:34:03','2023-06-13 21:34:03',1,1,NULL,NULL,NULL),(12,'Hellen','Bartell','Alice, and looking.',NULL,'pagac.josue@lemke.org','$2y$10$HnVmS.19ldXHhN/4mEDZHeLkVTlrHcoDXJGtw4SLYz1xY4939RTza',63,'2023-04-16','+17196105057','2023-06-14 04:34:03',NULL,'employer',NULL,NULL,'50395 Norbert Point\nToyberg, NV 06957','Caterpillar. Alice folded her hands, and began:-- \'You are old,\' said the Mock Turtle, \'they--you\'ve seen them, of course?\' \'Yes,\' said Alice, \'and why it is almost certain to disagree with you.',1,0,331,1,NULL,'2023-06-13 21:34:03','2023-06-13 21:34:03',1,1,NULL,NULL,NULL),(13,'Bridget','Bergstrom','Down, down, down.',NULL,'qrempel@yahoo.com','$2y$10$Obi6AaDm3WY02S83bYXVoeBdnp4ouolDHmJ4xXsKG314w.r29U0QG',62,'1979-02-05','+14102140043','2023-06-14 04:34:03',NULL,'employer',NULL,NULL,'236 Blanda Dale Apt. 211\nPort Immanuelmouth, CA 37131-0514','Queen say only yesterday you deserved to be in before the officer could get away without being seen, when she looked down at once, in a deep voice, \'What are you getting on now, my dear?\' it.',1,0,1607,0,NULL,'2023-06-13 21:34:03','2023-06-13 21:34:03',0,1,NULL,NULL,NULL),(14,'Meggie','Torphy','King had said that.',NULL,'alta03@gmail.com','$2y$10$OqXf9A7NcOKe7UgL22I1zOJGwkeAROxnUv83p.yx9clg11YaIFCxm',59,'1971-07-15','+17167275079','2023-06-14 04:34:03',NULL,'job-seeker',NULL,'resume/01.pdf','889 Rebeka Spur Apt. 574\nNorth Amparochester, NE 90611-9650','Yet you turned a back-somersault in at the mushroom (she had grown up,\' she said to herself, rather sharply; \'I advise you to sit down without being invited,\' said the Mock Turtle. \'Seals, turtles.',1,0,2060,1,NULL,'2023-06-13 21:34:03','2023-06-13 21:34:03',1,1,NULL,NULL,NULL),(15,'Broderick','Donnelly','Alice\'s shoulder.',NULL,'lindsay.adams@russel.biz','$2y$10$8tEysrL2t8kT1yb6D.urTOjuPDvAKVC0epAqhhaMsEwI8s4WOgafu',61,'2010-04-22','+14697754107','2023-06-14 04:34:03',NULL,'job-seeker',NULL,'resume/01.pdf','736 Dillan Village Apt. 284\nKielburgh, OR 18094-5350','I fell off the cake. * * * * * * * * * * * * * * * * * \'Come, my head\'s free at last!\' said Alice more boldly: \'you know you\'re growing too.\' \'Yes, but I don\'t put my arm round your waist,\' the.',1,0,4916,0,NULL,'2023-06-13 21:34:03','2023-06-13 21:34:03',1,1,NULL,NULL,NULL),(16,'Elvie','Bruen','Alice, \'and why it.',NULL,'gottlieb.otho@von.biz','$2y$10$UMPU0jcUeNa15vBQGHodxOqrQjZA781ZlGds8e47Hm/hdxWmM7m4S',62,'2002-05-06','+16572852744','2023-06-14 04:34:03',NULL,'job-seeker',NULL,'resume/01.pdf','272 Jamie Forest\nKeelingmouth, WV 23068-6155','Gryphon went on without attending to her, so she went on eagerly. \'That\'s enough about lessons,\' the Gryphon said to herself, as well say that \"I see what the name \'Alice!\' CHAPTER XII. Alice\'s.',1,0,4146,1,NULL,'2023-06-13 21:34:03','2023-06-13 21:34:03',1,1,NULL,NULL,NULL),(17,'Gregoria','Pfannerstill','Alice noticed with.',NULL,'cstark@reilly.org','$2y$10$8/mkwwA4klMxmGs8vkwNXeZaZRmRHhKEF8QskV9DH9hBkDgvyzpRa',59,'1971-06-25','+19386823185','2023-06-14 04:34:03',NULL,'employer',NULL,NULL,'5105 Maia Rapids\nStantonfurt, ID 28685-4187','I beat him when he sneezes; For he can EVEN finish, if he wasn\'t one?\' Alice asked. The Hatter opened his eyes. He looked at each other for some way, and nothing seems to be seen--everything seemed.',1,0,2285,1,NULL,'2023-06-13 21:34:03','2023-06-13 21:34:03',0,1,NULL,NULL,NULL),(18,'Zion','Fay','Queen till she had.',NULL,'iblick@yahoo.com','$2y$10$v4KHza54NWVMQ3H2EQEp0eb.FLBKkp/ICdYKprJTxrkFget9ou8US',63,'2019-01-30','+18058604702','2023-06-14 04:34:03',NULL,'employer',NULL,NULL,'296 Cristina Island\nGarthfort, MN 67382','Alice gently remarked; \'they\'d have been a RED rose-tree, and we put a stop to this,\' she said to herself; \'I should like to drop the jar for fear of killing somebody, so managed to put it to annoy.',1,0,1827,1,NULL,'2023-06-13 21:34:03','2023-06-13 21:34:03',0,1,NULL,NULL,NULL),(19,'Martine','Krajcik','Some of the cakes.',NULL,'twiegand@gmail.com','$2y$10$v3Q4J/lE/Aqv3yawRqRk2.6HFFOObTobmg82pC6kLwfgV/JNK3O0i',62,'2016-08-25','+18705941531','2023-06-14 04:34:03',NULL,'employer',NULL,NULL,'40212 Margot Turnpike\nWest Joanne, PA 95201-4428','Alice had no reason to be otherwise than what you mean,\' the March Hare moved into the sea, though you mayn\'t believe it--\' \'I never thought about it,\' said the Caterpillar took the hookah into its.',1,0,1435,1,NULL,'2023-06-13 21:34:03','2023-06-13 21:34:03',1,1,NULL,NULL,NULL),(20,'Kayden','King','Alice. \'What sort.',NULL,'linwood.prosacco@yahoo.com','$2y$10$wmO4CvQN4sgcLS8KFF250O0Icdv4RUm8C.UCDaFdbP3IZ1S1DLq.O',63,'1984-11-12','+15207155628','2023-06-14 04:34:04',NULL,'employer',NULL,NULL,'25756 Scotty Glens Suite 100\nFaheyshire, NM 55033','This speech caused a remarkable sensation among the distant green leaves. As there seemed to have finished,\' said the Gryphon. \'They can\'t have anything to put down her flamingo, and began an.',1,0,2527,0,NULL,'2023-06-13 21:34:04','2023-06-13 21:34:04',1,1,NULL,NULL,NULL),(21,'Dante','Fahey','White Rabbit. She.',NULL,'rice.alayna@yahoo.com','$2y$10$Bl44KvhyZEW1dffCxWj8PO7ZrZom4Qs.4vysvhLhpA0QfpEzlGEzC',61,'1972-03-13','+12487758628','2023-06-14 04:34:04',NULL,'employer',NULL,NULL,'853 Ethel Key\nJonestown, WI 61703-7961','But she went on planning to herself \'Now I can find them.\' As she said these words her foot as far as they lay sprawling about, reminding her very earnestly, \'Now, Dinah, tell me your history, she.',1,0,185,0,NULL,'2023-06-13 21:34:04','2023-06-13 21:34:04',0,1,NULL,NULL,NULL),(22,'Jonathan','Heathcote','Oh dear! I shall.',NULL,'considine.athena@gmail.com','$2y$10$KdCSGu4d.EdBHEtdrOBC4uNBOjAG0CSxwNnLfvVamZDzdXHkf04KO',59,'2010-04-04','+17626421453','2023-06-14 04:34:04',NULL,'employer',NULL,NULL,'257 Harber Lights Apt. 171\nShawnbury, GA 55562-7373','Oh, I shouldn\'t want YOURS: I don\'t care which happens!\' She ate a little shaking among the bright flower-beds and the Hatter hurriedly left the court, by the way, and then treading on her hand.',1,0,2483,1,NULL,'2023-06-13 21:34:04','2023-06-13 21:34:04',1,1,NULL,NULL,NULL),(23,'Ruth','Farrell','First, she tried.',NULL,'halie67@murazik.com','$2y$10$Lr8y7msHX48zyjWjP60SjuXJCUj1xmQRE2968fJjN2OCsTs2hNKVO',60,'1989-08-26','+19405664460','2023-06-14 04:34:04',NULL,'job-seeker',NULL,'resume/01.pdf','168 Forrest Crossing Apt. 532\nBahringertown, GA 23279-9717','Alice, \'it would have appeared to them to sell,\' the Hatter replied. \'Of course it was,\' the March Hare was said to herself, \'to be going messages for a long hookah, and taking not the right size.',1,0,2971,0,NULL,'2023-06-13 21:34:04','2023-06-13 21:34:04',0,1,NULL,NULL,NULL),(24,'Faustino','Kohler','Alice alone with.',NULL,'joanie.jakubowski@wunsch.org','$2y$10$UcOTpMODnRQM4LLECv/Q0elFHtmmDsAFb4YmcabRD9fRkDfoaxELS',62,'2011-02-20','+13528298612','2023-06-14 04:34:04',NULL,'job-seeker',NULL,'resume/01.pdf','7223 Francesca Greens Suite 247\nKrajcikstad, OH 62485','Mock Turtle sang this, very slowly and sadly:-- \'\"Will you walk a little faster?\" said a sleepy voice behind her. \'Collar that Dormouse,\' the Queen till she had never before seen a cat without a.',1,0,3052,0,NULL,'2023-06-13 21:34:04','2023-06-13 21:34:04',1,1,NULL,NULL,NULL),(25,'Chad','McGlynn','King was the only.',NULL,'kenna54@larkin.biz','$2y$10$bQBs7dpI4nqUFu/lGM/uMuheFyt6ND4qDYlb6Czlr.DjUGcAXzl2C',62,'2009-11-07','+13135063972','2023-06-14 04:34:04',NULL,'employer',NULL,NULL,'5041 Alfonzo Tunnel\nDenesikview, AK 14332-7411','Queen was in the common way. So they went up to the confused clamour of the trees had a consultation about this, and she went on to her usual height. It was so small as this is May it won\'t be.',1,0,3847,0,NULL,'2023-06-13 21:34:04','2023-06-13 21:34:04',1,1,NULL,NULL,NULL),(26,'Adrian','Schinner','They had not gone.',NULL,'nels76@reichert.biz','$2y$10$byEVGamKXbNHVOVLwnBnveN5WZjA1xI0ygoKHKXkeSZdDdFJScR1e',63,'1976-11-15','+14808892487','2023-06-14 04:34:04',NULL,'job-seeker',NULL,'resume/01.pdf','3508 Sasha Rapids Apt. 509\nLarsonview, TN 80636','Majesty must cross-examine the next question is, what did the archbishop find?\' The Mouse looked at Alice. \'I\'M not a VERY turn-up nose, much more like a telescope.\' And so she set to work throwing.',1,0,977,0,NULL,'2023-06-13 21:34:04','2023-06-13 21:34:04',0,1,NULL,NULL,NULL),(27,'Cristal','Parisian','Alice\'s shoulder.',NULL,'sklein@schuster.net','$2y$10$grCAsPMoegjuCi2Nk6up.unBv1v.Yb9./UofYkfDr0PETKm3KyaoW',61,'1971-02-14','+19417033389','2023-06-14 04:34:04',NULL,'employer',NULL,NULL,'305 Berenice Prairie Apt. 993\nNorth Keenanville, DC 77952-1671','VERY remarkable in that; nor did Alice think it so quickly that the Mouse was swimming away from her as she ran. \'How surprised he\'ll be when he sneezes: He only does it matter to me whether you\'re.',1,0,101,0,NULL,'2023-06-13 21:34:04','2023-06-13 21:34:04',1,1,NULL,NULL,NULL),(28,'Sophia','Wilderman','Dinah stop in the.',NULL,'astrid.ullrich@reinger.com','$2y$10$iHusPLihiE8UUA7eeFH5cOtwmCDjd9YLLdWazIsdqGCPoQW9GEMAG',59,'2008-01-10','+17694854821','2023-06-14 04:34:04',NULL,'employer',NULL,NULL,'170 Crystal Parkway\nEast Gretaborough, DC 71479','Cat. \'--so long as I get it home?\' when it grunted again, so that they were all ornamented with hearts. Next came the royal children; there were no tears. \'If you\'re going to do that,\' said the Dodo.',1,0,583,0,NULL,'2023-06-13 21:34:04','2023-06-13 21:34:04',1,1,NULL,NULL,NULL),(29,'Missouri','Oberbrunner','I mean what I eat\".',NULL,'mosciski.dana@gmail.com','$2y$10$a06ISjVJOJTpVYDXyYP6DeZhnZkJw5tvNcjzr3nBWthE1C1NrtGYu',62,'1983-07-07','+13415362850','2023-06-14 04:34:04',NULL,'job-seeker',NULL,'resume/01.pdf','57734 Clementina Mountains Suite 004\nNorth Xzavier, NM 65881','Mock Turtle in a helpless sort of present!\' thought Alice. \'I\'m a--I\'m a--\' \'Well! WHAT are you?\' said the Footman, \'and that for two Pennyworth only of beautiful Soup? Beau--ootiful Soo--oop!.',1,0,2312,1,NULL,'2023-06-13 21:34:04','2023-06-13 21:34:04',0,1,NULL,NULL,NULL),(30,'Hiram','Lubowitz','Oh my dear Dinah!.',NULL,'muhammad.johns@kub.com','$2y$10$aHjf1KRspLwdbiMEVeleLelje1gDzl6n4/7abcDd9r6rjaLu5P0rC',60,'1993-07-01','+16185721516','2023-06-14 04:34:04',NULL,'employer',NULL,NULL,'41280 Katelynn Bridge Apt. 175\nNew Pierre, CA 18310','There was a different person then.\' \'Explain all that,\' said the Mock Turtle, who looked at Two. Two began in a sorrowful tone, \'I\'m afraid I can\'t put it in a large piece out of a feather flock.',1,0,3854,0,NULL,'2023-06-13 21:34:04','2023-06-13 21:34:04',0,1,NULL,NULL,NULL),(31,'Johnathon','Haley','In a minute or two.',NULL,'corrine83@gmail.com','$2y$10$F2boCxjiL0i0qcvSDcR13eskaBlsclSX783uEFfdHl5zq2sfA4tR2',62,'2021-01-09','+18329651819','2023-06-14 04:34:04',NULL,'employer',NULL,NULL,'72423 Neal Greens Apt. 231\nHintzstad, IN 28315-7279','She pitied him deeply. \'What is it?\' \'Why,\' said the Duchess; \'and that\'s a fact.\' Alice did not like to show you! A little bright-eyed terrier, you know, and he wasn\'t one?\' Alice asked. The Hatter.',1,0,400,1,NULL,'2023-06-13 21:34:04','2023-06-13 21:34:04',1,1,NULL,NULL,NULL),(32,'Imogene','Corkery','I find a pleasure.',NULL,'crooks.pamela@dare.com','$2y$10$6yuT8Qdng7aJrFNmJXApZuufPc.bksYHNXjTIj0FvIvBb2q8JnTaq',62,'2000-08-23','+13603938036','2023-06-14 04:34:04',NULL,'job-seeker',NULL,'resume/01.pdf','446 Amya Cove Suite 903\nNew Neomatown, TX 42403-8624','Rabbit\'s voice; and the King said, turning to the garden at once; but, alas for poor Alice! when she got back to the seaside once in the middle of one! There ought to be an advantage,\' said Alice.',1,0,4908,1,NULL,'2023-06-13 21:34:04','2023-06-13 21:34:04',0,1,NULL,NULL,NULL),(33,'Alison','Breitenberg','Dormouse, who was.',NULL,'ashly.hessel@yost.com','$2y$10$ufzFlCTLY19IomW7Wf1dxuqRnpL/1dWQKDH8CUclHipa6zyEPNsM6',61,'1979-04-25','+12836917354','2023-06-14 04:34:04',NULL,'job-seeker',NULL,'resume/01.pdf','7730 Windler Wall\nLilianside, AK 68048','Alice, who had followed him into the sky all the party were placed along the course, here and there stood the Queen in front of the Lizard\'s slate-pencil, and the words \'EAT ME\' were beautifully.',1,0,4347,0,NULL,'2023-06-13 21:34:04','2023-06-13 21:34:04',0,1,NULL,NULL,NULL),(34,'Valentin','Emard','Mock Turtle sighed.',NULL,'yazmin.jakubowski@hotmail.com','$2y$10$ufLaa8go4jNVbdcd/2pCee9Z97pAvwDRiwYjvlI7qTx4VshQj9j4G',59,'2019-02-23','+12124439889','2023-06-14 04:34:04',NULL,'employer',NULL,NULL,'5423 Horacio Knoll Suite 755\nSouth Logan, OR 88067-9258','Hearts, she made out the answer to shillings and pence. \'Take off your hat,\' the King very decidedly, and the three gardeners instantly jumped up, and there was no longer to be trampled under its.',1,0,1338,1,NULL,'2023-06-13 21:34:04','2023-06-13 21:34:04',1,1,NULL,NULL,NULL),(35,'Arvilla','Altenwerth','The Duchess took.',NULL,'crist.marielle@hotmail.com','$2y$10$gih5YoDPKw/8Um5eq2up/uhBYXx3KjS7sW5seImQRc9UUYyndsbSW',61,'2002-02-05','+18318081393','2023-06-14 04:34:04',NULL,'employer',NULL,NULL,'5498 Waters River Apt. 217\nPort Rebecca, MA 55715','Mock Turtle yet?\' \'No,\' said Alice. \'Why, there they lay on the trumpet, and then keep tight hold of anything, but she stopped hastily, for the baby, and not to be no sort of way to change the.',1,0,2574,1,NULL,'2023-06-13 21:34:04','2023-06-13 21:34:04',1,1,NULL,NULL,NULL),(36,'Jeramie','Abshire','Alice to find her.',NULL,'eden.emard@howe.com','$2y$10$34xgqjai2bz1x7Tn3jNdceCfaKXExHpZ7XxWf/CKF0WXOQWOiM7ta',62,'2018-09-28','+18285413805','2023-06-14 04:34:05',NULL,'job-seeker',NULL,'resume/01.pdf','939 Dicki Corners Suite 850\nHilpertbury, KY 82609-8875','Dodo, \'the best way you can;--but I must sugar my hair.\" As a duck with its head, it WOULD twist itself round and swam slowly back to them, they set to work very diligently to write with one of its.',1,0,4157,1,NULL,'2023-06-13 21:34:05','2023-06-13 21:34:05',0,1,NULL,NULL,NULL),(37,'Geoffrey','Langosh','King: \'leave out.',NULL,'zdeckow@nicolas.org','$2y$10$PYBShErJ0LMVP9Xv3FVwcOWNCcLtDA/KRuMWgao0g12yEeSbJKaXe',59,'2023-04-06','+15096271620','2023-06-14 04:34:05',NULL,'employer',NULL,NULL,'372 Rempel Alley Apt. 086\nAkeemtown, AK 04155','Alice could hardly hear the very tones of her voice. Nobody moved. \'Who cares for fish, Game, or any other dish? Who would not open any of them. \'I\'m sure I\'m not looking for eggs, I know all sorts.',1,0,134,1,NULL,'2023-06-13 21:34:05','2023-06-13 21:34:05',0,1,NULL,NULL,NULL),(38,'Nina','Zulauf','YOUR adventures.\'.',NULL,'salvatore47@hotmail.com','$2y$10$Up4ywIdtuBTlyuBkgb.ZVeWMH1vn9Hn1LIC.j9gBO.RhNBTGQ6cGq',61,'1986-09-11','+14808864688','2023-06-14 04:34:05',NULL,'job-seeker',NULL,'resume/01.pdf','405 Wolff Creek Apt. 130\nSouth Troyport, IA 57914','Alice to herself. (Alice had no idea what a dear little puppy it was!\' said Alice, a little animal (she couldn\'t guess of what sort it was) scratching and scrambling about in all their simple.',1,0,3109,1,NULL,'2023-06-13 21:34:05','2023-06-13 21:34:05',0,1,NULL,NULL,NULL),(39,'Mack','Fahey','I shall ever see.',NULL,'jhackett@gmail.com','$2y$10$Q4hVpchYT4kJuLiAWmotO.MAGasIfhIk.c398m9KEeuTqkA6Q9oe.',59,'1985-02-08','+14849603107','2023-06-14 04:34:05',NULL,'job-seeker',NULL,'resume/01.pdf','236 Emard Crossing\nColechester, RI 42216','There was a large rabbit-hole under the door; so either way I\'ll get into the way the people near the right way of escape, and wondering whether she could guess, she was exactly one a-piece all.',1,0,3566,1,NULL,'2023-06-13 21:34:05','2023-06-13 21:34:05',0,1,NULL,NULL,NULL),(40,'Eusebio','Flatley','It\'s high time to.',NULL,'ezekiel.hintz@gmail.com','$2y$10$Zrn7XE/byI.LWfsZMoRKL.C8cEKnC1Ci22vNfyxjtXMbVCjPGGxC2',63,'2012-04-26','+13462888455','2023-06-14 04:34:05',NULL,'job-seeker',NULL,'resume/01.pdf','50769 Rowe Prairie Suite 199\nPort Jazminbury, TX 26915','Alice (she was so long since she had not gone far before they saw Alice coming. \'There\'s PLENTY of room!\' said Alice hastily; \'but I\'m not the right words,\' said poor Alice, who felt very glad she.',1,0,2305,0,NULL,'2023-06-13 21:34:05','2023-06-13 21:34:05',1,1,NULL,NULL,NULL),(41,'Bailey','Morar','It did so indeed.',NULL,'erna.johns@rempel.com','$2y$10$htIjnxKtTkhFlKTltUuNh.R.fbPseXC8kRzjYrCudj3yoadVoodyS',63,'1990-01-07','+14634590063','2023-06-14 04:34:05',NULL,'job-seeker',NULL,'resume/01.pdf','7918 Jazmin Loaf Suite 850\nNorth Frances, UT 76119','And oh, I wish you wouldn\'t have come here.\' Alice didn\'t think that there was generally a frog or a watch to take out of the March Hare, \'that \"I breathe when I get it home?\' when it had come to.',1,0,1884,0,NULL,'2023-06-13 21:34:05','2023-06-13 21:34:05',0,1,NULL,NULL,NULL),(42,'Lonnie','O\'Reilly','Mouse, sharply and.',NULL,'lwillms@hotmail.com','$2y$10$iTtU5Jz3427zINh1fuYPP.9Deeseavsp4MXLCiTK/IguQjVmPMgBS',59,'2017-06-13','+13617566776','2023-06-14 04:34:05',NULL,'job-seeker',NULL,'resume/01.pdf','56808 Herminio Viaduct Suite 024\nKubstad, IN 16271-8438','Who in the sky. Alice went on growing, and very angrily. \'A knot!\' said Alice, \'and why it is I hate cats and dogs.\' It was so long that they had to kneel down on her face brightened up again.).',1,0,3191,0,NULL,'2023-06-13 21:34:05','2023-06-13 21:34:05',0,1,NULL,NULL,NULL),(43,'Angus','Wiegand','Alice. \'I\'m glad.',NULL,'abraun@daniel.info','$2y$10$klTce9LQJCjYxttO8Y.dKOUghxmOvvFs2H2cqg8OXG4AApt9Z9X0K',62,'1999-10-26','+16282846901','2023-06-14 04:34:05',NULL,'job-seeker',NULL,'resume/01.pdf','3524 Archibald Place Apt. 936\nPollichview, ID 11330-3060','I can\'t see you?\' She was walking hand in hand, in couples: they were trying which word sounded best. Some of the words \'DRINK ME\' beautifully printed on it but tea. \'I don\'t know much,\' said Alice.',1,0,4691,0,NULL,'2023-06-13 21:34:05','2023-06-13 21:34:05',1,1,NULL,NULL,NULL),(44,'Durward','Kertzmann','Hatter hurriedly.',NULL,'gutmann.shyanne@gmail.com','$2y$10$0bVQdiNeY7oDJ4XtYlwjZui9RlAwlumU6M6Tm.Bd9rkB1ZSWUG74G',62,'2016-05-09','+19286385225','2023-06-14 04:34:05',NULL,'job-seeker',NULL,'resume/01.pdf','361 Kallie Branch Suite 752\nStokesside, AL 34733-3736','They all sat down a jar from one end to the tarts on the other paw, \'lives a March Hare. The Hatter shook his head sadly. \'Do I look like it?\' he said. (Which he certainly did NOT, being made.',1,0,3786,1,NULL,'2023-06-13 21:34:05','2023-06-13 21:34:05',1,1,NULL,NULL,NULL),(45,'Allie','Kuhn','Alice\'s, and they.',NULL,'okuphal@rohan.net','$2y$10$FDRPCCoyluFxPyX95V4PqeffciUmKnNCULQtB.T4VmIPy6TYB5ZPG',61,'2019-06-01','+15204542454','2023-06-14 04:34:05',NULL,'employer',NULL,NULL,'342 Schinner Avenue Apt. 101\nPort Alexborough, NM 56178-6072','Alice. \'Come on, then!\' roared the Queen, who had been found and handed them round as prizes. There was a general chorus of voices asked. \'Why, SHE, of course,\' he said to the waving of the Mock.',1,0,4026,1,NULL,'2023-06-13 21:34:05','2023-06-13 21:34:05',0,1,NULL,NULL,NULL),(46,'Myrtis','Dibbert','Next came an angry.',NULL,'hettinger.henderson@yahoo.com','$2y$10$50VcqfgDtHRivFEUyfC5wOnI0ZtlabQUcBKRycplaBrNNhqpgi73W',59,'2018-08-19','+19725545980','2023-06-14 04:34:05',NULL,'job-seeker',NULL,'resume/01.pdf','66621 Zoie Mall Suite 111\nEast Alicia, OK 76368','Alice, \'it would be like, but it puzzled her a good deal on where you want to be?\' it asked. \'Oh, I\'m not used to it as she went out, but it just missed her. Alice caught the flamingo and brought it.',1,0,3879,1,NULL,'2023-06-13 21:34:05','2023-06-13 21:34:05',0,1,NULL,NULL,NULL),(47,'Richie','Sauer','Like a tea-tray in.',NULL,'ibeer@yahoo.com','$2y$10$xYgAMHJREq7N9FwyBswUw.djwDPPEczINiUSMWgfhuctx5rTbxnLO',59,'2006-11-09','+18706629950','2023-06-14 04:34:05',NULL,'employer',NULL,NULL,'211 Sister Harbors\nStanport, MO 81348','How puzzling all these strange Adventures of hers that you never to lose YOUR temper!\' \'Hold your tongue!\' added the Hatter, \'when the Queen till she had never been so much into the book her sister.',1,0,626,0,NULL,'2023-06-13 21:34:05','2023-06-13 21:34:05',0,1,NULL,NULL,NULL),(48,'Ibrahim','Fisher','I\'m here! Digging.',NULL,'oherzog@ritchie.com','$2y$10$lVYPEk6XamEhjpDufP0q0OkzHA0J2ib4z6uAVh/fQFB/KFN6cuu02',63,'2002-05-03','+19312129623','2023-06-14 04:34:05',NULL,'employer',NULL,NULL,'100 Balistreri Expressway\nEast Devontetown, FL 52220-7759','Shakespeare, in the act of crawling away: besides all this, there was no time to wash the things being alive; for instance, there\'s the arch I\'ve got back to the executioner: \'fetch her here.\' And.',1,0,1533,0,NULL,'2023-06-13 21:34:05','2023-06-13 21:34:05',1,1,NULL,NULL,NULL),(49,'Leopoldo','Kunze','Mock Turtle said.',NULL,'hugh80@kirlin.com','$2y$10$LTFaGcMoe0QjsChdqSqZEeJcCRq9kg3w9IdMpx5VRhr0i/k8FeHN2',62,'1980-08-20','+18043964508','2023-06-14 04:34:05',NULL,'employer',NULL,NULL,'14780 DuBuque Parkway\nSatterfieldport, HI 97926','IN the well,\' Alice said to a lobster--\' (Alice began to repeat it, but her voice close to her: its face was quite out of the table, but there were no tears. \'If you\'re going to leave the room, when.',1,0,1854,0,NULL,'2023-06-13 21:34:05','2023-06-13 21:34:05',1,1,NULL,NULL,NULL),(50,'Vallie','Upton','As she said to the.',NULL,'smccullough@metz.info','$2y$10$/CsAhArHHdW1I5HzNtIFYOd6ufKawGVs.MMjXYoP1Q5cmZmwoMjyO',62,'2013-04-07','+12405345549','2023-06-14 04:34:05',NULL,'job-seeker',NULL,'resume/01.pdf','2336 Maya Overpass\nRobertsland, MN 08051-1003','Ma!\' said the youth, \'and your jaws are too weak For anything tougher than suet; Yet you finished the guinea-pigs!\' thought Alice. \'I\'m a--I\'m a--\' \'Well! WHAT are you?\' And then a voice of thunder.',1,0,1982,0,NULL,'2023-06-13 21:34:05','2023-06-13 21:34:05',0,1,NULL,NULL,NULL),(51,'Gerardo','Kshlerin','For some minutes.',NULL,'nolan.deven@hills.com','$2y$10$AAnwb9btMPV.AosnVzIDZ.TFwIMEdNW4kg3qMflpp2qRJenBdRqeS',59,'2022-01-18','+17163989678','2023-06-14 04:34:05',NULL,'employer',NULL,NULL,'4745 Hilton Lodge Suite 595\nSouth Cornellbury, NV 99656-6972','Mock Turtle is.\' \'It\'s the thing yourself, some winter day, I will tell you more than that, if you drink much from a Caterpillar The Caterpillar was the first verse,\' said the Duck. \'Found IT,\' the.',1,0,3651,0,NULL,'2023-06-13 21:34:05','2023-06-13 21:34:05',0,1,NULL,NULL,NULL),(52,'Dylan','McDermott','English coast you.',NULL,'ronny25@feeney.com','$2y$10$b/zQUrYrAVdZ3jbqjUqSgOhelNCFOEGiTavQl./wamfxtMqV6ev1.',59,'1976-05-26','+19183745994','2023-06-14 04:34:06',NULL,'job-seeker',NULL,'resume/01.pdf','362 Lucius Extension\nSouth Gilda, KY 22609','Alice thought she had brought herself down to the table to measure herself by it, and yet it was a general chorus of voices asked. \'Why, SHE, of course,\' the Dodo had paused as if he doesn\'t begin.\'.',1,0,894,0,NULL,'2023-06-13 21:34:06','2023-06-13 21:34:06',1,1,NULL,NULL,NULL),(53,'Aric','Bergstrom','Queen was to find.',NULL,'ufisher@frami.com','$2y$10$BU0K5onMnBVcKd8oybNVYO3PJcwHDclloASVXshH7rBylWFZXi6iC',62,'1980-05-10','+18587815990','2023-06-14 04:34:06',NULL,'employer',NULL,NULL,'757 Aniya Road\nLeannonville, WA 90182','The cook threw a frying-pan after her as she wandered about in the other. In the very tones of her or of anything to say, she simply bowed, and took the hookah out of a feather flock together.\"\'.',1,0,3039,1,NULL,'2023-06-13 21:34:06','2023-06-13 21:34:06',1,1,NULL,NULL,NULL),(54,'Angeline','Anderson','Let me see: that.',NULL,'fredy85@hotmail.com','$2y$10$QjQNdLbhuNOheWAqM3lcsO6ZBv4q4kC7tWRvnKugFQnywCWOu4SSy',59,'1981-11-17','+18642991889','2023-06-14 04:34:06',NULL,'employer',NULL,NULL,'3444 Elyse Fords Apt. 689\nAntoniaport, NM 15792','Alice with one of the wood to listen. \'Mary Ann! Mary Ann!\' said the Gryphon. \'I mean, what makes them bitter--and--and barley-sugar and such things that make children sweet-tempered. I only knew.',1,0,3809,0,NULL,'2023-06-13 21:34:06','2023-06-13 21:34:06',1,1,NULL,NULL,NULL),(55,'Neha','Legros','The Dormouse shook.',NULL,'hoppe.deborah@yahoo.com','$2y$10$wnd1wro6UMIGjSMm76yJ9eJjhQVN.W5LehzVM5K7c6BZE1Ugtg6y.',60,'1994-01-26','+13109936846','2023-06-14 04:34:06',NULL,'job-seeker',NULL,'resume/01.pdf','36915 Kulas Mission Apt. 445\nPort Kaylee, WV 56431','After a while she was nine feet high. \'Whoever lives there,\' thought Alice, \'as all the right size, that it was perfectly round, she found she had never been so much already, that it was all dark.',1,0,941,1,NULL,'2023-06-13 21:34:06','2023-06-13 21:34:06',0,1,NULL,NULL,NULL),(56,'Spencer','Green','Rabbit coming to.',NULL,'nicklaus25@gerhold.com','$2y$10$jkUWOGyCDbSJvwJ22kxjVOKcjMlkRzBrvHLbKiwwCo0tBq2tONgQq',61,'2022-04-09','+17168590760','2023-06-14 04:34:06',NULL,'job-seeker',NULL,'resume/01.pdf','93770 Padberg Ford\nDaishahaven, AK 20492','I fancied that kind of serpent, that\'s all you know I\'m mad?\' said Alice. \'You are,\' said the Dormouse, who seemed too much of a dance is it?\' The Gryphon lifted up both its paws in surprise. \'What!.',1,0,1792,1,NULL,'2023-06-13 21:34:06','2023-06-13 21:34:06',1,1,NULL,NULL,NULL),(57,'Genesis','White','Knave, \'I didn\'t.',NULL,'vladimir.doyle@gmail.com','$2y$10$tUa2WavQ6HX1WoctF38bteacYXkpe.5AedRv5k.D00Kp.ffnsNVmO',62,'2011-09-30','+19868741552','2023-06-14 04:34:06',NULL,'job-seeker',NULL,'resume/01.pdf','120 Miller Loop\nHauckport, GA 28415-6294','She was looking at the stick, and made believe to worry it; then Alice dodged behind a great letter, nearly as she spoke. Alice did not venture to ask any more HERE.\' \'But then,\' thought Alice, as.',1,0,1119,1,NULL,'2023-06-13 21:34:06','2023-06-13 21:34:06',0,1,NULL,NULL,NULL),(58,'Fatima','Hamill','Mock Turtle. \'No.',NULL,'camylle05@gmail.com','$2y$10$ucNyRYEMpDaoJxTltOaBhOvACphA2I8bltITeAO6vGnp/xdb713Hq',61,'2013-11-21','+12314278799','2023-06-14 04:34:06',NULL,'employer',NULL,NULL,'26383 Daugherty Cliffs\nGleichnerbury, SD 12291-7014','THAT\'S a good deal until she had asked it aloud; and in another minute the whole cause, and condemn you to offer it,\' said Five, \'and I\'ll tell you how the Dodo could not help thinking there MUST be.',1,0,3583,1,NULL,'2023-06-13 21:34:06','2023-06-13 21:34:06',1,1,NULL,NULL,NULL),(59,'Shana','Boehm','I\'LL soon make you.',NULL,'mertz.eldridge@yahoo.com','$2y$10$s5cx7K.a7gkDPYJGhTE79.DjA4.fgw4VLO/BAhZy5Qxo95pMGvtz6',63,'2006-02-22','+17203051013','2023-06-14 04:34:06',NULL,'employer',NULL,NULL,'691 Bednar Oval\nLake Jeanette, MD 36649','Be off, or I\'ll kick you down stairs!\' \'That is not said right,\' said the Cat, \'if you don\'t like them raw.\' \'Well, be off, then!\' said the Hatter. He came in with the next verse,\' the Gryphon.',1,0,4424,1,NULL,'2023-06-13 21:34:06','2023-06-13 21:34:06',1,1,NULL,NULL,NULL),(60,'Elenor','Windler','King, rubbing his.',NULL,'dashawn01@gmail.com','$2y$10$so5Q4cDowQGRUnSqVKRjWeoeD1Kxu8Ayr9bIyZu0vq7GKbGtSaWXy',63,'1987-07-02','+15647645815','2023-06-14 04:34:06',NULL,'job-seeker',NULL,'resume/01.pdf','8748 Amina Square\nWest Virgieshire, DC 77999-1120','Hatter. Alice felt dreadfully puzzled. The Hatter\'s remark seemed to be seen: she found she could not help thinking there MUST be more to be in Bill\'s place for a long time together.\' \'Which is just.',1,0,4760,1,NULL,'2023-06-13 21:34:06','2023-06-13 21:34:06',0,1,NULL,NULL,NULL),(61,'Sunny','Herman','By the time he had.',NULL,'christelle93@yahoo.com','$2y$10$bW3rbsGgRNKMVnhOyNxp1e19Au0y6hjq470Qoe8C0.O89N3njC892',62,'2004-10-17','+15188792159','2023-06-14 04:34:06',NULL,'job-seeker',NULL,'resume/01.pdf','7231 Carter Lane Suite 957\nLeratown, IN 96307','Alice, \'as all the rest, Between yourself and me.\' \'That\'s the most interesting, and perhaps after all it might not escape again, and said, without opening its eyes, for it now, I suppose, by being.',1,0,732,1,NULL,'2023-06-13 21:34:06','2023-06-13 21:34:06',1,1,NULL,NULL,NULL),(62,'Mossie','Kling','Mock Turtle: \'why.',NULL,'macejkovic.lawson@yahoo.com','$2y$10$gfIWVMjS7RIcQebfnwfww.BY1ZXLmS7kyc.lY8u./KA6LrSyGMCWC',60,'1998-01-24','+17322388507','2023-06-14 04:34:06',NULL,'job-seeker',NULL,'resume/01.pdf','24603 Casper Village\nNorth Abdiel, WA 65113','Queen, but she ran out of this elegant thimble\'; and, when it had no idea what to beautify is, I suppose?\' \'Yes,\' said Alice, in a wondering tone. \'Why, what are YOUR shoes done with?\' said the Cat.',1,0,3580,0,NULL,'2023-06-13 21:34:06','2023-06-13 21:34:06',1,1,NULL,NULL,NULL),(63,'Rollin','Kerluke','However, she did.',NULL,'wwehner@mitchell.com','$2y$10$eSOPOG3UJRH.n4C18vutFOl.m31ivUgJ2CEGw9JMURXReV7Vd01Vu',61,'1976-06-05','+14355234014','2023-06-14 04:34:06',NULL,'job-seeker',NULL,'resume/01.pdf','1712 Declan Groves Apt. 796\nDorthafurt, HI 36731','And she began again. \'I wonder if I\'ve been changed for Mabel! I\'ll try if I shall have some fun now!\' thought Alice. The King looked anxiously round, to make it stop. \'Well, I\'d hardly finished the.',1,0,3559,0,NULL,'2023-06-13 21:34:06','2023-06-13 21:34:06',1,1,NULL,NULL,NULL),(64,'Kurtis','Nicolas','Then followed the.',NULL,'olga96@gmail.com','$2y$10$3cltdhAbSaJrdxTZTAT6WuTCv.HmHDGJUe6PYR5onJuQ8klseQY0i',63,'2012-05-13','+12246545795','2023-06-14 04:34:06',NULL,'job-seeker',NULL,'resume/01.pdf','41710 Miguel Spurs\nEuniceport, IN 21442-7331','ME\' were beautifully marked in currants. \'Well, I\'ll eat it,\' said the Mock Turtle said: \'advance twice, set to work, and very soon finished off the cake. * * * * * * * * * CHAPTER II. The Pool of.',1,0,3702,0,NULL,'2023-06-13 21:34:06','2023-06-13 21:34:06',1,1,NULL,NULL,NULL),(65,'Macy','Franecki','Mock Turtle, \'but.',NULL,'jermey63@hotmail.com','$2y$10$lxl.hISD4r3KdX7fZNyzWulXT5FYgBWzPMw0ZGwXh.l9l0Us4Dfwi',63,'1987-08-14','+19142017305','2023-06-14 04:34:06',NULL,'job-seeker',NULL,'resume/01.pdf','64865 Rita Bridge Suite 478\nSchoenhaven, NV 35533-9641','TWO little shrieks, and more sounds of broken glass. \'What a number of bathing machines in the air. This time there were three gardeners who were giving it a bit, if you were or might have been a.',1,0,3930,1,NULL,'2023-06-13 21:34:06','2023-06-13 21:34:06',1,1,NULL,NULL,NULL),(66,'Khalil','Dach','By the time he was.',NULL,'damore.zackary@yahoo.com','$2y$10$gi8f.2qKt8Ei4RZPHar0YOb49jXDE.vWveS0zEAwkQt0VmtmpZO6q',60,'2006-01-01','+16515628698','2023-06-14 04:34:06',NULL,'employer',NULL,NULL,'3190 Brown Rue Suite 446\nSchaefermouth, ND 25846','Gryphon. \'--you advance twice--\' \'Each with a great hurry; \'this paper has just been picked up.\' \'What\'s in it?\' said the Dormouse. \'Fourteenth of March, I think you\'d take a fancy to herself.',1,0,3687,1,NULL,'2023-06-13 21:34:06','2023-06-13 21:34:06',1,1,NULL,NULL,NULL),(67,'Benedict','Hilpert','Poor Alice! It was.',NULL,'nschroeder@kunze.com','$2y$10$ioGFDIvtWdMHgU9.fwWraOT7wt8VHb2pauSKzlYhAiCBqReD/cOZy',62,'2008-03-11','+12343754251','2023-06-14 04:34:06',NULL,'employer',NULL,NULL,'549 Prosacco Grove Suite 278\nNorth Jettietown, PA 83951','Eaglet, and several other curious creatures. Alice led the way, was the White Rabbit with pink eyes ran close by it, and found that, as nearly as large as himself, and this Alice would not join the.',1,0,122,1,NULL,'2023-06-13 21:34:06','2023-06-13 21:34:06',1,1,NULL,NULL,NULL),(68,'Twila','Spencer','Alice replied in a.',NULL,'quitzon.clara@gmail.com','$2y$10$OimqIdvQuMTkVSv7CGCd4ud0xt72iChG5vt0zObiL..H6nTGr7J26',63,'1980-12-31','+13523931685','2023-06-14 04:34:07',NULL,'job-seeker',NULL,'resume/01.pdf','949 Krajcik Forge Suite 533\nFritzborough, AZ 83867-1445','Alice whispered, \'that it\'s done by everybody minding their own business,\' the Duchess to play with, and oh! ever so many lessons to learn! Oh, I shouldn\'t like THAT!\' \'Oh, you foolish Alice!\' she.',1,0,2968,0,NULL,'2023-06-13 21:34:07','2023-06-13 21:34:07',1,1,NULL,NULL,NULL),(69,'Claudie','Franecki','I can creep under.',NULL,'schmitt.raoul@white.biz','$2y$10$D3BCiPJ07bflBBV5ANUmAuXql3V2OHhyeD3Rqx7.ohEfAGTagG8Tm',60,'1976-05-07','+13132092575','2023-06-14 04:34:07',NULL,'job-seeker',NULL,'resume/01.pdf','52309 Cole Cape\nPort Brandychester, NJ 45113','Dormouse shook itself, and was gone in a tone of the others all joined in chorus, \'Yes, please do!\' pleaded Alice. \'And ever since that,\' the Hatter began, in a sort of chance of this, so she.',1,0,2400,1,NULL,'2023-06-13 21:34:07','2023-06-13 21:34:07',0,1,NULL,NULL,NULL),(70,'Oswaldo','Leffler','There could be NO.',NULL,'cassin.joanny@mraz.org','$2y$10$S6tddUm8xyubH5b72.YGluTJcKetMpYgYMcfRJvnbhN.A874kRKeG',61,'1984-12-06','+19128301818','2023-06-14 04:34:07',NULL,'employer',NULL,NULL,'27726 Rohan Expressway Apt. 133\nCarmineside, KS 73710','Alice, as she was near enough to get very tired of swimming about here, O Mouse!\' (Alice thought this a very humble tone, going down on their backs was the same thing as \"I get what I see\"!\' \'You.',1,0,3811,1,NULL,'2023-06-13 21:34:07','2023-06-13 21:34:07',1,1,NULL,NULL,NULL),(71,'Jason','Nolan','Dormouse sulkily.',NULL,'koepp.lottie@hotmail.com','$2y$10$TQZ7K6BV/CJHac9ycdyQF.SmcHUcEGWEavKmkhMts4uzGU8c9jQ0e',61,'1977-05-10','+13473097669','2023-06-14 04:34:07',NULL,'job-seeker',NULL,'resume/01.pdf','18807 Schinner Circle Apt. 510\nSchulistshire, VA 70706','Alice desperately: \'he\'s perfectly idiotic!\' And she began again. \'I should have liked teaching it tricks very much, if--if I\'d only been the whiting,\' said Alice, as she said to the jury, and the.',1,0,1824,0,NULL,'2023-06-13 21:34:07','2023-06-13 21:34:07',1,1,NULL,NULL,NULL),(72,'Leopold','Wintheiser','As they walked off.',NULL,'hodkiewicz.celine@hotmail.com','$2y$10$.EK1xbIwQwHCNVUp1W/SC.76bW61choZ0k4NvdmumQCQE0vjP2IcO',63,'1972-11-08','+12625290886','2023-06-14 04:34:07',NULL,'job-seeker',NULL,'resume/01.pdf','660 Murray Street Apt. 873\nSamtown, MD 76961-4824','Ada,\' she said, as politely as she ran; but the great question certainly was, what? Alice looked at them with large eyes full of the song. \'What trial is it?\' \'Why,\' said the Cat, and vanished.',1,0,4809,1,NULL,'2023-06-13 21:34:07','2023-06-13 21:34:07',1,1,NULL,NULL,NULL),(73,'Greyson','Keebler','What WILL become.',NULL,'hsmitham@yahoo.com','$2y$10$mCPHGiKgLV3JEj24lrjVeOj.3kxDndjC0qVHX8qFZPL2yy9/BZmD2',61,'2020-07-19','+18143476747','2023-06-14 04:34:07',NULL,'job-seeker',NULL,'resume/01.pdf','716 Raynor Station Apt. 857\nNorth Drake, ME 75910-5397','And the executioner myself,\' said the King. \'When did you manage to do anything but sit with its arms folded, quietly smoking a long breath, and till the Pigeon the opportunity of showing off a.',1,0,1799,1,NULL,'2023-06-13 21:34:07','2023-06-13 21:34:07',0,1,NULL,NULL,NULL),(74,'Raheem','Boyle','By this time the.',NULL,'west.betty@yahoo.com','$2y$10$gu.EGhP0q72FWyTOB9Z8/.zNsvCwEClIXCz7lAUY2/Jcnydt9xb2O',62,'2000-03-18','+17169884304','2023-06-14 04:34:07',NULL,'job-seeker',NULL,'resume/01.pdf','98312 Torphy Trail Suite 671\nLynchbury, WY 99153-7007','King: \'however, it may kiss my hand if it began ordering people about like mad things all this grand procession, came THE KING AND QUEEN OF HEARTS. Alice was beginning to write with one finger; and.',1,0,4593,0,NULL,'2023-06-13 21:34:07','2023-06-13 21:34:07',1,1,NULL,NULL,NULL),(75,'Ivy','Waters','There ought to be.',NULL,'cboehm@shields.com','$2y$10$FIPkINNiPXp9uz3UuRoEa.mjLD72K4xwL5OHo8buDxvVHxRZcJFfW',62,'2018-01-06','+19144577307','2023-06-14 04:34:07',NULL,'employer',NULL,NULL,'55282 Walker Mountains\nHermanhaven, VA 30404','WILL do next! As for pulling me out of the fact. \'I keep them to sell,\' the Hatter and the Queen\'s hedgehog just now, only it ran away when it saw Alice. It looked good-natured, she thought: still.',1,0,3354,1,NULL,'2023-06-13 21:34:07','2023-06-13 21:34:07',0,1,NULL,NULL,NULL),(76,'Sandra','Towne','Alice had begun to.',NULL,'wleuschke@gmail.com','$2y$10$aNrKXXDBYgysubdd1uMO0.G7kdk2vTzXLKZqkbuW99UYWJzP4lA2e',61,'1995-08-10','+18598790847','2023-06-14 04:34:07',NULL,'job-seeker',NULL,'resume/01.pdf','8047 Roberta Radial Apt. 107\nEast Beaulahville, AL 61513-5363','Knave of Hearts, who only bowed and smiled in reply. \'Please come back with the glass table as before, \'It\'s all about it!\' Last came a rumbling of little pebbles came rattling in at all?\' said.',1,0,1152,0,NULL,'2023-06-13 21:34:07','2023-06-13 21:34:07',1,1,NULL,NULL,NULL),(77,'Torrey','Lesch','And the moral of.',NULL,'eusebio39@yahoo.com','$2y$10$KtAsZgc0q4uCkuTWYV7BHevgKlRcPTINb/Z.f5jpGyMb8trwIHE0q',62,'2021-06-25','+12627430778','2023-06-14 04:34:07',NULL,'job-seeker',NULL,'resume/01.pdf','1090 McKenzie River Suite 960\nMannland, OK 78016','Alice could hardly hear the Rabbit say to this: so she sat down and saying \"Come up again, dear!\" I shall ever see you again, you dear old thing!\' said the White Rabbit. She was a child,\' said the.',1,0,528,1,NULL,'2023-06-13 21:34:07','2023-06-13 21:34:07',0,1,NULL,NULL,NULL),(78,'Hunter','Blanda','Lory, who at last.',NULL,'glenna89@stiedemann.com','$2y$10$KEGKnhnT4qt03A4O5iKsd.Mr66CWRoek1ppd0jZZ4ZD2r5GfPb6J2',60,'1977-01-08','+15863751492','2023-06-14 04:34:07',NULL,'job-seeker',NULL,'resume/01.pdf','560 Stark Motorway\nBrodychester, CA 56668','So she called softly after it, never once considering how in the pool of tears which she concluded that it would be so proud as all that.\' \'With extras?\' asked the Mock Turtle went on. \'Or would you.',1,0,2993,1,NULL,'2023-06-13 21:34:07','2023-06-13 21:34:07',1,1,NULL,NULL,NULL),(79,'Colin','Shields','King triumphantly.',NULL,'goldner.eddie@bernier.com','$2y$10$.0lg53ue.ree8BXrNEEu6ecrBrxvkpQ9DF6dpXVt0IWkuf.yTfXWu',61,'1994-05-19','+16573492159','2023-06-14 04:34:07',NULL,'employer',NULL,NULL,'519 Tressie Center Apt. 452\nLake Gerhardmouth, NJ 82135','How puzzling all these strange Adventures of hers would, in the other. \'I beg your pardon!\' said the voice. \'Fetch me my gloves this moment!\' Then came a little sharp bark just over her head made.',1,0,484,1,NULL,'2023-06-13 21:34:07','2023-06-13 21:34:07',1,1,NULL,NULL,NULL),(80,'Forest','Halvorson','Mouse heard this.',NULL,'raymundo.heaney@wilkinson.com','$2y$10$PsfoyM98WFxorsFelhCwm.bX3Bl64x0eBKQmS5vMzfQSoDfR//dlm',62,'2001-09-14','+15618297901','2023-06-14 04:34:07',NULL,'employer',NULL,NULL,'543 Swift Route\nIzabellaburgh, CT 42918','Alice was too late to wish that! She went on again: \'Twenty-four hours, I THINK; or is it twelve? I--\' \'Oh, don\'t bother ME,\' said Alice indignantly, and she trembled till she too began dreaming.',1,0,4768,1,NULL,'2023-06-13 21:34:07','2023-06-13 21:34:07',1,1,NULL,NULL,NULL),(81,'Carlie','Reinger','So they got their.',NULL,'torn@yahoo.com','$2y$10$TEEZZNnhvhyJkCqM87kTmOHLPghQmQ6yRm5R5pxZwG6FxZ0xT67KW',62,'1997-05-09','+13854501090','2023-06-14 04:34:07',NULL,'employer',NULL,NULL,'630 Lowell Port\nZenamouth, AK 15059','Alice, quite forgetting that she could get to twenty at that rate! However, the Multiplication Table doesn\'t signify: let\'s try Geography. London is the same thing as \"I sleep when I get SOMEWHERE,\'.',1,0,4302,0,NULL,'2023-06-13 21:34:07','2023-06-13 21:34:07',0,1,NULL,NULL,NULL),(82,'Alvis','Halvorson','ME.\' \'You!\' said.',NULL,'sunny92@borer.info','$2y$10$RkzL8aSbIRP7QuU1y5G1iuIP/L93XtGygsFAQFn4zD3kTaobEwEVK',61,'1999-12-05','+16299894693','2023-06-14 04:34:07',NULL,'employer',NULL,NULL,'105 Tyrel Street\nWilliamsonchester, ME 68519','PRECIOUS nose\'; as an unusually large saucepan flew close by it, and behind it was the cat.) \'I hope they\'ll remember her saucer of milk at tea-time. Dinah my dear! I shall only look up in a very.',1,0,1898,0,NULL,'2023-06-13 21:34:07','2023-06-13 21:34:07',0,1,NULL,NULL,NULL),(83,'Ariane','Osinski','Alice began to get.',NULL,'kferry@yahoo.com','$2y$10$NeHH2H6p7ZqbNsqj7gysCubMaOjXLBDB..o8gjojB3e9mahTtKYxq',59,'1975-07-16','+15596841570','2023-06-14 04:34:07',NULL,'job-seeker',NULL,'resume/01.pdf','8173 Kassulke Turnpike Apt. 585\nNorth Emma, MN 87931-0811','Rabbit noticed Alice, as she could not swim. He sent them word I had our Dinah here, I know I do!\' said Alice to herself, (not in a whisper.) \'That would be worth the trouble of getting her hands up.',1,0,908,1,NULL,'2023-06-13 21:34:07','2023-06-13 21:34:07',0,1,NULL,NULL,NULL),(84,'Alejandra','Price','Alice. \'And ever.',NULL,'rosamond.bahringer@keebler.com','$2y$10$U40rCYt2r/HnPsqx9tfLZ.nUyc5LiV0/WzMZuIzcu/nBm0UEXH4ky',61,'2013-03-11','+19204221962','2023-06-14 04:34:08',NULL,'employer',NULL,NULL,'218 Imogene Shoal Apt. 117\nLauraberg, MS 97400-2650','I chose,\' the Duchess and the sounds will take care of themselves.\"\' \'How fond she is such a capital one for catching mice you can\'t be civil, you\'d better finish the story for yourself.\' \'No.',1,0,179,0,NULL,'2023-06-13 21:34:08','2023-06-13 21:34:08',1,1,NULL,NULL,NULL),(85,'Casimir','Stokes','Footman\'s head: it.',NULL,'klegros@hotmail.com','$2y$10$I6g8e0UKEG3wYVguhBEqdeG5iy8GHYvmuVBBJNGWifYfsTGQ2xXzO',60,'2001-06-03','+14176097333','2023-06-14 04:34:08',NULL,'employer',NULL,NULL,'100 Laurine Radial\nNorth Tiffanyland, CO 11055-3181','Hatter: \'as the things I used to do:-- \'How doth the little--\"\' and she crossed her hands up to the confused clamour of the right-hand bit to try the whole party look so grave that she was near.',1,0,4245,1,NULL,'2023-06-13 21:34:08','2023-06-13 21:34:08',1,1,NULL,NULL,NULL),(86,'Sylvan','Gibson','Don\'t be all day.',NULL,'thompson.frida@gmail.com','$2y$10$OSC2zttpOsRVXdXx.wrrJ.3LBIwcDOxAfMgq.5L5K2F1NfrPo3Gny',61,'2005-12-28','+18318898471','2023-06-14 04:34:08',NULL,'employer',NULL,NULL,'73606 Audie Crest Suite 769\nLesterfurt, NM 72258-1351','I think I could, if I might venture to ask any more questions about it, and fortunately was just possible it had gone. \'Well! I\'ve often seen a good way off, panting, with its eyelids, so he did,\'.',1,0,1839,1,NULL,'2023-06-13 21:34:08','2023-06-13 21:34:08',1,1,NULL,NULL,NULL),(87,'Eva','Homenick','However, she did.',NULL,'trenton.swift@zieme.com','$2y$10$HcFsUCLtEv5yQUMwoLdgOednrvd4RJUd8.lGlyD7T0aKxECFKjN7y',62,'1975-02-14','+18137288810','2023-06-14 04:34:08',NULL,'employer',NULL,NULL,'1022 Dameon Divide Suite 819\nHauckville, WY 21797','Alice remarked. \'Right, as usual,\' said the Mouse, who seemed ready to talk nonsense. The Queen\'s Croquet-Ground A large rose-tree stood near the looking-glass. There was exactly the right house.',1,0,4140,0,NULL,'2023-06-13 21:34:08','2023-06-13 21:34:08',0,1,NULL,NULL,NULL),(88,'Aubrey','Stamm','Hatter, \'or you\'ll.',NULL,'jayda.tillman@gmail.com','$2y$10$.hUcSJtUvR1gcMjwff/B6O1QQOCZMhnTMvchZ2Zc77dSuMKmLd6Ke',60,'1989-02-03','+15073332012','2023-06-14 04:34:08',NULL,'employer',NULL,NULL,'42070 Hulda Island\nSouth Jaydaport, PA 57123-7537','King, with an M?\' said Alice. The King laid his hand upon her arm, that it was good manners for her to begin.\' He looked at Alice. \'It goes on, you know,\' said Alice, surprised at this, that she.',1,0,725,1,NULL,'2023-06-13 21:34:08','2023-06-13 21:34:08',1,1,NULL,NULL,NULL),(89,'Hollie','Simonis','How puzzling all.',NULL,'monty96@hotmail.com','$2y$10$0hP5sLKvsvnF6PedgdFdeuk1lAx46Wwr0uh8qfycyEbvucOZmAsVG',63,'1977-06-02','+12674295347','2023-06-14 04:34:08',NULL,'employer',NULL,NULL,'878 Smith Keys\nLake Maiaview, VT 88657-9530','Alice, \'and why it is I hate cats and dogs.\' It was opened by another footman in livery, with a kind of rule, \'and vinegar that makes the world go round!\"\' \'Somebody said,\' Alice whispered, \'that.',1,0,410,0,NULL,'2023-06-13 21:34:08','2023-06-13 21:34:08',1,1,NULL,NULL,NULL),(90,'Fritz','Koelpin','ARE a simpleton.\'.',NULL,'jayde83@welch.com','$2y$10$rmH7tCDzeGZb1Mwg0NklCuM04ECeNQH1kqx727F1D5UknOpmChoIS',60,'2022-03-25','+13523636709','2023-06-14 04:34:08',NULL,'employer',NULL,NULL,'754 Amir Court Suite 608\nNorth Charlieview, WY 27656','Gryphon repeated impatiently: \'it begins \"I passed by his garden, and I shall be late!\' (when she thought it over a little queer, won\'t you?\' \'Not a bit,\' said the Dormouse, who was peeping.',1,0,252,0,NULL,'2023-06-13 21:34:08','2023-06-13 21:34:08',1,1,NULL,NULL,NULL),(91,'Mitchell','Botsford','I\'ll set Dinah at.',NULL,'myra77@gmail.com','$2y$10$X4/3poBZfC1MWF414xpw0eeG.j8IZmKDbej7bMHBNRsb6pSz6pp.K',60,'2010-06-11','+19206150329','2023-06-14 04:34:08',NULL,'job-seeker',NULL,'resume/01.pdf','25957 Cummings Flat\nNorth Ellis, NC 07060','For really this morning I\'ve nothing to do: once or twice, half hoping she might find another key on it, or at any rate it would not allow without knowing how old it was, even before she came upon a.',1,0,4052,0,NULL,'2023-06-13 21:34:08','2023-06-13 21:34:08',0,1,NULL,NULL,NULL),(92,'Alek','Considine','TOOK A WATCH OUT.',NULL,'verdie74@armstrong.info','$2y$10$U6aiRFcKgLlluR0DL.q7.OPBWcg34I/up1RBAg5BRLiTNeYS4A9Ki',63,'1997-08-15','+12203522168','2023-06-14 04:34:08',NULL,'employer',NULL,NULL,'812 Johann Crescent\nWest Maybelle, WA 56354-5735','Time, and round the court with a kind of sob, \'I\'ve tried every way, and nothing seems to like her, down here, and I\'m sure I don\'t like it, yer honour, at all, at all!\' \'Do as I used--and I don\'t.',1,0,4313,1,NULL,'2023-06-13 21:34:08','2023-06-13 21:34:08',0,1,NULL,NULL,NULL),(93,'Elaina','Lakin','Duchess; \'and most.',NULL,'tara50@abshire.info','$2y$10$wSKKPdpWKRew0TuBX0DUsOAhnkanuL6PQHdQ3W2i0z0fjW/WFrwIa',63,'2005-11-05','+15402311742','2023-06-14 04:34:08',NULL,'job-seeker',NULL,'resume/01.pdf','972 Leffler Tunnel\nNorth Carolyneville, ME 05090','Time, and round Alice, every now and then, if I only wish they COULD! I\'m sure I have ordered\'; and she felt that it might tell her something worth hearing. For some minutes the whole pack rose up.',1,0,4050,1,NULL,'2023-06-13 21:34:08','2023-06-13 21:34:08',1,1,NULL,NULL,NULL),(94,'Lourdes','Haley','He looked at Two.',NULL,'mittie.buckridge@cartwright.biz','$2y$10$qJOy.Sz.qWBa0jsgFqE/NOnCmYcoM4rhNyPh.6bBA8Eh.jH8P5l1G',59,'1986-03-09','+16813341622','2023-06-14 04:34:08',NULL,'job-seeker',NULL,'resume/01.pdf','2659 Farrell Turnpike Suite 061\nArahaven, GA 72385','Some of the miserable Mock Turtle. \'And how do you call it sad?\' And she began again: \'Ou est ma chatte?\' which was full of tears, but said nothing. \'This here young lady,\' said the Footman, \'and.',1,0,3646,1,NULL,'2023-06-13 21:34:08','2023-06-13 21:34:08',0,1,NULL,NULL,NULL),(95,'Tyshawn','O\'Connell','Alice called after.',NULL,'mackenzie.koss@skiles.net','$2y$10$fzG34Cn5ky5uGkqrjHa4cuBNJhFCYqnzB7o8bJBA266RWLeFMZbg2',62,'2015-02-08','+18476943956','2023-06-14 04:34:08',NULL,'job-seeker',NULL,'resume/01.pdf','1190 Della Island Suite 288\nWymanton, AL 13773','Lory. Alice replied in an undertone, \'important--unimportant--unimportant--important--\' as if he wasn\'t one?\' Alice asked. \'We called him Tortoise because he taught us,\' said the King, \'or I\'ll have.',1,0,684,1,NULL,'2023-06-13 21:34:08','2023-06-13 21:34:08',1,1,NULL,NULL,NULL),(96,'Annetta','Swaniawski','It was so large in.',NULL,'delilah.flatley@robel.com','$2y$10$7s1htoWxKUFFtQaAulf8oO4qFWc2t4.EgLwqx2BoyruiS6sKxQ5kG',59,'2003-08-20','+14589741748','2023-06-14 04:34:08',NULL,'job-seeker',NULL,'resume/01.pdf','52646 Daniella Branch\nNorth Agustinhaven, OK 72026','Do cats eat bats?\' and sometimes, \'Do bats eat cats?\' for, you see, so many lessons to learn! No, I\'ve made up my mind about it; if I\'m not the smallest idea how to get us dry would be QUITE as much.',1,0,3276,0,NULL,'2023-06-13 21:34:08','2023-06-13 21:34:08',0,1,NULL,NULL,NULL),(97,'Emmie','Nitzsche','Adventures of hers.',NULL,'critchie@hotmail.com','$2y$10$gofqNdiLDA8Wm2zEbvSbrOZjmzYcWxE8wjDnwGrXaDMW3nZZ/.o5W',61,'1993-12-18','+16786256669','2023-06-14 04:34:08',NULL,'employer',NULL,NULL,'52370 Vaughn Crest\nClaudefurt, AR 64837-8014','HE taught us Drawling, Stretching, and Fainting in Coils.\' \'What was that?\' inquired Alice. \'Reeling and Writhing, of course, Alice could hardly hear the Rabbit was no longer to be treated with.',1,0,470,0,NULL,'2023-06-13 21:34:08','2023-06-13 21:34:08',0,1,NULL,NULL,NULL),(98,'Kristy','Ward','I ask! It\'s always.',NULL,'powlowski.santos@erdman.org','$2y$10$NHTZ5NX3XOsxguBGf2OXYOKjNFaU6IIUxUU/gM3sxCQKXOAjX5bbG',62,'2003-01-17','+13463736834','2023-06-14 04:34:08',NULL,'employer',NULL,NULL,'184 Price Squares\nWest Keeleyburgh, KS 63641','Dormouse crossed the court, \'Bring me the truth: did you call him Tortoise, if he doesn\'t begin.\' But she went on. \'Or would you like the name: however, it only grinned a little feeble, squeaking.',1,0,2251,1,NULL,'2023-06-13 21:34:08','2023-06-13 21:34:08',0,1,NULL,NULL,NULL),(99,'Joesph','Durgan','Alice began to get.',NULL,'olson.trever@white.com','$2y$10$eRLNj5/jLfO9Dqh5Uh2p/eL92rvffmIBqIyeN7oFFqDhcqneAODsW',59,'1988-03-18','+14024853541','2023-06-14 04:34:08',NULL,'employer',NULL,NULL,'85113 Daugherty Ways\nGoodwinchester, NC 18264-0482','Oh dear! I shall never get to the Mock Turtle: \'nine the next, and so on.\' \'What a pity it wouldn\'t stay!\' sighed the Hatter. \'I deny it!\' said the Cat. \'I don\'t see any wine,\' she remarked. \'It.',1,0,616,1,NULL,'2023-06-13 21:34:08','2023-06-13 21:34:08',1,1,NULL,NULL,NULL),(100,'Agustina','Bode','Please, Ma\'am, is.',NULL,'emard.flossie@yahoo.com','$2y$10$irNz4Xw9joJpY.i.xQ34q.YLkI2oho/XqlOOvyc1qT1m42atkJtYa',59,'1970-06-20','+13368675410','2023-06-14 04:34:09',NULL,'employer',NULL,NULL,'52863 Sanford Crossroad Apt. 666\nWalkerview, IA 57125-6743','Alice started to her ear. \'You\'re thinking about something, my dear, I think?\' \'I had NOT!\' cried the Gryphon. Alice did not appear, and after a minute or two the Caterpillar angrily, rearing itself.',1,0,4250,1,NULL,'2023-06-13 21:34:09','2023-06-13 21:34:09',0,1,NULL,NULL,NULL);
/*!40000 ALTER TABLE `jb_accounts` ENABLE KEYS */;
UNLOCK TABLES;

--
-- Table structure for table `jb_analytics`
--

DROP TABLE IF EXISTS `jb_analytics`;
/*!40101 SET @saved_cs_client     = @@character_set_client */;
/*!50503 SET character_set_client = utf8mb4 */;
CREATE TABLE `jb_analytics` (
  `id` bigint unsigned NOT NULL AUTO_INCREMENT,
  `job_id` bigint unsigned NOT NULL,
  `country` varchar(10) COLLATE utf8mb4_unicode_ci DEFAULT NULL,
  `country_full` varchar(50) COLLATE utf8mb4_unicode_ci DEFAULT NULL,
  `referer` varchar(300) COLLATE utf8mb4_unicode_ci DEFAULT NULL,
  `ip_address` varchar(300) COLLATE utf8mb4_unicode_ci NOT NULL,
  `created_at` timestamp NULL DEFAULT NULL,
  `updated_at` timestamp NULL DEFAULT NULL,
  PRIMARY KEY (`id`)
) ENGINE=InnoDB DEFAULT CHARSET=utf8mb4 COLLATE=utf8mb4_unicode_ci;
/*!40101 SET character_set_client = @saved_cs_client */;

--
-- Dumping data for table `jb_analytics`
--

LOCK TABLES `jb_analytics` WRITE;
/*!40000 ALTER TABLE `jb_analytics` DISABLE KEYS */;
/*!40000 ALTER TABLE `jb_analytics` ENABLE KEYS */;
UNLOCK TABLES;

--
-- Table structure for table `jb_applications`
--

DROP TABLE IF EXISTS `jb_applications`;
/*!40101 SET @saved_cs_client     = @@character_set_client */;
/*!50503 SET character_set_client = utf8mb4 */;
CREATE TABLE `jb_applications` (
  `id` bigint unsigned NOT NULL AUTO_INCREMENT,
  `first_name` varchar(120) COLLATE utf8mb4_unicode_ci DEFAULT NULL,
  `last_name` varchar(120) COLLATE utf8mb4_unicode_ci DEFAULT NULL,
  `phone` varchar(20) COLLATE utf8mb4_unicode_ci DEFAULT NULL,
  `email` varchar(60) COLLATE utf8mb4_unicode_ci NOT NULL,
  `message` text COLLATE utf8mb4_unicode_ci,
  `job_id` bigint unsigned NOT NULL,
  `resume` varchar(255) COLLATE utf8mb4_unicode_ci DEFAULT NULL,
  `cover_letter` varchar(255) COLLATE utf8mb4_unicode_ci DEFAULT NULL,
  `account_id` bigint unsigned DEFAULT NULL,
  `is_external_apply` tinyint(1) NOT NULL DEFAULT '0',
  `status` varchar(60) COLLATE utf8mb4_unicode_ci NOT NULL DEFAULT 'pending',
  `created_at` timestamp NULL DEFAULT NULL,
  `updated_at` timestamp NULL DEFAULT NULL,
  PRIMARY KEY (`id`)
) ENGINE=InnoDB AUTO_INCREMENT=21 DEFAULT CHARSET=utf8mb4 COLLATE=utf8mb4_unicode_ci;
/*!40101 SET character_set_client = @saved_cs_client */;

--
-- Dumping data for table `jb_applications`
--

LOCK TABLES `jb_applications` WRITE;
/*!40000 ALTER TABLE `jb_applications` DISABLE KEYS */;
INSERT INTO `jb_applications` VALUES (1,'Macy','Franecki','+19142017305','jermey63@hotmail.com','I can\'t get out again. Suddenly she came upon a time there were a Duck and a Canary called out in a deep sigh, \'I was a queer-shaped little creature, and held it out to her to carry it further. So.',22,'resume/01.pdf','resume/01.pdf',65,0,'checked','2023-06-13 21:34:09','2023-06-13 21:34:09'),(2,'Tyshawn','O\'Connell','+18476943956','mackenzie.koss@skiles.net','Cat. \'I said pig,\' replied Alice; \'and I do wonder what was coming. It was high time to be otherwise.\"\' \'I think you might knock, and I could let you out, you know.\' \'And what are YOUR shoes done.',49,'resume/01.pdf','resume/01.pdf',95,0,'checked','2023-06-13 21:34:09','2023-06-13 21:34:09'),(3,'Meggie','Torphy','+17167275079','alta03@gmail.com','Queen say only yesterday you deserved to be Number One,\' said Alice. \'Well, I never heard before, \'Sure then I\'m here! Digging for apples, indeed!\' said the Cat, and vanished again. Alice waited a.',2,'resume/01.pdf','resume/01.pdf',14,0,'checked','2023-06-13 21:34:09','2023-06-13 21:34:09'),(4,'Elaina','Lakin','+15402311742','tara50@abshire.info','WHAT things?\' said the Hatter, with an M, such as mouse-traps, and the jury asked. \'That I can\'t see you?\' She was moving them about as she came up to them to sell,\' the Hatter went on without.',21,'resume/01.pdf','resume/01.pdf',93,0,'checked','2023-06-13 21:34:09','2023-06-13 21:34:09'),(5,'Imogene','Corkery','+13603938036','crooks.pamela@dare.com','I don\'t take this child away with me,\' thought Alice, \'or perhaps they won\'t walk the way to hear it say, as it was certainly English. \'I don\'t believe there\'s an atom of meaning in it,\' but none of.',30,'resume/01.pdf','resume/01.pdf',32,1,'checked','2023-06-13 21:34:09','2023-06-13 21:34:09'),(6,'Mack','Fahey','+14849603107','jhackett@gmail.com','I am so VERY much out of sight; and an old Turtle--we used to say.\' \'So he did, so he did,\' said the Hatter. He had been broken to pieces. \'Please, then,\' said the Dormouse; \'VERY ill.\' Alice tried.',45,'resume/01.pdf','resume/01.pdf',39,0,'checked','2023-06-13 21:34:09','2023-06-13 21:34:09'),(7,'Greyson','Keebler','+18143476747','hsmitham@yahoo.com','I am very tired of being all alone here!\' As she said to herself \'This is Bill,\' she gave one sharp kick, and waited till she too began dreaming after a few minutes, and began bowing to the door.',20,'resume/01.pdf','resume/01.pdf',73,1,'checked','2023-06-13 21:34:09','2023-06-13 21:34:09'),(8,'Spencer','Green','+17168590760','nicklaus25@gerhold.com','I will tell you how the Dodo replied very gravely. \'What else had you to death.\"\' \'You are all dry, he is gay as a boon, Was kindly permitted to pocket the spoon: While the Duchess was VERY ugly.',13,'resume/01.pdf','resume/01.pdf',56,0,'checked','2023-06-13 21:34:09','2023-06-13 21:34:09'),(9,'Angus','Wiegand','+16282846901','abraun@daniel.info','Alice was so large in the beautiful garden, among the people near the King was the matter on, What would become of you? I gave her one, they gave him two, You gave us three or more; They all.',25,'resume/01.pdf','resume/01.pdf',43,0,'checked','2023-06-13 21:34:09','2023-06-13 21:34:09'),(10,'Torrey','Lesch','+12627430778','eusebio39@yahoo.com','Alice gave a little quicker. \'What a curious feeling!\' said Alice; \'I might as well be at school at once.\' And in she went. Once more she found herself falling down a good deal worse off than.',4,'resume/01.pdf','resume/01.pdf',77,0,'checked','2023-06-13 21:34:09','2023-06-13 21:34:09'),(11,'Claudie','Franecki','+13132092575','schmitt.raoul@white.biz','Queen, tossing her head struck against the door, staring stupidly up into the garden with one finger for the baby, it was too small, but at last it unfolded its arms, took the hookah out of sight.',6,'resume/01.pdf','resume/01.pdf',69,0,'checked','2023-06-13 21:34:09','2023-06-13 21:34:09'),(12,'Broderick','Donnelly','+14697754107','lindsay.adams@russel.biz','Dodo, pointing to the executioner: \'fetch her here.\' And the moral of that dark hall, and close to her, still it had gone. \'Well! I\'ve often seen a cat without a moment\'s delay would cost them their.',17,'resume/01.pdf','resume/01.pdf',15,0,'checked','2023-06-13 21:34:09','2023-06-13 21:34:09'),(13,'Twila','Spencer','+13523931685','quitzon.clara@gmail.com','There was a body to cut it off from: that he had to leave off this minute!\' She generally gave herself very good height indeed!\' said the Mouse, who was beginning to write with one elbow against the.',9,'resume/01.pdf','resume/01.pdf',68,0,'checked','2023-06-13 21:34:09','2023-06-13 21:34:09'),(14,'Ruth','Farrell','+19405664460','halie67@murazik.com','I used to say it out to sea!\" But the snail replied \"Too far, too far!\" and gave a sudden leap out of sight; and an Eaglet, and several other curious creatures. Alice led the way, was the White.',5,'resume/01.pdf','resume/01.pdf',23,0,'checked','2023-06-13 21:34:09','2023-06-13 21:34:09'),(15,'Sandra','Towne','+18598790847','wleuschke@gmail.com','IS that to be afraid of them!\' \'And who is Dinah, if I might venture to go near the door, she walked off, leaving Alice alone with the Queen had never been so much about a whiting before.\' \'I can.',51,'resume/01.pdf','resume/01.pdf',76,1,'checked','2023-06-13 21:34:09','2023-06-13 21:34:09'),(16,'Faustino','Kohler','+13528298612','joanie.jakubowski@wunsch.org','Then she went on: \'--that begins with an M?\' said Alice. \'I don\'t know much,\' said Alice; \'I must be getting home; the night-air doesn\'t suit my throat!\' and a fall, and a large mustard-mine near.',14,'resume/01.pdf','resume/01.pdf',24,0,'checked','2023-06-13 21:34:09','2023-06-13 21:34:09'),(17,'Bailey','Morar','+14634590063','erna.johns@rempel.com','Alice, that she looked down, was an uncomfortably sharp chin. However, she got into a tree. By the use of this ointment--one shilling the box-- Allow me to sell you a song?\' \'Oh, a song, please, if.',11,'resume/01.pdf','resume/01.pdf',41,1,'checked','2023-06-13 21:34:09','2023-06-13 21:34:09'),(18,'Raheem','Boyle','+17169884304','west.betty@yahoo.com','Dodo said, \'EVERYBODY has won, and all the rest, Between yourself and me.\' \'That\'s the judge,\' she said to the Gryphon. \'Well, I hardly know--No more, thank ye; I\'m better now--but I\'m a hatter.\'.',27,'resume/01.pdf','resume/01.pdf',74,1,'checked','2023-06-13 21:34:09','2023-06-13 21:34:09'),(19,'Ariane','Osinski','+15596841570','kferry@yahoo.com','Alice. It looked good-natured, she thought: still it had come to the three were all ornamented with hearts. Next came an angry tone, \'Why, Mary Ann, what ARE you talking to?\' said one of them bowed.',3,'resume/01.pdf','resume/01.pdf',83,1,'checked','2023-06-13 21:34:09','2023-06-13 21:34:09'),(20,'Hunter','Blanda','+15863751492','glenna89@stiedemann.com','Gryphon: and Alice looked very anxiously into its face to see how he did not venture to say it any longer than that,\' said the Caterpillar. Alice said to Alice, \'Have you guessed the riddle yet?\'.',10,'resume/01.pdf','resume/01.pdf',78,1,'checked','2023-06-13 21:34:09','2023-06-13 21:34:09');
/*!40000 ALTER TABLE `jb_applications` ENABLE KEYS */;
UNLOCK TABLES;

--
-- Table structure for table `jb_career_levels`
--

DROP TABLE IF EXISTS `jb_career_levels`;
/*!40101 SET @saved_cs_client     = @@character_set_client */;
/*!50503 SET character_set_client = utf8mb4 */;
CREATE TABLE `jb_career_levels` (
  `id` bigint unsigned NOT NULL AUTO_INCREMENT,
  `name` varchar(120) COLLATE utf8mb4_unicode_ci NOT NULL,
  `order` tinyint NOT NULL DEFAULT '0',
  `is_default` tinyint unsigned NOT NULL DEFAULT '0',
  `status` varchar(60) COLLATE utf8mb4_unicode_ci NOT NULL DEFAULT 'published',
  `created_at` timestamp NULL DEFAULT NULL,
  `updated_at` timestamp NULL DEFAULT NULL,
  PRIMARY KEY (`id`)
) ENGINE=InnoDB AUTO_INCREMENT=6 DEFAULT CHARSET=utf8mb4 COLLATE=utf8mb4_unicode_ci;
/*!40101 SET character_set_client = @saved_cs_client */;

--
-- Dumping data for table `jb_career_levels`
--

LOCK TABLES `jb_career_levels` WRITE;
/*!40000 ALTER TABLE `jb_career_levels` DISABLE KEYS */;
INSERT INTO `jb_career_levels` VALUES (1,'Department Head',0,0,'published','2023-06-13 21:34:00','2023-06-13 21:34:00'),(2,'Entry Level',0,0,'published','2023-06-13 21:34:00','2023-06-13 21:34:00'),(3,'Experienced Professional',0,0,'published','2023-06-13 21:34:00','2023-06-13 21:34:00'),(4,'GM / CEO / Country Head / President',0,0,'published','2023-06-13 21:34:00','2023-06-13 21:34:00'),(5,'Intern/Student',0,0,'published','2023-06-13 21:34:00','2023-06-13 21:34:00');
/*!40000 ALTER TABLE `jb_career_levels` ENABLE KEYS */;
UNLOCK TABLES;

--
-- Table structure for table `jb_career_levels_translations`
--

DROP TABLE IF EXISTS `jb_career_levels_translations`;
/*!40101 SET @saved_cs_client     = @@character_set_client */;
/*!50503 SET character_set_client = utf8mb4 */;
CREATE TABLE `jb_career_levels_translations` (
  `lang_code` varchar(191) COLLATE utf8mb4_unicode_ci NOT NULL,
  `jb_career_levels_id` bigint unsigned NOT NULL,
  `name` varchar(255) COLLATE utf8mb4_unicode_ci DEFAULT NULL,
  PRIMARY KEY (`lang_code`,`jb_career_levels_id`)
) ENGINE=InnoDB DEFAULT CHARSET=utf8mb4 COLLATE=utf8mb4_unicode_ci;
/*!40101 SET character_set_client = @saved_cs_client */;

--
-- Dumping data for table `jb_career_levels_translations`
--

LOCK TABLES `jb_career_levels_translations` WRITE;
/*!40000 ALTER TABLE `jb_career_levels_translations` DISABLE KEYS */;
/*!40000 ALTER TABLE `jb_career_levels_translations` ENABLE KEYS */;
UNLOCK TABLES;

--
-- Table structure for table `jb_categories`
--

DROP TABLE IF EXISTS `jb_categories`;
/*!40101 SET @saved_cs_client     = @@character_set_client */;
/*!50503 SET character_set_client = utf8mb4 */;
CREATE TABLE `jb_categories` (
  `id` bigint unsigned NOT NULL AUTO_INCREMENT,
  `name` varchar(120) COLLATE utf8mb4_unicode_ci NOT NULL,
  `description` varchar(400) COLLATE utf8mb4_unicode_ci DEFAULT NULL,
  `order` tinyint NOT NULL DEFAULT '0',
  `is_default` tinyint unsigned NOT NULL DEFAULT '0',
  `is_featured` tinyint NOT NULL DEFAULT '0',
  `status` varchar(60) COLLATE utf8mb4_unicode_ci NOT NULL DEFAULT 'published',
  `created_at` timestamp NULL DEFAULT NULL,
  `updated_at` timestamp NULL DEFAULT NULL,
  `parent_id` bigint unsigned NOT NULL DEFAULT '0',
  PRIMARY KEY (`id`)
) ENGINE=InnoDB AUTO_INCREMENT=20 DEFAULT CHARSET=utf8mb4 COLLATE=utf8mb4_unicode_ci;
/*!40101 SET character_set_client = @saved_cs_client */;

--
-- Dumping data for table `jb_categories`
--

LOCK TABLES `jb_categories` WRITE;
/*!40000 ALTER TABLE `jb_categories` DISABLE KEYS */;
INSERT INTO `jb_categories` VALUES (1,'IT &amp; Software',NULL,0,0,1,'published','2023-06-13 21:34:01','2023-06-13 21:34:01',0),(2,'Technology',NULL,1,0,1,'published','2023-06-13 21:34:01','2023-06-13 21:34:01',0),(3,'Government',NULL,2,0,1,'published','2023-06-13 21:34:01','2023-06-13 21:34:01',0),(4,'Accounting / Finance',NULL,3,0,1,'published','2023-06-13 21:34:01','2023-06-13 21:34:01',0),(5,'Construction / Facilities',NULL,4,0,1,'published','2023-06-13 21:34:01','2023-06-13 21:34:01',0),(6,'Tele-communications',NULL,5,0,1,'published','2023-06-13 21:34:01','2023-06-13 21:34:01',0),(7,'Design &amp; Multimedia',NULL,6,0,1,'published','2023-06-13 21:34:01','2023-06-13 21:34:01',0),(8,'Human Resource',NULL,7,0,1,'published','2023-06-13 21:34:01','2023-06-13 21:34:01',0),(9,'Consumer Packaged Goods (CPG)',NULL,8,0,0,'published','2023-06-13 21:34:01','2023-06-13 21:34:01',0),(10,'Manufacturing',NULL,9,0,0,'published','2023-06-13 21:34:01','2023-06-13 21:34:01',0),(11,'Retail',NULL,10,0,0,'published','2023-06-13 21:34:01','2023-06-13 21:34:01',0),(12,'Distribution/Logistics',NULL,11,0,0,'published','2023-06-13 21:34:01','2023-06-13 21:34:01',0),(13,'Supply Chain Operations',NULL,12,0,0,'published','2023-06-13 21:34:01','2023-06-13 21:34:01',0),(14,'Healthcare &amp; Medical',NULL,13,0,0,'published','2023-06-13 21:34:01','2023-06-13 21:34:01',0),(15,'Procurement / Sourcing',NULL,14,0,0,'published','2023-06-13 21:34:01','2023-06-13 21:34:01',0),(16,'Information Technology (IT)',NULL,15,0,0,'published','2023-06-13 21:34:01','2023-06-13 21:34:01',0),(17,'Sales/Business Development',NULL,16,0,0,'published','2023-06-13 21:34:01','2023-06-13 21:34:01',0),(18,'Legal &amp; Professional Services',NULL,17,0,0,'published','2023-06-13 21:34:01','2023-06-13 21:34:01',0),(19,'Life Sciences &amp; Healthcare',NULL,18,0,0,'published','2023-06-13 21:34:01','2023-06-13 21:34:01',0);
/*!40000 ALTER TABLE `jb_categories` ENABLE KEYS */;
UNLOCK TABLES;

--
-- Table structure for table `jb_categories_translations`
--

DROP TABLE IF EXISTS `jb_categories_translations`;
/*!40101 SET @saved_cs_client     = @@character_set_client */;
/*!50503 SET character_set_client = utf8mb4 */;
CREATE TABLE `jb_categories_translations` (
  `lang_code` varchar(191) COLLATE utf8mb4_unicode_ci NOT NULL,
  `jb_categories_id` bigint unsigned NOT NULL,
  `name` varchar(255) COLLATE utf8mb4_unicode_ci DEFAULT NULL,
  `description` varchar(400) COLLATE utf8mb4_unicode_ci DEFAULT NULL,
  PRIMARY KEY (`lang_code`,`jb_categories_id`)
) ENGINE=InnoDB DEFAULT CHARSET=utf8mb4 COLLATE=utf8mb4_unicode_ci;
/*!40101 SET character_set_client = @saved_cs_client */;

--
-- Dumping data for table `jb_categories_translations`
--

LOCK TABLES `jb_categories_translations` WRITE;
/*!40000 ALTER TABLE `jb_categories_translations` DISABLE KEYS */;
INSERT INTO `jb_categories_translations` VALUES ('vi',1,'IT & Phn mm',NULL),('vi',2,'Cng ngh',NULL),('vi',3,'Government',NULL),('vi',4,'K ton / Ti chnh',NULL),('vi',5,'Xy dng / C s vt cht',NULL),('vi',6,'Truyn thng qua in thoi',NULL),('vi',7,'Thit k & Multimedia',NULL),('vi',8,'Nhn s',NULL),('vi',9,'Consumer Packaged Goods (CPG)',NULL),('vi',10,'Sn xut',NULL),('vi',11,'Bn l',NULL),('vi',12,'Phn phi / Vn chuyn',NULL),('vi',13,'Qun l chui cung ng',NULL),('vi',14,'Y t & Y dc',NULL),('vi',15,'Mua hng / Ngun cung ng',NULL),('vi',16,'Cng ngh thng tin (IT)',NULL),('vi',17,'Kinh doanh / Pht trin doanh nghip',NULL),('vi',18,'Php l & Dch v cng chc',NULL),('vi',19,'Khoa hc cng ngh & Y dc',NULL);
/*!40000 ALTER TABLE `jb_categories_translations` ENABLE KEYS */;
UNLOCK TABLES;

--
-- Table structure for table `jb_companies`
--

DROP TABLE IF EXISTS `jb_companies`;
/*!40101 SET @saved_cs_client     = @@character_set_client */;
/*!50503 SET character_set_client = utf8mb4 */;
CREATE TABLE `jb_companies` (
  `id` bigint unsigned NOT NULL AUTO_INCREMENT,
  `name` varchar(120) COLLATE utf8mb4_unicode_ci DEFAULT NULL,
  `email` varchar(60) COLLATE utf8mb4_unicode_ci DEFAULT NULL,
  `description` varchar(400) COLLATE utf8mb4_unicode_ci DEFAULT NULL,
  `content` mediumtext COLLATE utf8mb4_unicode_ci,
  `website` varchar(120) COLLATE utf8mb4_unicode_ci DEFAULT NULL,
  `logo` varchar(120) COLLATE utf8mb4_unicode_ci DEFAULT NULL,
  `latitude` varchar(25) COLLATE utf8mb4_unicode_ci DEFAULT NULL,
  `longitude` varchar(25) COLLATE utf8mb4_unicode_ci DEFAULT NULL,
  `address` varchar(250) COLLATE utf8mb4_unicode_ci DEFAULT NULL,
  `country_id` bigint unsigned DEFAULT '1',
  `state_id` bigint unsigned DEFAULT NULL,
  `city_id` bigint unsigned DEFAULT NULL,
  `postal_code` varchar(30) COLLATE utf8mb4_unicode_ci DEFAULT NULL,
  `phone` varchar(30) COLLATE utf8mb4_unicode_ci DEFAULT NULL,
  `year_founded` int unsigned DEFAULT NULL,
  `ceo` varchar(120) COLLATE utf8mb4_unicode_ci DEFAULT NULL,
  `number_of_offices` int unsigned DEFAULT NULL,
  `number_of_employees` varchar(60) COLLATE utf8mb4_unicode_ci DEFAULT NULL,
  `annual_revenue` varchar(60) COLLATE utf8mb4_unicode_ci DEFAULT NULL,
  `cover_image` varchar(120) COLLATE utf8mb4_unicode_ci DEFAULT NULL,
  `facebook` varchar(255) COLLATE utf8mb4_unicode_ci DEFAULT NULL,
  `twitter` varchar(255) COLLATE utf8mb4_unicode_ci DEFAULT NULL,
  `linkedin` varchar(255) COLLATE utf8mb4_unicode_ci DEFAULT NULL,
  `instagram` varchar(255) COLLATE utf8mb4_unicode_ci DEFAULT NULL,
  `is_featured` tinyint NOT NULL DEFAULT '0',
  `status` varchar(60) COLLATE utf8mb4_unicode_ci NOT NULL DEFAULT 'published',
  `views` bigint unsigned NOT NULL DEFAULT '0',
  `created_at` timestamp NULL DEFAULT NULL,
  `updated_at` timestamp NULL DEFAULT NULL,
  PRIMARY KEY (`id`)
) ENGINE=InnoDB AUTO_INCREMENT=17 DEFAULT CHARSET=utf8mb4 COLLATE=utf8mb4_unicode_ci;
/*!40101 SET character_set_client = @saved_cs_client */;

--
-- Dumping data for table `jb_companies`
--

LOCK TABLES `jb_companies` WRITE;
/*!40000 ALTER TABLE `jb_companies` DISABLE KEYS */;
INSERT INTO `jb_companies` VALUES (1,'Pinterest',NULL,'Tempora vitae ipsum tempore facere in quo. Molestias ad id architecto eos impedit omnis qui. Quasi unde et soluta esse non et ut.','<p class=\"text-muted\"> Objectively pursue diverse catalysts for change for interoperable meta-services. Distinctively re-engineer\n                revolutionary meta-services and premium architectures. Intrinsically incubate intuitive opportunities and\n                real-time potentialities. Appropriately communicate one-to-one technology.</p>\n\n            <p class=\"text-muted\">Intrinsically incubate intuitive opportunities and real-time potentialities Appropriately communicate\n                one-to-one technology.</p>\n\n            <p class=\"text-muted\"> Exercitation photo booth stumptown tote bag Banksy, elit small batch freegan sed. Craft beer elit\n                seitan exercitation, photo booth et 8-bit kale chips proident chillwave deep v laborum. Aliquip veniam delectus, Marfa\n                eiusmod Pinterest in do umami readymade swag.</p>','https://www.pinterest.com','companies/1.png','42.752831','-75.022519','256 Lubowitz Mountains\nEast Casandra, KS 98133',1,16,251,NULL,'+13617057771',1978,NULL,10,'1','7M',NULL,NULL,NULL,NULL,NULL,1,'published',0,'2023-06-13 21:34:01','2023-06-13 21:34:01'),(2,'Linkedin',NULL,'Aliquam qui aut facere saepe tenetur. Illum rerum assumenda rerum quia laudantium debitis. Ducimus blanditiis laudantium itaque culpa.','<p class=\"text-muted\"> Objectively pursue diverse catalysts for change for interoperable meta-services. Distinctively re-engineer\n                revolutionary meta-services and premium architectures. Intrinsically incubate intuitive opportunities and\n                real-time potentialities. Appropriately communicate one-to-one technology.</p>\n\n            <p class=\"text-muted\">Intrinsically incubate intuitive opportunities and real-time potentialities Appropriately communicate\n                one-to-one technology.</p>\n\n            <p class=\"text-muted\"> Exercitation photo booth stumptown tote bag Banksy, elit small batch freegan sed. Craft beer elit\n                seitan exercitation, photo booth et 8-bit kale chips proident chillwave deep v laborum. Aliquip veniam delectus, Marfa\n                eiusmod Pinterest in do umami readymade swag.</p>','https://www.linkedin.com','companies/2.png','43.938456','-76.242118','25629 Maynard Locks\nNew Dominique, RI 99498',1,6,58,NULL,'+17152711388',1989,'Jeff Weiner',8,'6','6M',NULL,NULL,NULL,NULL,NULL,1,'published',0,'2023-06-13 21:34:01','2023-06-13 21:34:01'),(3,'Line',NULL,'In voluptate culpa ullam sunt aut mollitia. Est et explicabo voluptas voluptas. Quibusdam harum facilis deserunt ut nobis.','<p class=\"text-muted\"> Objectively pursue diverse catalysts for change for interoperable meta-services. Distinctively re-engineer\n                revolutionary meta-services and premium architectures. Intrinsically incubate intuitive opportunities and\n                real-time potentialities. Appropriately communicate one-to-one technology.</p>\n\n            <p class=\"text-muted\">Intrinsically incubate intuitive opportunities and real-time potentialities Appropriately communicate\n                one-to-one technology.</p>\n\n            <p class=\"text-muted\"> Exercitation photo booth stumptown tote bag Banksy, elit small batch freegan sed. Craft beer elit\n                seitan exercitation, photo booth et 8-bit kale chips proident chillwave deep v laborum. Aliquip veniam delectus, Marfa\n                eiusmod Pinterest in do umami readymade swag.</p>','https://line.me','companies/3.png','43.628349','-76.051471','67945 Rosenbaum Greens\nPort Clementinemouth, MO 53205',1,51,471,NULL,'+13315015237',2020,'Nakamura',1,'9','7M',NULL,NULL,NULL,NULL,NULL,1,'published',0,'2023-06-13 21:34:01','2023-06-13 21:34:01'),(4,'Uber',NULL,'Est earum ipsa rerum qui voluptatem. Commodi eius veritatis qui in sapiente non eligendi. Facere vel debitis harum eum. Vel tempora accusantium est vel commodi sint.','<p class=\"text-muted\"> Objectively pursue diverse catalysts for change for interoperable meta-services. Distinctively re-engineer\n                revolutionary meta-services and premium architectures. Intrinsically incubate intuitive opportunities and\n                real-time potentialities. Appropriately communicate one-to-one technology.</p>\n\n            <p class=\"text-muted\">Intrinsically incubate intuitive opportunities and real-time potentialities Appropriately communicate\n                one-to-one technology.</p>\n\n            <p class=\"text-muted\"> Exercitation photo booth stumptown tote bag Banksy, elit small batch freegan sed. Craft beer elit\n                seitan exercitation, photo booth et 8-bit kale chips proident chillwave deep v laborum. Aliquip veniam delectus, Marfa\n                eiusmod Pinterest in do umami readymade swag.</p>','https://www.uber.com','companies/4.png','43.940715','-75.606245','76496 Berge Mount\nRempelborough, HI 89306-1460',1,26,317,NULL,'+14352377186',1979,'John Doe',3,'9','6M',NULL,NULL,NULL,NULL,NULL,1,'published',0,'2023-06-13 21:34:01','2023-06-13 21:34:01'),(5,'Flutter',NULL,'Et assumenda temporibus explicabo enim. Modi repudiandae aut reprehenderit excepturi consequatur nisi. Sapiente magni facere assumenda esse nihil quis ex. Et dolor incidunt nisi autem.','<p class=\"text-muted\"> Objectively pursue diverse catalysts for change for interoperable meta-services. Distinctively re-engineer\n                revolutionary meta-services and premium architectures. Intrinsically incubate intuitive opportunities and\n                real-time potentialities. Appropriately communicate one-to-one technology.</p>\n\n            <p class=\"text-muted\">Intrinsically incubate intuitive opportunities and real-time potentialities Appropriately communicate\n                one-to-one technology.</p>\n\n            <p class=\"text-muted\"> Exercitation photo booth stumptown tote bag Banksy, elit small batch freegan sed. Craft beer elit\n                seitan exercitation, photo booth et 8-bit kale chips proident chillwave deep v laborum. Aliquip veniam delectus, Marfa\n                eiusmod Pinterest in do umami readymade swag.</p>','https://flutter.io','companies/5.png','43.429144','-76.038072','63413 Cremin Cove Apt. 710\nLake Audra, OR 95444-5811',1,6,76,NULL,'+13078801755',2015,'John Doe',9,'4','2M',NULL,NULL,NULL,NULL,NULL,1,'published',0,'2023-06-13 21:34:01','2023-06-13 21:34:01'),(6,'Behance',NULL,'Quod quasi nulla cumque earum explicabo est. Ullam voluptatem deserunt odio. Sequi molestiae excepturi dolor qui omnis. Minus quia sit quidem. Quod accusantium minus quibusdam beatae dolores.','<p class=\"text-muted\"> Objectively pursue diverse catalysts for change for interoperable meta-services. Distinctively re-engineer\n                revolutionary meta-services and premium architectures. Intrinsically incubate intuitive opportunities and\n                real-time potentialities. Appropriately communicate one-to-one technology.</p>\n\n            <p class=\"text-muted\">Intrinsically incubate intuitive opportunities and real-time potentialities Appropriately communicate\n                one-to-one technology.</p>\n\n            <p class=\"text-muted\"> Exercitation photo booth stumptown tote bag Banksy, elit small batch freegan sed. Craft beer elit\n                seitan exercitation, photo booth et 8-bit kale chips proident chillwave deep v laborum. Aliquip veniam delectus, Marfa\n                eiusmod Pinterest in do umami readymade swag.</p>','https://www.behance.net','companies/6.png','43.904781','-75.218532','64552 Braulio Knoll Apt. 402\nSheldonfurt, NC 85112-6939',1,6,161,NULL,'+13808073624',2002,'John Doe',3,'1','1M',NULL,NULL,NULL,NULL,NULL,1,'published',0,'2023-06-13 21:34:01','2023-06-13 21:34:01'),(7,'Apple',NULL,'Fugiat adipisci aut excepturi est vel. Voluptas ut exercitationem occaecati asperiores. Itaque et voluptatibus excepturi est magni qui. Voluptatum autem nam ullam exercitationem distinctio.','<p class=\"text-muted\"> Objectively pursue diverse catalysts for change for interoperable meta-services. Distinctively re-engineer\n                revolutionary meta-services and premium architectures. Intrinsically incubate intuitive opportunities and\n                real-time potentialities. Appropriately communicate one-to-one technology.</p>\n\n            <p class=\"text-muted\">Intrinsically incubate intuitive opportunities and real-time potentialities Appropriately communicate\n                one-to-one technology.</p>\n\n            <p class=\"text-muted\"> Exercitation photo booth stumptown tote bag Banksy, elit small batch freegan sed. Craft beer elit\n                seitan exercitation, photo booth et 8-bit kale chips proident chillwave deep v laborum. Aliquip veniam delectus, Marfa\n                eiusmod Pinterest in do umami readymade swag.</p>','https://www.apple.com','companies/7.png','42.570069','-76.229657','686 Rose Overpass Apt. 257\nPort Aliviaburgh, WI 56022-0225',1,6,107,NULL,'+17796553226',1984,'Steve Jobs',3,'8','3M',NULL,NULL,NULL,NULL,NULL,1,'published',0,'2023-06-13 21:34:01','2023-06-13 21:34:01'),(8,'Adobe',NULL,'Sunt facilis voluptate eaque illo explicabo. Saepe et ut odit est.','<p class=\"text-muted\"> Objectively pursue diverse catalysts for change for interoperable meta-services. Distinctively re-engineer\n                revolutionary meta-services and premium architectures. Intrinsically incubate intuitive opportunities and\n                real-time potentialities. Appropriately communicate one-to-one technology.</p>\n\n            <p class=\"text-muted\">Intrinsically incubate intuitive opportunities and real-time potentialities Appropriately communicate\n                one-to-one technology.</p>\n\n            <p class=\"text-muted\"> Exercitation photo booth stumptown tote bag Banksy, elit small batch freegan sed. Craft beer elit\n                seitan exercitation, photo booth et 8-bit kale chips proident chillwave deep v laborum. Aliquip veniam delectus, Marfa\n                eiusmod Pinterest in do umami readymade swag.</p>','https://www.adobe.com','companies/8.png','43.261514','-76.381485','576 Stevie Centers Suite 677\nNorth Alisaland, ME 40965',1,30,352,NULL,'+19036351681',1981,'John Doe',2,'6','8M',NULL,NULL,NULL,NULL,NULL,1,'published',0,'2023-06-13 21:34:01','2023-06-13 21:34:01'),(9,'Vibe',NULL,'Est ducimus iure aut et soluta. Officiis ut quos aspernatur recusandae.','<p class=\"text-muted\"> Objectively pursue diverse catalysts for change for interoperable meta-services. Distinctively re-engineer\n                revolutionary meta-services and premium architectures. Intrinsically incubate intuitive opportunities and\n                real-time potentialities. Appropriately communicate one-to-one technology.</p>\n\n            <p class=\"text-muted\">Intrinsically incubate intuitive opportunities and real-time potentialities Appropriately communicate\n                one-to-one technology.</p>\n\n            <p class=\"text-muted\"> Exercitation photo booth stumptown tote bag Banksy, elit small batch freegan sed. Craft beer elit\n                seitan exercitation, photo booth et 8-bit kale chips proident chillwave deep v laborum. Aliquip veniam delectus, Marfa\n                eiusmod Pinterest in do umami readymade swag.</p>','https://www.vibe.com','companies/9.png','43.782983','-75.38935','6013 Keshaun Path\nKrajciktown, RI 24965',1,6,31,NULL,'+18056934782',2012,'John Doe',5,'3','5M',NULL,NULL,NULL,NULL,NULL,1,'published',0,'2023-06-13 21:34:01','2023-06-13 21:34:01'),(10,'VKontakte',NULL,'Exercitationem nulla ullam aut expedita. Eos rem in explicabo. Quia minima animi qui nemo facilis in perferendis. Odit iure ea ut. Et non esse eligendi. Et impedit officia ullam ea ut.','<p class=\"text-muted\"> Objectively pursue diverse catalysts for change for interoperable meta-services. Distinctively re-engineer\n                revolutionary meta-services and premium architectures. Intrinsically incubate intuitive opportunities and\n                real-time potentialities. Appropriately communicate one-to-one technology.</p>\n\n            <p class=\"text-muted\">Intrinsically incubate intuitive opportunities and real-time potentialities Appropriately communicate\n                one-to-one technology.</p>\n\n            <p class=\"text-muted\"> Exercitation photo booth stumptown tote bag Banksy, elit small batch freegan sed. Craft beer elit\n                seitan exercitation, photo booth et 8-bit kale chips proident chillwave deep v laborum. Aliquip veniam delectus, Marfa\n                eiusmod Pinterest in do umami readymade swag.</p>','https://vk.com','companies/10.png','43.278615','-76.409597','906 Lisa Rapid Suite 805\nBoscoside, PA 47426-2730',1,43,432,NULL,'+19178321949',1984,'Vasya Pupkin',3,'2','8M',NULL,NULL,NULL,NULL,NULL,1,'published',0,'2023-06-13 21:34:01','2023-06-13 21:34:01'),(11,'WordPress',NULL,'Omnis dolorem sint sunt optio dicta dignissimos. Pariatur reprehenderit nulla laborum qui. Et ut eum id delectus quia aut. Et voluptatem aspernatur aut vel impedit quasi.','<p class=\"text-muted\"> Objectively pursue diverse catalysts for change for interoperable meta-services. Distinctively re-engineer\n                revolutionary meta-services and premium architectures. Intrinsically incubate intuitive opportunities and\n                real-time potentialities. Appropriately communicate one-to-one technology.</p>\n\n            <p class=\"text-muted\">Intrinsically incubate intuitive opportunities and real-time potentialities Appropriately communicate\n                one-to-one technology.</p>\n\n            <p class=\"text-muted\"> Exercitation photo booth stumptown tote bag Banksy, elit small batch freegan sed. Craft beer elit\n                seitan exercitation, photo booth et 8-bit kale chips proident chillwave deep v laborum. Aliquip veniam delectus, Marfa\n                eiusmod Pinterest in do umami readymade swag.</p>','https://wordpress.org','companies/11.png','43.598887','-76.059345','3294 Jacobson Extension Suite 790\nSebastianbury, MT 94953',1,47,448,NULL,'+18106000822',2010,'Matt Mullenweg',7,'2','9M',NULL,NULL,NULL,NULL,NULL,1,'published',0,'2023-06-13 21:34:01','2023-06-13 21:34:01'),(12,'Envato',NULL,'Rem officiis laboriosam alias dolorum saepe. Hic aliquid nobis dolore aut consectetur distinctio. Voluptas rerum consequatur eos quo.','<p class=\"text-muted\"> Objectively pursue diverse catalysts for change for interoperable meta-services. Distinctively re-engineer\n                revolutionary meta-services and premium architectures. Intrinsically incubate intuitive opportunities and\n                real-time potentialities. Appropriately communicate one-to-one technology.</p>\n\n            <p class=\"text-muted\">Intrinsically incubate intuitive opportunities and real-time potentialities Appropriately communicate\n                one-to-one technology.</p>\n\n            <p class=\"text-muted\"> Exercitation photo booth stumptown tote bag Banksy, elit small batch freegan sed. Craft beer elit\n                seitan exercitation, photo booth et 8-bit kale chips proident chillwave deep v laborum. Aliquip veniam delectus, Marfa\n                eiusmod Pinterest in do umami readymade swag.</p>','https://envato.com','companies/12.png','43.980954','-75.158964','314 Terrence Inlet Apt. 959\nOkunevaport, TN 26447',1,22,295,NULL,'+16129451698',1971,NULL,8,'1','8M',NULL,NULL,NULL,NULL,NULL,1,'published',0,'2023-06-13 21:34:01','2023-06-13 21:34:01'),(13,'Magento',NULL,'Velit dolores quia omnis aliquid eum. Explicabo quod natus sint quod omnis ad consectetur deserunt. Minima ipsam culpa necessitatibus et non ea distinctio.','<p class=\"text-muted\"> Objectively pursue diverse catalysts for change for interoperable meta-services. Distinctively re-engineer\n                revolutionary meta-services and premium architectures. Intrinsically incubate intuitive opportunities and\n                real-time potentialities. Appropriately communicate one-to-one technology.</p>\n\n            <p class=\"text-muted\">Intrinsically incubate intuitive opportunities and real-time potentialities Appropriately communicate\n                one-to-one technology.</p>\n\n            <p class=\"text-muted\"> Exercitation photo booth stumptown tote bag Banksy, elit small batch freegan sed. Craft beer elit\n                seitan exercitation, photo booth et 8-bit kale chips proident chillwave deep v laborum. Aliquip veniam delectus, Marfa\n                eiusmod Pinterest in do umami readymade swag.</p>','https://magento.com','companies/13.png','43.823538','-75.077679','502 Richie Isle Suite 405\nNew Frankfurt, MA 44562-6235',1,25,303,NULL,'+13853282324',1986,NULL,10,'4','1M',NULL,NULL,NULL,NULL,NULL,1,'published',0,'2023-06-13 21:34:01','2023-06-13 21:34:01'),(14,'Generic',NULL,'Tenetur architecto tenetur exercitationem quasi. Molestiae earum dolorem rerum occaecati delectus. Architecto qui ut harum quidem dicta nostrum.','<p class=\"text-muted\"> Objectively pursue diverse catalysts for change for interoperable meta-services. Distinctively re-engineer\n                revolutionary meta-services and premium architectures. Intrinsically incubate intuitive opportunities and\n                real-time potentialities. Appropriately communicate one-to-one technology.</p>\n\n            <p class=\"text-muted\">Intrinsically incubate intuitive opportunities and real-time potentialities Appropriately communicate\n                one-to-one technology.</p>\n\n            <p class=\"text-muted\"> Exercitation photo booth stumptown tote bag Banksy, elit small batch freegan sed. Craft beer elit\n                seitan exercitation, photo booth et 8-bit kale chips proident chillwave deep v laborum. Aliquip veniam delectus, Marfa\n                eiusmod Pinterest in do umami readymade swag.</p>','https://generic.com','companies/14.png','43.741332','-76.641397','351 Simonis Harbors\nSouth Rashawnchester, MO 40934',1,12,206,NULL,'+15643094575',1991,NULL,4,'5','10M',NULL,NULL,NULL,NULL,NULL,1,'published',0,'2023-06-13 21:34:01','2023-06-13 21:34:01'),(15,'Reveal',NULL,'Eos nobis in tempore id similique velit amet. Placeat et repellat placeat. Nihil voluptas veniam incidunt a quis natus.','<p class=\"text-muted\"> Objectively pursue diverse catalysts for change for interoperable meta-services. Distinctively re-engineer\n                revolutionary meta-services and premium architectures. Intrinsically incubate intuitive opportunities and\n                real-time potentialities. Appropriately communicate one-to-one technology.</p>\n\n            <p class=\"text-muted\">Intrinsically incubate intuitive opportunities and real-time potentialities Appropriately communicate\n                one-to-one technology.</p>\n\n            <p class=\"text-muted\"> Exercitation photo booth stumptown tote bag Banksy, elit small batch freegan sed. Craft beer elit\n                seitan exercitation, photo booth et 8-bit kale chips proident chillwave deep v laborum. Aliquip veniam delectus, Marfa\n                eiusmod Pinterest in do umami readymade swag.</p>','https://reveal.com','companies/15.png','42.784333','-74.801152','261 Santina Knoll\nBrendanchester, IL 11308-0920',1,12,224,NULL,'+18472465439',1978,NULL,3,'2','8M',NULL,NULL,NULL,NULL,NULL,1,'published',0,'2023-06-13 21:34:01','2023-06-13 21:34:01'),(16,'Woocommerce',NULL,'Animi delectus in officiis et. Occaecati veniam numquam quisquam unde in dicta alias deserunt. Aliquam corrupti culpa est non magnam officia. Iure deleniti quam recusandae placeat placeat.','<p class=\"text-muted\"> Objectively pursue diverse catalysts for change for interoperable meta-services. Distinctively re-engineer\n                revolutionary meta-services and premium architectures. Intrinsically incubate intuitive opportunities and\n                real-time potentialities. Appropriately communicate one-to-one technology.</p>\n\n            <p class=\"text-muted\">Intrinsically incubate intuitive opportunities and real-time potentialities Appropriately communicate\n                one-to-one technology.</p>\n\n            <p class=\"text-muted\"> Exercitation photo booth stumptown tote bag Banksy, elit small batch freegan sed. Craft beer elit\n                seitan exercitation, photo booth et 8-bit kale chips proident chillwave deep v laborum. Aliquip veniam delectus, Marfa\n                eiusmod Pinterest in do umami readymade swag.</p>','https://woocommerce.com','companies/16.png','42.593889','-75.835968','1188 Margot Stream Apt. 059\nEast Evelinetown, MT 64493',1,22,297,NULL,'+19174399931',2015,NULL,10,'6','10M',NULL,NULL,NULL,NULL,NULL,1,'published',0,'2023-06-13 21:34:01','2023-06-13 21:34:01');
/*!40000 ALTER TABLE `jb_companies` ENABLE KEYS */;
UNLOCK TABLES;

--
-- Table structure for table `jb_companies_accounts`
--

DROP TABLE IF EXISTS `jb_companies_accounts`;
/*!40101 SET @saved_cs_client     = @@character_set_client */;
/*!50503 SET character_set_client = utf8mb4 */;
CREATE TABLE `jb_companies_accounts` (
  `company_id` bigint unsigned NOT NULL,
  `account_id` bigint unsigned NOT NULL
) ENGINE=InnoDB DEFAULT CHARSET=utf8mb4 COLLATE=utf8mb4_unicode_ci;
/*!40101 SET character_set_client = @saved_cs_client */;

--
-- Dumping data for table `jb_companies_accounts`
--

LOCK TABLES `jb_companies_accounts` WRITE;
/*!40000 ALTER TABLE `jb_companies_accounts` DISABLE KEYS */;
INSERT INTO `jb_companies_accounts` VALUES (1,1),(1,4),(2,1),(2,4),(3,1),(3,4),(4,1),(4,4),(5,1),(5,4),(6,1),(6,4),(7,1),(7,4),(8,1),(8,4),(9,1),(9,4),(10,1),(10,4),(11,1),(11,4),(12,1),(12,4),(13,1),(13,4),(14,1),(14,4),(15,1),(15,4),(16,1),(16,4);
/*!40000 ALTER TABLE `jb_companies_accounts` ENABLE KEYS */;
UNLOCK TABLES;

--
-- Table structure for table `jb_currencies`
--

DROP TABLE IF EXISTS `jb_currencies`;
/*!40101 SET @saved_cs_client     = @@character_set_client */;
/*!50503 SET character_set_client = utf8mb4 */;
CREATE TABLE `jb_currencies` (
  `id` bigint unsigned NOT NULL AUTO_INCREMENT,
  `title` varchar(60) COLLATE utf8mb4_unicode_ci NOT NULL,
  `symbol` varchar(10) COLLATE utf8mb4_unicode_ci NOT NULL,
  `is_prefix_symbol` tinyint unsigned NOT NULL DEFAULT '0',
  `decimals` tinyint unsigned NOT NULL DEFAULT '0',
  `order` int unsigned NOT NULL DEFAULT '0',
  `is_default` tinyint NOT NULL DEFAULT '0',
  `exchange_rate` double NOT NULL DEFAULT '1',
  `created_at` timestamp NULL DEFAULT NULL,
  `updated_at` timestamp NULL DEFAULT NULL,
  PRIMARY KEY (`id`)
) ENGINE=InnoDB AUTO_INCREMENT=4 DEFAULT CHARSET=utf8mb4 COLLATE=utf8mb4_unicode_ci;
/*!40101 SET character_set_client = @saved_cs_client */;

--
-- Dumping data for table `jb_currencies`
--

LOCK TABLES `jb_currencies` WRITE;
/*!40000 ALTER TABLE `jb_currencies` DISABLE KEYS */;
INSERT INTO `jb_currencies` VALUES (1,'USD','$',1,0,0,1,1,'2023-06-13 21:34:02','2023-06-13 21:34:02'),(2,'EUR','',0,0,1,0,0.84,'2023-06-13 21:34:02','2023-06-13 21:34:02'),(3,'VND','',0,0,1,0,23203,'2023-06-13 21:34:02','2023-06-13 21:34:02');
/*!40000 ALTER TABLE `jb_currencies` ENABLE KEYS */;
UNLOCK TABLES;

--
-- Table structure for table `jb_custom_field_options`
--

DROP TABLE IF EXISTS `jb_custom_field_options`;
/*!40101 SET @saved_cs_client     = @@character_set_client */;
/*!50503 SET character_set_client = utf8mb4 */;
CREATE TABLE `jb_custom_field_options` (
  `id` bigint unsigned NOT NULL AUTO_INCREMENT,
  `custom_field_id` bigint unsigned NOT NULL,
  `label` varchar(191) COLLATE utf8mb4_unicode_ci DEFAULT NULL,
  `value` varchar(191) COLLATE utf8mb4_unicode_ci NOT NULL,
  `order` int NOT NULL DEFAULT '999',
  `created_at` timestamp NULL DEFAULT NULL,
  `updated_at` timestamp NULL DEFAULT NULL,
  PRIMARY KEY (`id`)
) ENGINE=InnoDB DEFAULT CHARSET=utf8mb4 COLLATE=utf8mb4_unicode_ci;
/*!40101 SET character_set_client = @saved_cs_client */;

--
-- Dumping data for table `jb_custom_field_options`
--

LOCK TABLES `jb_custom_field_options` WRITE;
/*!40000 ALTER TABLE `jb_custom_field_options` DISABLE KEYS */;
/*!40000 ALTER TABLE `jb_custom_field_options` ENABLE KEYS */;
UNLOCK TABLES;

--
-- Table structure for table `jb_custom_field_options_translations`
--

DROP TABLE IF EXISTS `jb_custom_field_options_translations`;
/*!40101 SET @saved_cs_client     = @@character_set_client */;
/*!50503 SET character_set_client = utf8mb4 */;
CREATE TABLE `jb_custom_field_options_translations` (
  `lang_code` varchar(191) COLLATE utf8mb4_unicode_ci NOT NULL,
  `jb_custom_field_options_id` bigint unsigned NOT NULL,
  `label` varchar(255) COLLATE utf8mb4_unicode_ci DEFAULT NULL,
  `value` varchar(255) COLLATE utf8mb4_unicode_ci DEFAULT NULL,
  PRIMARY KEY (`lang_code`,`jb_custom_field_options_id`)
) ENGINE=InnoDB DEFAULT CHARSET=utf8mb4 COLLATE=utf8mb4_unicode_ci;
/*!40101 SET character_set_client = @saved_cs_client */;

--
-- Dumping data for table `jb_custom_field_options_translations`
--

LOCK TABLES `jb_custom_field_options_translations` WRITE;
/*!40000 ALTER TABLE `jb_custom_field_options_translations` DISABLE KEYS */;
/*!40000 ALTER TABLE `jb_custom_field_options_translations` ENABLE KEYS */;
UNLOCK TABLES;

--
-- Table structure for table `jb_custom_field_values`
--

DROP TABLE IF EXISTS `jb_custom_field_values`;
/*!40101 SET @saved_cs_client     = @@character_set_client */;
/*!50503 SET character_set_client = utf8mb4 */;
CREATE TABLE `jb_custom_field_values` (
  `id` bigint unsigned NOT NULL AUTO_INCREMENT,
  `name` varchar(191) COLLATE utf8mb4_unicode_ci DEFAULT NULL,
  `value` varchar(191) COLLATE utf8mb4_unicode_ci DEFAULT NULL,
  `reference_type` varchar(191) COLLATE utf8mb4_unicode_ci NOT NULL,
  `reference_id` bigint unsigned NOT NULL,
  `custom_field_id` bigint unsigned DEFAULT NULL,
  `created_at` timestamp NULL DEFAULT NULL,
  `updated_at` timestamp NULL DEFAULT NULL,
  PRIMARY KEY (`id`),
  KEY `jb_custom_field_values_reference_type_reference_id_index` (`reference_type`,`reference_id`)
) ENGINE=InnoDB DEFAULT CHARSET=utf8mb4 COLLATE=utf8mb4_unicode_ci;
/*!40101 SET character_set_client = @saved_cs_client */;

--
-- Dumping data for table `jb_custom_field_values`
--

LOCK TABLES `jb_custom_field_values` WRITE;
/*!40000 ALTER TABLE `jb_custom_field_values` DISABLE KEYS */;
/*!40000 ALTER TABLE `jb_custom_field_values` ENABLE KEYS */;
UNLOCK TABLES;

--
-- Table structure for table `jb_custom_field_values_translations`
--

DROP TABLE IF EXISTS `jb_custom_field_values_translations`;
/*!40101 SET @saved_cs_client     = @@character_set_client */;
/*!50503 SET character_set_client = utf8mb4 */;
CREATE TABLE `jb_custom_field_values_translations` (
  `lang_code` varchar(191) COLLATE utf8mb4_unicode_ci NOT NULL,
  `jb_custom_field_values_id` bigint unsigned NOT NULL,
  `name` varchar(255) COLLATE utf8mb4_unicode_ci DEFAULT NULL,
  `value` varchar(255) COLLATE utf8mb4_unicode_ci DEFAULT NULL,
  PRIMARY KEY (`lang_code`,`jb_custom_field_values_id`)
) ENGINE=InnoDB DEFAULT CHARSET=utf8mb4 COLLATE=utf8mb4_unicode_ci;
/*!40101 SET character_set_client = @saved_cs_client */;

--
-- Dumping data for table `jb_custom_field_values_translations`
--

LOCK TABLES `jb_custom_field_values_translations` WRITE;
/*!40000 ALTER TABLE `jb_custom_field_values_translations` DISABLE KEYS */;
/*!40000 ALTER TABLE `jb_custom_field_values_translations` ENABLE KEYS */;
UNLOCK TABLES;

--
-- Table structure for table `jb_custom_fields`
--

DROP TABLE IF EXISTS `jb_custom_fields`;
/*!40101 SET @saved_cs_client     = @@character_set_client */;
/*!50503 SET character_set_client = utf8mb4 */;
CREATE TABLE `jb_custom_fields` (
  `id` bigint unsigned NOT NULL AUTO_INCREMENT,
  `name` varchar(191) COLLATE utf8mb4_unicode_ci NOT NULL,
  `type` varchar(191) COLLATE utf8mb4_unicode_ci NOT NULL,
  `order` int NOT NULL DEFAULT '999',
  `is_global` tinyint(1) NOT NULL DEFAULT '0',
  `authorable_type` varchar(191) COLLATE utf8mb4_unicode_ci NOT NULL,
  `authorable_id` bigint unsigned NOT NULL,
  `created_at` timestamp NULL DEFAULT NULL,
  `updated_at` timestamp NULL DEFAULT NULL,
  PRIMARY KEY (`id`),
  KEY `jb_custom_fields_authorable_type_authorable_id_index` (`authorable_type`,`authorable_id`)
) ENGINE=InnoDB DEFAULT CHARSET=utf8mb4 COLLATE=utf8mb4_unicode_ci;
/*!40101 SET character_set_client = @saved_cs_client */;

--
-- Dumping data for table `jb_custom_fields`
--

LOCK TABLES `jb_custom_fields` WRITE;
/*!40000 ALTER TABLE `jb_custom_fields` DISABLE KEYS */;
/*!40000 ALTER TABLE `jb_custom_fields` ENABLE KEYS */;
UNLOCK TABLES;

--
-- Table structure for table `jb_custom_fields_translations`
--

DROP TABLE IF EXISTS `jb_custom_fields_translations`;
/*!40101 SET @saved_cs_client     = @@character_set_client */;
/*!50503 SET character_set_client = utf8mb4 */;
CREATE TABLE `jb_custom_fields_translations` (
  `lang_code` varchar(191) COLLATE utf8mb4_unicode_ci NOT NULL,
  `jb_custom_fields_id` bigint unsigned NOT NULL,
  `name` varchar(255) COLLATE utf8mb4_unicode_ci DEFAULT NULL,
  `type` varchar(60) COLLATE utf8mb4_unicode_ci DEFAULT NULL,
  PRIMARY KEY (`lang_code`,`jb_custom_fields_id`)
) ENGINE=InnoDB DEFAULT CHARSET=utf8mb4 COLLATE=utf8mb4_unicode_ci;
/*!40101 SET character_set_client = @saved_cs_client */;

--
-- Dumping data for table `jb_custom_fields_translations`
--

LOCK TABLES `jb_custom_fields_translations` WRITE;
/*!40000 ALTER TABLE `jb_custom_fields_translations` DISABLE KEYS */;
/*!40000 ALTER TABLE `jb_custom_fields_translations` ENABLE KEYS */;
UNLOCK TABLES;

--
-- Table structure for table `jb_degree_levels`
--

DROP TABLE IF EXISTS `jb_degree_levels`;
/*!40101 SET @saved_cs_client     = @@character_set_client */;
/*!50503 SET character_set_client = utf8mb4 */;
CREATE TABLE `jb_degree_levels` (
  `id` bigint unsigned NOT NULL AUTO_INCREMENT,
  `name` varchar(120) COLLATE utf8mb4_unicode_ci NOT NULL,
  `order` tinyint NOT NULL DEFAULT '0',
  `is_default` tinyint unsigned NOT NULL DEFAULT '0',
  `status` varchar(60) COLLATE utf8mb4_unicode_ci NOT NULL DEFAULT 'published',
  `created_at` timestamp NULL DEFAULT NULL,
  `updated_at` timestamp NULL DEFAULT NULL,
  PRIMARY KEY (`id`)
) ENGINE=InnoDB AUTO_INCREMENT=11 DEFAULT CHARSET=utf8mb4 COLLATE=utf8mb4_unicode_ci;
/*!40101 SET character_set_client = @saved_cs_client */;

--
-- Dumping data for table `jb_degree_levels`
--

LOCK TABLES `jb_degree_levels` WRITE;
/*!40000 ALTER TABLE `jb_degree_levels` DISABLE KEYS */;
INSERT INTO `jb_degree_levels` VALUES (1,'Non-Matriculation',0,0,'published','2023-06-13 21:34:00','2023-06-13 21:34:00'),(2,'Matriculation/O-Level',0,0,'published','2023-06-13 21:34:00','2023-06-13 21:34:00'),(3,'Intermediate/A-Level',0,0,'published','2023-06-13 21:34:00','2023-06-13 21:34:00'),(4,'Bachelors',0,0,'published','2023-06-13 21:34:00','2023-06-13 21:34:00'),(5,'Masters',0,0,'published','2023-06-13 21:34:00','2023-06-13 21:34:00'),(6,'MPhil/MS',0,0,'published','2023-06-13 21:34:00','2023-06-13 21:34:00'),(7,'PHD/Doctorate',0,0,'published','2023-06-13 21:34:00','2023-06-13 21:34:00'),(8,'Certification',0,0,'published','2023-06-13 21:34:00','2023-06-13 21:34:00'),(9,'Diploma',0,0,'published','2023-06-13 21:34:00','2023-06-13 21:34:00'),(10,'Short Course',0,0,'published','2023-06-13 21:34:00','2023-06-13 21:34:00');
/*!40000 ALTER TABLE `jb_degree_levels` ENABLE KEYS */;
UNLOCK TABLES;

--
-- Table structure for table `jb_degree_levels_translations`
--

DROP TABLE IF EXISTS `jb_degree_levels_translations`;
/*!40101 SET @saved_cs_client     = @@character_set_client */;
/*!50503 SET character_set_client = utf8mb4 */;
CREATE TABLE `jb_degree_levels_translations` (
  `lang_code` varchar(191) COLLATE utf8mb4_unicode_ci NOT NULL,
  `jb_degree_levels_id` bigint unsigned NOT NULL,
  `name` varchar(255) COLLATE utf8mb4_unicode_ci DEFAULT NULL,
  PRIMARY KEY (`lang_code`,`jb_degree_levels_id`)
) ENGINE=InnoDB DEFAULT CHARSET=utf8mb4 COLLATE=utf8mb4_unicode_ci;
/*!40101 SET character_set_client = @saved_cs_client */;

--
-- Dumping data for table `jb_degree_levels_translations`
--

LOCK TABLES `jb_degree_levels_translations` WRITE;
/*!40000 ALTER TABLE `jb_degree_levels_translations` DISABLE KEYS */;
/*!40000 ALTER TABLE `jb_degree_levels_translations` ENABLE KEYS */;
UNLOCK TABLES;

--
-- Table structure for table `jb_degree_types`
--

DROP TABLE IF EXISTS `jb_degree_types`;
/*!40101 SET @saved_cs_client     = @@character_set_client */;
/*!50503 SET character_set_client = utf8mb4 */;
CREATE TABLE `jb_degree_types` (
  `id` bigint unsigned NOT NULL AUTO_INCREMENT,
  `name` varchar(120) COLLATE utf8mb4_unicode_ci NOT NULL,
  `degree_level_id` bigint unsigned NOT NULL,
  `order` tinyint NOT NULL DEFAULT '0',
  `is_default` tinyint unsigned NOT NULL DEFAULT '0',
  `status` varchar(60) COLLATE utf8mb4_unicode_ci NOT NULL DEFAULT 'published',
  `created_at` timestamp NULL DEFAULT NULL,
  `updated_at` timestamp NULL DEFAULT NULL,
  PRIMARY KEY (`id`)
) ENGINE=InnoDB AUTO_INCREMENT=34 DEFAULT CHARSET=utf8mb4 COLLATE=utf8mb4_unicode_ci;
/*!40101 SET character_set_client = @saved_cs_client */;

--
-- Dumping data for table `jb_degree_types`
--

LOCK TABLES `jb_degree_types` WRITE;
/*!40000 ALTER TABLE `jb_degree_types` DISABLE KEYS */;
INSERT INTO `jb_degree_types` VALUES (1,'Matric in Arts',2,0,0,'published','2023-06-13 21:34:00','2023-06-13 21:34:00'),(2,'Matric in Science',2,0,0,'published','2023-06-13 21:34:00','2023-06-13 21:34:00'),(3,'O-Levels',2,0,0,'published','2023-06-13 21:34:00','2023-06-13 21:34:00'),(4,'A-Levels',3,0,0,'published','2023-06-13 21:34:00','2023-06-13 21:34:00'),(5,'Faculty of Arts',3,0,0,'published','2023-06-13 21:34:00','2023-06-13 21:34:00'),(6,'Faculty of Science (Pre-medical)',3,0,0,'published','2023-06-13 21:34:00','2023-06-13 21:34:00'),(7,'Faculty of Science (Pre-Engineering)',3,0,0,'published','2023-06-13 21:34:00','2023-06-13 21:34:00'),(8,'Intermediate in Computer Science',3,0,0,'published','2023-06-13 21:34:00','2023-06-13 21:34:00'),(9,'Intermediate in Commerce',3,0,0,'published','2023-06-13 21:34:00','2023-06-13 21:34:00'),(10,'Intermediate in General Science',3,0,0,'published','2023-06-13 21:34:00','2023-06-13 21:34:00'),(11,'Bachelors in Arts',4,0,0,'published','2023-06-13 21:34:00','2023-06-13 21:34:00'),(12,'Bachelors in Architecture',4,0,0,'published','2023-06-13 21:34:00','2023-06-13 21:34:00'),(13,'Bachelors in Business Administration',4,0,0,'published','2023-06-13 21:34:00','2023-06-13 21:34:00'),(14,'Bachelors in Commerce',4,0,0,'published','2023-06-13 21:34:00','2023-06-13 21:34:00'),(15,'Bachelors of Dental Surgery',4,0,0,'published','2023-06-13 21:34:00','2023-06-13 21:34:00'),(16,'Bachelors of Education',4,0,0,'published','2023-06-13 21:34:00','2023-06-13 21:34:00'),(17,'Bachelors in Engineering',4,0,0,'published','2023-06-13 21:34:00','2023-06-13 21:34:00'),(18,'Bachelors in Pharmacy',4,0,0,'published','2023-06-13 21:34:00','2023-06-13 21:34:00'),(19,'Bachelors in Science',4,0,0,'published','2023-06-13 21:34:00','2023-06-13 21:34:00'),(20,'Bachelors of Science in Nursing (Registered Nursing)',4,0,0,'published','2023-06-13 21:34:00','2023-06-13 21:34:00'),(21,'Bachelors in Law',4,0,0,'published','2023-06-13 21:34:00','2023-06-13 21:34:00'),(22,'Bachelors in Technology',4,0,0,'published','2023-06-13 21:34:00','2023-06-13 21:34:00'),(23,'BCS\\/BS',4,0,0,'published','2023-06-13 21:34:00','2023-06-13 21:34:00'),(24,'Doctor of Veterinary Medicine',4,0,0,'published','2023-06-13 21:34:00','2023-06-13 21:34:00'),(25,'MBBS',4,0,0,'published','2023-06-13 21:34:00','2023-06-13 21:34:00'),(26,'Post Registered Nursing B.S.',4,0,0,'published','2023-06-13 21:34:00','2023-06-13 21:34:00'),(27,'Masters in Arts',5,0,0,'published','2023-06-13 21:34:00','2023-06-13 21:34:00'),(28,'Masters in Business Administration',5,0,0,'published','2023-06-13 21:34:00','2023-06-13 21:34:00'),(29,'Masters in Commerce',5,0,0,'published','2023-06-13 21:34:00','2023-06-13 21:34:00'),(30,'Masters of Education',5,0,0,'published','2023-06-13 21:34:00','2023-06-13 21:34:00'),(31,'Masters in Law',5,0,0,'published','2023-06-13 21:34:00','2023-06-13 21:34:00'),(32,'Masters in Science',5,0,0,'published','2023-06-13 21:34:00','2023-06-13 21:34:00'),(33,'Executive Masters in Business Administration',5,0,0,'published','2023-06-13 21:34:00','2023-06-13 21:34:00');
/*!40000 ALTER TABLE `jb_degree_types` ENABLE KEYS */;
UNLOCK TABLES;

--
-- Table structure for table `jb_degree_types_translations`
--

DROP TABLE IF EXISTS `jb_degree_types_translations`;
/*!40101 SET @saved_cs_client     = @@character_set_client */;
/*!50503 SET character_set_client = utf8mb4 */;
CREATE TABLE `jb_degree_types_translations` (
  `lang_code` varchar(191) COLLATE utf8mb4_unicode_ci NOT NULL,
  `jb_degree_types_id` bigint unsigned NOT NULL,
  `name` varchar(255) COLLATE utf8mb4_unicode_ci DEFAULT NULL,
  PRIMARY KEY (`lang_code`,`jb_degree_types_id`)
) ENGINE=InnoDB DEFAULT CHARSET=utf8mb4 COLLATE=utf8mb4_unicode_ci;
/*!40101 SET character_set_client = @saved_cs_client */;

--
-- Dumping data for table `jb_degree_types_translations`
--

LOCK TABLES `jb_degree_types_translations` WRITE;
/*!40000 ALTER TABLE `jb_degree_types_translations` DISABLE KEYS */;
/*!40000 ALTER TABLE `jb_degree_types_translations` ENABLE KEYS */;
UNLOCK TABLES;

--
-- Table structure for table `jb_functional_areas`
--

DROP TABLE IF EXISTS `jb_functional_areas`;
/*!40101 SET @saved_cs_client     = @@character_set_client */;
/*!50503 SET character_set_client = utf8mb4 */;
CREATE TABLE `jb_functional_areas` (
  `id` bigint unsigned NOT NULL AUTO_INCREMENT,
  `name` varchar(120) COLLATE utf8mb4_unicode_ci NOT NULL,
  `order` tinyint NOT NULL DEFAULT '0',
  `is_default` tinyint unsigned NOT NULL DEFAULT '0',
  `status` varchar(60) COLLATE utf8mb4_unicode_ci NOT NULL DEFAULT 'published',
  `created_at` timestamp NULL DEFAULT NULL,
  `updated_at` timestamp NULL DEFAULT NULL,
  PRIMARY KEY (`id`)
) ENGINE=InnoDB AUTO_INCREMENT=157 DEFAULT CHARSET=utf8mb4 COLLATE=utf8mb4_unicode_ci;
/*!40101 SET character_set_client = @saved_cs_client */;

--
-- Dumping data for table `jb_functional_areas`
--

LOCK TABLES `jb_functional_areas` WRITE;
/*!40000 ALTER TABLE `jb_functional_areas` DISABLE KEYS */;
INSERT INTO `jb_functional_areas` VALUES (1,'Accountant',0,0,'published','2023-06-13 21:34:00','2023-06-13 21:34:00'),(2,'Accounts, Finance &amp; Financial Services',0,0,'published','2023-06-13 21:34:00','2023-06-13 21:34:00'),(3,'Admin',0,0,'published','2023-06-13 21:34:00','2023-06-13 21:34:00'),(4,'Admin Operation',0,0,'published','2023-06-13 21:34:00','2023-06-13 21:34:00'),(5,'Administration',0,0,'published','2023-06-13 21:34:00','2023-06-13 21:34:00'),(6,'Administration Clerical',0,0,'published','2023-06-13 21:34:00','2023-06-13 21:34:00'),(7,'Advertising',0,0,'published','2023-06-13 21:34:00','2023-06-13 21:34:00'),(8,'Advertising',0,0,'published','2023-06-13 21:34:00','2023-06-13 21:34:00'),(9,'Advertisement',0,0,'published','2023-06-13 21:34:00','2023-06-13 21:34:00'),(10,'Architects &amp; Construction',0,0,'published','2023-06-13 21:34:00','2023-06-13 21:34:00'),(11,'Architecture',0,0,'published','2023-06-13 21:34:00','2023-06-13 21:34:00'),(12,'Bank Operation',0,0,'published','2023-06-13 21:34:00','2023-06-13 21:34:00'),(13,'Business Development',0,0,'published','2023-06-13 21:34:00','2023-06-13 21:34:00'),(14,'Business Management',0,0,'published','2023-06-13 21:34:00','2023-06-13 21:34:00'),(15,'Business Systems Analyst',0,0,'published','2023-06-13 21:34:00','2023-06-13 21:34:00'),(16,'Clerical',0,0,'published','2023-06-13 21:34:00','2023-06-13 21:34:00'),(17,'Client Services &amp; Customer Support',0,0,'published','2023-06-13 21:34:00','2023-06-13 21:34:00'),(18,'Computer Hardware',0,0,'published','2023-06-13 21:34:00','2023-06-13 21:34:00'),(19,'Computer Networking',0,0,'published','2023-06-13 21:34:00','2023-06-13 21:34:00'),(20,'Consultant',0,0,'published','2023-06-13 21:34:00','2023-06-13 21:34:00'),(21,'Content Writer',0,0,'published','2023-06-13 21:34:00','2023-06-13 21:34:00'),(22,'Corporate Affairs',0,0,'published','2023-06-13 21:34:00','2023-06-13 21:34:00'),(23,'Creative Design',0,0,'published','2023-06-13 21:34:00','2023-06-13 21:34:00'),(24,'Creative Writer',0,0,'published','2023-06-13 21:34:00','2023-06-13 21:34:00'),(25,'Customer Support',0,0,'published','2023-06-13 21:34:00','2023-06-13 21:34:00'),(26,'Data Entry',0,0,'published','2023-06-13 21:34:00','2023-06-13 21:34:00'),(27,'Data Entry Operator',0,0,'published','2023-06-13 21:34:00','2023-06-13 21:34:00'),(28,'Database Administration (DBA)',0,0,'published','2023-06-13 21:34:00','2023-06-13 21:34:00'),(29,'Development',0,0,'published','2023-06-13 21:34:00','2023-06-13 21:34:00'),(30,'Distribution &amp; Logistics',0,0,'published','2023-06-13 21:34:00','2023-06-13 21:34:00'),(31,'Education &amp; Training',0,0,'published','2023-06-13 21:34:00','2023-06-13 21:34:00'),(32,'Electronics Technician',0,0,'published','2023-06-13 21:34:00','2023-06-13 21:34:00'),(33,'Engineering',0,0,'published','2023-06-13 21:34:00','2023-06-13 21:34:00'),(34,'Engineering Construction',0,0,'published','2023-06-13 21:34:00','2023-06-13 21:34:00'),(35,'Executive Management',0,0,'published','2023-06-13 21:34:00','2023-06-13 21:34:00'),(36,'Executive Secretary',0,0,'published','2023-06-13 21:34:00','2023-06-13 21:34:00'),(37,'Field Operations',0,0,'published','2023-06-13 21:34:00','2023-06-13 21:34:00'),(38,'Front Desk Clerk',0,0,'published','2023-06-13 21:34:00','2023-06-13 21:34:00'),(39,'Front Desk Officer',0,0,'published','2023-06-13 21:34:00','2023-06-13 21:34:00'),(40,'Graphic Design',0,0,'published','2023-06-13 21:34:00','2023-06-13 21:34:00'),(41,'Hardware',0,0,'published','2023-06-13 21:34:00','2023-06-13 21:34:00'),(42,'Health &amp; Medicine',0,0,'published','2023-06-13 21:34:00','2023-06-13 21:34:00'),(43,'Health &amp; Safety',0,0,'published','2023-06-13 21:34:00','2023-06-13 21:34:00'),(44,'Health Care',0,0,'published','2023-06-13 21:34:00','2023-06-13 21:34:00'),(45,'Health Related',0,0,'published','2023-06-13 21:34:00','2023-06-13 21:34:00'),(46,'Hotel Management',0,0,'published','2023-06-13 21:34:00','2023-06-13 21:34:00'),(47,'Hotel\\/Restaurant Management',0,0,'published','2023-06-13 21:34:00','2023-06-13 21:34:00'),(48,'HR',0,0,'published','2023-06-13 21:34:00','2023-06-13 21:34:00'),(49,'Human Resources',0,0,'published','2023-06-13 21:34:00','2023-06-13 21:34:00'),(50,'Import &amp; Export',0,0,'published','2023-06-13 21:34:00','2023-06-13 21:34:00'),(51,'Industrial Production',0,0,'published','2023-06-13 21:34:00','2023-06-13 21:34:00'),(52,'Installation &amp; Repair',0,0,'published','2023-06-13 21:34:00','2023-06-13 21:34:00'),(53,'Interior Designers &amp; Architects',0,0,'published','2023-06-13 21:34:00','2023-06-13 21:34:00'),(54,'Intern',0,0,'published','2023-06-13 21:34:00','2023-06-13 21:34:00'),(55,'Internship',0,0,'published','2023-06-13 21:34:00','2023-06-13 21:34:00'),(56,'Investment Operations',0,0,'published','2023-06-13 21:34:00','2023-06-13 21:34:00'),(57,'IT Security',0,0,'published','2023-06-13 21:34:00','2023-06-13 21:34:00'),(58,'IT Systems Analyst',0,0,'published','2023-06-13 21:34:00','2023-06-13 21:34:00'),(59,'Legal &amp; Corporate Affairs',0,0,'published','2023-06-13 21:34:00','2023-06-13 21:34:00'),(60,'Legal Affairs',0,0,'published','2023-06-13 21:34:00','2023-06-13 21:34:00'),(61,'Legal Research',0,0,'published','2023-06-13 21:34:00','2023-06-13 21:34:00'),(62,'Logistics &amp; Warehousing',0,0,'published','2023-06-13 21:34:00','2023-06-13 21:34:00'),(63,'Maintenance\\/Repair',0,0,'published','2023-06-13 21:34:00','2023-06-13 21:34:00'),(64,'Management Consulting',0,0,'published','2023-06-13 21:34:00','2023-06-13 21:34:00'),(65,'Management Information System (MIS)',0,0,'published','2023-06-13 21:34:00','2023-06-13 21:34:00'),(66,'Managerial',0,0,'published','2023-06-13 21:34:00','2023-06-13 21:34:00'),(67,'Manufacturing',0,0,'published','2023-06-13 21:34:00','2023-06-13 21:34:00'),(68,'Manufacturing &amp; Operations',0,0,'published','2023-06-13 21:34:00','2023-06-13 21:34:00'),(69,'Marketing',0,0,'published','2023-06-13 21:34:00','2023-06-13 21:34:00'),(70,'Marketing',0,0,'published','2023-06-13 21:34:00','2023-06-13 21:34:00'),(71,'Media - Print &amp; Electronic',0,0,'published','2023-06-13 21:34:00','2023-06-13 21:34:00'),(72,'Media &amp; Advertising',0,0,'published','2023-06-13 21:34:00','2023-06-13 21:34:00'),(73,'Medical',0,0,'published','2023-06-13 21:34:00','2023-06-13 21:34:00'),(74,'Medicine',0,0,'published','2023-06-13 21:34:00','2023-06-13 21:34:00'),(75,'Merchandising',0,0,'published','2023-06-13 21:34:00','2023-06-13 21:34:00'),(76,'Merchandising &amp; Product Management',0,0,'published','2023-06-13 21:34:00','2023-06-13 21:34:00'),(77,'Monitoring &amp; Evaluation (M&amp;E)',0,0,'published','2023-06-13 21:34:00','2023-06-13 21:34:00'),(78,'Network Administration',0,0,'published','2023-06-13 21:34:00','2023-06-13 21:34:00'),(79,'Network Operation',0,0,'published','2023-06-13 21:34:00','2023-06-13 21:34:00'),(80,'Online Advertising',0,0,'published','2023-06-13 21:34:00','2023-06-13 21:34:00'),(81,'Online Marketing',0,0,'published','2023-06-13 21:34:00','2023-06-13 21:34:00'),(82,'Operations',0,0,'published','2023-06-13 21:34:00','2023-06-13 21:34:00'),(83,'Planning',0,0,'published','2023-06-13 21:34:00','2023-06-13 21:34:00'),(84,'Planning &amp; Development',0,0,'published','2023-06-13 21:34:00','2023-06-13 21:34:00'),(85,'PR',0,0,'published','2023-06-13 21:34:00','2023-06-13 21:34:00'),(86,'Print Media',0,0,'published','2023-06-13 21:34:00','2023-06-13 21:34:00'),(87,'Printing',0,0,'published','2023-06-13 21:34:00','2023-06-13 21:34:00'),(88,'Procurement',0,0,'published','2023-06-13 21:34:00','2023-06-13 21:34:00'),(89,'Product Developer',0,0,'published','2023-06-13 21:34:00','2023-06-13 21:34:00'),(90,'Product Development',0,0,'published','2023-06-13 21:34:00','2023-06-13 21:34:00'),(91,'Product Development',0,0,'published','2023-06-13 21:34:00','2023-06-13 21:34:00'),(92,'Product Management',0,0,'published','2023-06-13 21:34:00','2023-06-13 21:34:00'),(93,'Production',0,0,'published','2023-06-13 21:34:00','2023-06-13 21:34:00'),(94,'Production &amp; Quality Control',0,0,'published','2023-06-13 21:34:00','2023-06-13 21:34:00'),(95,'Project Management',0,0,'published','2023-06-13 21:34:00','2023-06-13 21:34:00'),(96,'Project Management Consultant',0,0,'published','2023-06-13 21:34:00','2023-06-13 21:34:00'),(97,'Public Relations',0,0,'published','2023-06-13 21:34:00','2023-06-13 21:34:00'),(98,'QA',0,0,'published','2023-06-13 21:34:00','2023-06-13 21:34:00'),(99,'QC',0,0,'published','2023-06-13 21:34:00','2023-06-13 21:34:00'),(100,'Qualitative Research',0,0,'published','2023-06-13 21:34:00','2023-06-13 21:34:00'),(101,'Quality Assurance (QA)',0,0,'published','2023-06-13 21:34:00','2023-06-13 21:34:00'),(102,'Quality Control',0,0,'published','2023-06-13 21:34:00','2023-06-13 21:34:00'),(103,'Quality Inspection',0,0,'published','2023-06-13 21:34:00','2023-06-13 21:34:00'),(104,'Recruiting',0,0,'published','2023-06-13 21:34:00','2023-06-13 21:34:00'),(105,'Recruitment',0,0,'published','2023-06-13 21:34:00','2023-06-13 21:34:00'),(106,'Repair &amp; Overhaul',0,0,'published','2023-06-13 21:34:00','2023-06-13 21:34:00'),(107,'Research &amp; Development (R&amp;D)',0,0,'published','2023-06-13 21:34:00','2023-06-13 21:34:00'),(108,'Research &amp; Evaluation',0,0,'published','2023-06-13 21:34:00','2023-06-13 21:34:00'),(109,'Research &amp; Fellowships',0,0,'published','2023-06-13 21:34:00','2023-06-13 21:34:00'),(110,'Researcher',0,0,'published','2023-06-13 21:34:00','2023-06-13 21:34:00'),(111,'Restaurant Management',0,0,'published','2023-06-13 21:34:00','2023-06-13 21:34:00'),(112,'Retail',0,0,'published','2023-06-13 21:34:00','2023-06-13 21:34:00'),(113,'Retail &amp; Wholesale',0,0,'published','2023-06-13 21:34:00','2023-06-13 21:34:00'),(114,'Retail Buyer',0,0,'published','2023-06-13 21:34:00','2023-06-13 21:34:00'),(115,'Retail Buying',0,0,'published','2023-06-13 21:34:00','2023-06-13 21:34:00'),(116,'Retail Merchandising',0,0,'published','2023-06-13 21:34:00','2023-06-13 21:34:00'),(117,'Safety &amp; Environment',0,0,'published','2023-06-13 21:34:00','2023-06-13 21:34:00'),(118,'Sales',0,0,'published','2023-06-13 21:34:00','2023-06-13 21:34:00'),(119,'Sales &amp; Business Development',0,0,'published','2023-06-13 21:34:00','2023-06-13 21:34:00'),(120,'Sales Support',0,0,'published','2023-06-13 21:34:00','2023-06-13 21:34:00'),(121,'Search Engine Optimization (SEO)',0,0,'published','2023-06-13 21:34:00','2023-06-13 21:34:00'),(122,'Secretarial, Clerical &amp; Front Office',0,0,'published','2023-06-13 21:34:00','2023-06-13 21:34:00'),(123,'Security',0,0,'published','2023-06-13 21:34:00','2023-06-13 21:34:00'),(124,'Security &amp; Environment',0,0,'published','2023-06-13 21:34:00','2023-06-13 21:34:00'),(125,'Security Guard',0,0,'published','2023-06-13 21:34:00','2023-06-13 21:34:00'),(126,'SEM',0,0,'published','2023-06-13 21:34:00','2023-06-13 21:34:00'),(127,'SMO',0,0,'published','2023-06-13 21:34:00','2023-06-13 21:34:00'),(128,'Software &amp; Web Development',0,0,'published','2023-06-13 21:34:00','2023-06-13 21:34:00'),(129,'Software Engineer',0,0,'published','2023-06-13 21:34:00','2023-06-13 21:34:00'),(130,'Software Testing',0,0,'published','2023-06-13 21:34:00','2023-06-13 21:34:00'),(131,'Stores &amp; Warehousing',0,0,'published','2023-06-13 21:34:00','2023-06-13 21:34:00'),(132,'Supply Chain',0,0,'published','2023-06-13 21:34:00','2023-06-13 21:34:00'),(133,'Supply Chain Management',0,0,'published','2023-06-13 21:34:00','2023-06-13 21:34:00'),(134,'Systems Analyst',0,0,'published','2023-06-13 21:34:00','2023-06-13 21:34:00'),(135,'Teachers\\/Education, Training &amp; Development',0,0,'published','2023-06-13 21:34:00','2023-06-13 21:34:00'),(136,'Technical Writer',0,0,'published','2023-06-13 21:34:00','2023-06-13 21:34:00'),(137,'Tele Sale Representative',0,0,'published','2023-06-13 21:34:00','2023-06-13 21:34:00'),(138,'Telemarketing',0,0,'published','2023-06-13 21:34:00','2023-06-13 21:34:00'),(139,'Training &amp; Development',0,0,'published','2023-06-13 21:34:00','2023-06-13 21:34:00'),(140,'Transportation &amp; Warehousing',0,0,'published','2023-06-13 21:34:00','2023-06-13 21:34:00'),(141,'TSR',0,0,'published','2023-06-13 21:34:00','2023-06-13 21:34:00'),(142,'Typing',0,0,'published','2023-06-13 21:34:00','2023-06-13 21:34:00'),(143,'Warehousing',0,0,'published','2023-06-13 21:34:00','2023-06-13 21:34:00'),(144,'Web Developer',0,0,'published','2023-06-13 21:34:00','2023-06-13 21:34:00'),(145,'Web Marketing',0,0,'published','2023-06-13 21:34:00','2023-06-13 21:34:00'),(146,'Writer',0,0,'published','2023-06-13 21:34:00','2023-06-13 21:34:00'),(147,'PR',0,0,'published','2023-06-13 21:34:00','2023-06-13 21:34:00'),(148,'QA',0,0,'published','2023-06-13 21:34:00','2023-06-13 21:34:00'),(149,'QC',0,0,'published','2023-06-13 21:34:00','2023-06-13 21:34:00'),(150,'SEM',0,0,'published','2023-06-13 21:34:00','2023-06-13 21:34:00'),(151,'SMO',0,0,'published','2023-06-13 21:34:00','2023-06-13 21:34:00'),(152,'TSR',0,0,'published','2023-06-13 21:34:00','2023-06-13 21:34:00'),(153,'HR',0,0,'published','2023-06-13 21:34:00','2023-06-13 21:34:00'),(154,'QA',0,0,'published','2023-06-13 21:34:00','2023-06-13 21:34:00'),(155,'QC',0,0,'published','2023-06-13 21:34:00','2023-06-13 21:34:00'),(156,'SEM',0,0,'published','2023-06-13 21:34:00','2023-06-13 21:34:00');
/*!40000 ALTER TABLE `jb_functional_areas` ENABLE KEYS */;
UNLOCK TABLES;

--
-- Table structure for table `jb_functional_areas_translations`
--

DROP TABLE IF EXISTS `jb_functional_areas_translations`;
/*!40101 SET @saved_cs_client     = @@character_set_client */;
/*!50503 SET character_set_client = utf8mb4 */;
CREATE TABLE `jb_functional_areas_translations` (
  `lang_code` varchar(191) COLLATE utf8mb4_unicode_ci NOT NULL,
  `jb_functional_areas_id` bigint unsigned NOT NULL,
  `name` varchar(255) COLLATE utf8mb4_unicode_ci DEFAULT NULL,
  PRIMARY KEY (`lang_code`,`jb_functional_areas_id`)
) ENGINE=InnoDB DEFAULT CHARSET=utf8mb4 COLLATE=utf8mb4_unicode_ci;
/*!40101 SET character_set_client = @saved_cs_client */;

--
-- Dumping data for table `jb_functional_areas_translations`
--

LOCK TABLES `jb_functional_areas_translations` WRITE;
/*!40000 ALTER TABLE `jb_functional_areas_translations` DISABLE KEYS */;
/*!40000 ALTER TABLE `jb_functional_areas_translations` ENABLE KEYS */;
UNLOCK TABLES;

--
-- Table structure for table `jb_invoice_items`
--

DROP TABLE IF EXISTS `jb_invoice_items`;
/*!40101 SET @saved_cs_client     = @@character_set_client */;
/*!50503 SET character_set_client = utf8mb4 */;
CREATE TABLE `jb_invoice_items` (
  `id` bigint unsigned NOT NULL AUTO_INCREMENT,
  `invoice_id` bigint unsigned NOT NULL,
  `reference_type` varchar(191) COLLATE utf8mb4_unicode_ci NOT NULL,
  `reference_id` bigint unsigned NOT NULL,
  `name` varchar(191) COLLATE utf8mb4_unicode_ci NOT NULL,
  `description` varchar(191) COLLATE utf8mb4_unicode_ci DEFAULT NULL,
  `image` varchar(191) COLLATE utf8mb4_unicode_ci DEFAULT NULL,
  `qty` int unsigned NOT NULL,
  `sub_total` decimal(15,2) unsigned NOT NULL,
  `tax_amount` decimal(15,2) unsigned NOT NULL DEFAULT '0.00',
  `discount_amount` decimal(15,2) unsigned NOT NULL DEFAULT '0.00',
  `amount` decimal(15,2) unsigned NOT NULL,
  `metadata` text COLLATE utf8mb4_unicode_ci,
  `created_at` timestamp NULL DEFAULT NULL,
  `updated_at` timestamp NULL DEFAULT NULL,
  PRIMARY KEY (`id`),
  KEY `jb_invoice_items_reference_type_reference_id_index` (`reference_type`,`reference_id`)
) ENGINE=InnoDB DEFAULT CHARSET=utf8mb4 COLLATE=utf8mb4_unicode_ci;
/*!40101 SET character_set_client = @saved_cs_client */;

--
-- Dumping data for table `jb_invoice_items`
--

LOCK TABLES `jb_invoice_items` WRITE;
/*!40000 ALTER TABLE `jb_invoice_items` DISABLE KEYS */;
/*!40000 ALTER TABLE `jb_invoice_items` ENABLE KEYS */;
UNLOCK TABLES;

--
-- Table structure for table `jb_invoices`
--

DROP TABLE IF EXISTS `jb_invoices`;
/*!40101 SET @saved_cs_client     = @@character_set_client */;
/*!50503 SET character_set_client = utf8mb4 */;
CREATE TABLE `jb_invoices` (
  `id` bigint unsigned NOT NULL AUTO_INCREMENT,
  `reference_type` varchar(191) COLLATE utf8mb4_unicode_ci NOT NULL,
  `reference_id` bigint unsigned NOT NULL,
  `code` varchar(191) COLLATE utf8mb4_unicode_ci NOT NULL,
  `customer_name` varchar(191) COLLATE utf8mb4_unicode_ci NOT NULL,
  `company_name` varchar(191) COLLATE utf8mb4_unicode_ci DEFAULT NULL,
  `company_logo` varchar(191) COLLATE utf8mb4_unicode_ci DEFAULT NULL,
  `customer_email` varchar(191) COLLATE utf8mb4_unicode_ci NOT NULL,
  `customer_phone` varchar(191) COLLATE utf8mb4_unicode_ci DEFAULT NULL,
  `customer_address` varchar(191) COLLATE utf8mb4_unicode_ci DEFAULT NULL,
  `customer_tax_id` varchar(191) COLLATE utf8mb4_unicode_ci DEFAULT NULL,
  `sub_total` decimal(15,2) unsigned NOT NULL,
  `tax_amount` decimal(15,2) unsigned NOT NULL DEFAULT '0.00',
  `shipping_amount` decimal(15,2) unsigned NOT NULL DEFAULT '0.00',
  `discount_amount` decimal(15,2) unsigned NOT NULL DEFAULT '0.00',
  `amount` decimal(15,2) unsigned NOT NULL,
  `payment_id` int unsigned DEFAULT NULL,
  `status` varchar(191) COLLATE utf8mb4_unicode_ci NOT NULL DEFAULT 'pending',
  `paid_at` timestamp NULL DEFAULT NULL,
  `created_at` timestamp NULL DEFAULT NULL,
  `updated_at` timestamp NULL DEFAULT NULL,
  PRIMARY KEY (`id`),
  UNIQUE KEY `jb_invoices_code_unique` (`code`),
  KEY `jb_invoices_reference_type_reference_id_index` (`reference_type`,`reference_id`),
  KEY `jb_invoices_payment_id_index` (`payment_id`),
  KEY `jb_invoices_status_index` (`status`)
) ENGINE=InnoDB DEFAULT CHARSET=utf8mb4 COLLATE=utf8mb4_unicode_ci;
/*!40101 SET character_set_client = @saved_cs_client */;

--
-- Dumping data for table `jb_invoices`
--

LOCK TABLES `jb_invoices` WRITE;
/*!40000 ALTER TABLE `jb_invoices` DISABLE KEYS */;
/*!40000 ALTER TABLE `jb_invoices` ENABLE KEYS */;
UNLOCK TABLES;

--
-- Table structure for table `jb_job_experiences`
--

DROP TABLE IF EXISTS `jb_job_experiences`;
/*!40101 SET @saved_cs_client     = @@character_set_client */;
/*!50503 SET character_set_client = utf8mb4 */;
CREATE TABLE `jb_job_experiences` (
  `id` bigint unsigned NOT NULL AUTO_INCREMENT,
  `name` varchar(120) COLLATE utf8mb4_unicode_ci NOT NULL,
  `order` tinyint NOT NULL DEFAULT '0',
  `is_default` tinyint unsigned NOT NULL DEFAULT '0',
  `status` varchar(60) COLLATE utf8mb4_unicode_ci NOT NULL DEFAULT 'published',
  `created_at` timestamp NULL DEFAULT NULL,
  `updated_at` timestamp NULL DEFAULT NULL,
  PRIMARY KEY (`id`)
) ENGINE=InnoDB AUTO_INCREMENT=13 DEFAULT CHARSET=utf8mb4 COLLATE=utf8mb4_unicode_ci;
/*!40101 SET character_set_client = @saved_cs_client */;

--
-- Dumping data for table `jb_job_experiences`
--

LOCK TABLES `jb_job_experiences` WRITE;
/*!40000 ALTER TABLE `jb_job_experiences` DISABLE KEYS */;
INSERT INTO `jb_job_experiences` VALUES (1,'Fresh',0,0,'published','2023-06-13 21:34:01','2023-06-13 21:34:01'),(2,'Less Than 1 Year',0,0,'published','2023-06-13 21:34:01','2023-06-13 21:34:01'),(3,'1 Year',0,0,'published','2023-06-13 21:34:01','2023-06-13 21:34:01'),(4,'2 Year',0,0,'published','2023-06-13 21:34:01','2023-06-13 21:34:01'),(5,'3 Year',0,0,'published','2023-06-13 21:34:01','2023-06-13 21:34:01'),(6,'4 Year',0,0,'published','2023-06-13 21:34:01','2023-06-13 21:34:01'),(7,'5 Year',0,0,'published','2023-06-13 21:34:01','2023-06-13 21:34:01'),(8,'6 Year',0,0,'published','2023-06-13 21:34:01','2023-06-13 21:34:01'),(9,'7 Year',0,0,'published','2023-06-13 21:34:01','2023-06-13 21:34:01'),(10,'8 Year',0,0,'published','2023-06-13 21:34:01','2023-06-13 21:34:01'),(11,'9 Year',0,0,'published','2023-06-13 21:34:01','2023-06-13 21:34:01'),(12,'10 Year',0,0,'published','2023-06-13 21:34:01','2023-06-13 21:34:01');
/*!40000 ALTER TABLE `jb_job_experiences` ENABLE KEYS */;
UNLOCK TABLES;

--
-- Table structure for table `jb_job_experiences_translations`
--

DROP TABLE IF EXISTS `jb_job_experiences_translations`;
/*!40101 SET @saved_cs_client     = @@character_set_client */;
/*!50503 SET character_set_client = utf8mb4 */;
CREATE TABLE `jb_job_experiences_translations` (
  `lang_code` varchar(191) COLLATE utf8mb4_unicode_ci NOT NULL,
  `jb_job_experiences_id` bigint unsigned NOT NULL,
  `name` varchar(255) COLLATE utf8mb4_unicode_ci DEFAULT NULL,
  PRIMARY KEY (`lang_code`,`jb_job_experiences_id`)
) ENGINE=InnoDB DEFAULT CHARSET=utf8mb4 COLLATE=utf8mb4_unicode_ci;
/*!40101 SET character_set_client = @saved_cs_client */;

--
-- Dumping data for table `jb_job_experiences_translations`
--

LOCK TABLES `jb_job_experiences_translations` WRITE;
/*!40000 ALTER TABLE `jb_job_experiences_translations` DISABLE KEYS */;
INSERT INTO `jb_job_experiences_translations` VALUES ('vi',1,'Mi'),('vi',2,'Di 1 nm'),('vi',3,'1 Nm'),('vi',4,'2 Nm'),('vi',5,'3 Nm'),('vi',6,'4 Nm'),('vi',7,'5 Nm'),('vi',8,'6 Nm'),('vi',9,'7 Nm'),('vi',10,'8 Nm'),('vi',11,'9 Nm'),('vi',12,'10 Nm');
/*!40000 ALTER TABLE `jb_job_experiences_translations` ENABLE KEYS */;
UNLOCK TABLES;

--
-- Table structure for table `jb_job_shifts`
--

DROP TABLE IF EXISTS `jb_job_shifts`;
/*!40101 SET @saved_cs_client     = @@character_set_client */;
/*!50503 SET character_set_client = utf8mb4 */;
CREATE TABLE `jb_job_shifts` (
  `id` bigint unsigned NOT NULL AUTO_INCREMENT,
  `name` varchar(120) COLLATE utf8mb4_unicode_ci NOT NULL,
  `order` tinyint NOT NULL DEFAULT '0',
  `is_default` tinyint unsigned NOT NULL DEFAULT '0',
  `status` varchar(60) COLLATE utf8mb4_unicode_ci NOT NULL DEFAULT 'published',
  `created_at` timestamp NULL DEFAULT NULL,
  `updated_at` timestamp NULL DEFAULT NULL,
  PRIMARY KEY (`id`)
) ENGINE=InnoDB AUTO_INCREMENT=5 DEFAULT CHARSET=utf8mb4 COLLATE=utf8mb4_unicode_ci;
/*!40101 SET character_set_client = @saved_cs_client */;

--
-- Dumping data for table `jb_job_shifts`
--

LOCK TABLES `jb_job_shifts` WRITE;
/*!40000 ALTER TABLE `jb_job_shifts` DISABLE KEYS */;
INSERT INTO `jb_job_shifts` VALUES (1,'First Shift (Day)',0,0,'published','2023-06-13 21:34:01','2023-06-13 21:34:01'),(2,'Second Shift (Afternoon)',0,0,'published','2023-06-13 21:34:01','2023-06-13 21:34:01'),(3,'Third Shift (Night)',0,0,'published','2023-06-13 21:34:01','2023-06-13 21:34:01'),(4,'Rotating',0,0,'published','2023-06-13 21:34:01','2023-06-13 21:34:01');
/*!40000 ALTER TABLE `jb_job_shifts` ENABLE KEYS */;
UNLOCK TABLES;

--
-- Table structure for table `jb_job_shifts_translations`
--

DROP TABLE IF EXISTS `jb_job_shifts_translations`;
/*!40101 SET @saved_cs_client     = @@character_set_client */;
/*!50503 SET character_set_client = utf8mb4 */;
CREATE TABLE `jb_job_shifts_translations` (
  `lang_code` varchar(191) COLLATE utf8mb4_unicode_ci NOT NULL,
  `jb_job_shifts_id` bigint unsigned NOT NULL,
  `name` varchar(255) COLLATE utf8mb4_unicode_ci DEFAULT NULL,
  PRIMARY KEY (`lang_code`,`jb_job_shifts_id`)
) ENGINE=InnoDB DEFAULT CHARSET=utf8mb4 COLLATE=utf8mb4_unicode_ci;
/*!40101 SET character_set_client = @saved_cs_client */;

--
-- Dumping data for table `jb_job_shifts_translations`
--

LOCK TABLES `jb_job_shifts_translations` WRITE;
/*!40000 ALTER TABLE `jb_job_shifts_translations` DISABLE KEYS */;
/*!40000 ALTER TABLE `jb_job_shifts_translations` ENABLE KEYS */;
UNLOCK TABLES;

--
-- Table structure for table `jb_job_skills`
--

DROP TABLE IF EXISTS `jb_job_skills`;
/*!40101 SET @saved_cs_client     = @@character_set_client */;
/*!50503 SET character_set_client = utf8mb4 */;
CREATE TABLE `jb_job_skills` (
  `id` bigint unsigned NOT NULL AUTO_INCREMENT,
  `name` varchar(120) COLLATE utf8mb4_unicode_ci NOT NULL,
  `order` tinyint NOT NULL DEFAULT '0',
  `is_default` tinyint unsigned NOT NULL DEFAULT '0',
  `status` varchar(60) COLLATE utf8mb4_unicode_ci NOT NULL DEFAULT 'published',
  `created_at` timestamp NULL DEFAULT NULL,
  `updated_at` timestamp NULL DEFAULT NULL,
  PRIMARY KEY (`id`)
) ENGINE=InnoDB AUTO_INCREMENT=13 DEFAULT CHARSET=utf8mb4 COLLATE=utf8mb4_unicode_ci;
/*!40101 SET character_set_client = @saved_cs_client */;

--
-- Dumping data for table `jb_job_skills`
--

LOCK TABLES `jb_job_skills` WRITE;
/*!40000 ALTER TABLE `jb_job_skills` DISABLE KEYS */;
INSERT INTO `jb_job_skills` VALUES (1,'Javascript',0,0,'published','2023-06-13 21:34:01','2023-06-13 21:34:01'),(2,'PHP',0,0,'published','2023-06-13 21:34:01','2023-06-13 21:34:01'),(3,'Python',0,0,'published','2023-06-13 21:34:01','2023-06-13 21:34:01'),(4,'Laravel',0,0,'published','2023-06-13 21:34:01','2023-06-13 21:34:01'),(5,'CakePHP',0,0,'published','2023-06-13 21:34:01','2023-06-13 21:34:01'),(6,'Wordpress',0,0,'published','2023-06-13 21:34:01','2023-06-13 21:34:01'),(7,'JS',0,0,'published','2023-06-13 21:34:01','2023-06-13 21:34:01'),(8,'PHP',0,0,'published','2023-06-13 21:34:01','2023-06-13 21:34:01'),(9,'CSS',0,0,'published','2023-06-13 21:34:01','2023-06-13 21:34:01'),(10,'HTML',0,0,'published','2023-06-13 21:34:01','2023-06-13 21:34:01'),(11,'Laravel',0,0,'published','2023-06-13 21:34:01','2023-06-13 21:34:01'),(12,'WordPress',0,0,'published','2023-06-13 21:34:01','2023-06-13 21:34:01');
/*!40000 ALTER TABLE `jb_job_skills` ENABLE KEYS */;
UNLOCK TABLES;

--
-- Table structure for table `jb_job_skills_translations`
--

DROP TABLE IF EXISTS `jb_job_skills_translations`;
/*!40101 SET @saved_cs_client     = @@character_set_client */;
/*!50503 SET character_set_client = utf8mb4 */;
CREATE TABLE `jb_job_skills_translations` (
  `lang_code` varchar(191) COLLATE utf8mb4_unicode_ci NOT NULL,
  `jb_job_skills_id` bigint unsigned NOT NULL,
  `name` varchar(255) COLLATE utf8mb4_unicode_ci DEFAULT NULL,
  PRIMARY KEY (`lang_code`,`jb_job_skills_id`)
) ENGINE=InnoDB DEFAULT CHARSET=utf8mb4 COLLATE=utf8mb4_unicode_ci;
/*!40101 SET character_set_client = @saved_cs_client */;

--
-- Dumping data for table `jb_job_skills_translations`
--

LOCK TABLES `jb_job_skills_translations` WRITE;
/*!40000 ALTER TABLE `jb_job_skills_translations` DISABLE KEYS */;
/*!40000 ALTER TABLE `jb_job_skills_translations` ENABLE KEYS */;
UNLOCK TABLES;

--
-- Table structure for table `jb_job_types`
--

DROP TABLE IF EXISTS `jb_job_types`;
/*!40101 SET @saved_cs_client     = @@character_set_client */;
/*!50503 SET character_set_client = utf8mb4 */;
CREATE TABLE `jb_job_types` (
  `id` bigint unsigned NOT NULL AUTO_INCREMENT,
  `name` varchar(120) COLLATE utf8mb4_unicode_ci NOT NULL,
  `order` tinyint NOT NULL DEFAULT '0',
  `is_default` tinyint unsigned NOT NULL DEFAULT '0',
  `status` varchar(60) COLLATE utf8mb4_unicode_ci NOT NULL DEFAULT 'published',
  `created_at` timestamp NULL DEFAULT NULL,
  `updated_at` timestamp NULL DEFAULT NULL,
  PRIMARY KEY (`id`)
) ENGINE=InnoDB AUTO_INCREMENT=6 DEFAULT CHARSET=utf8mb4 COLLATE=utf8mb4_unicode_ci;
/*!40101 SET character_set_client = @saved_cs_client */;

--
-- Dumping data for table `jb_job_types`
--

LOCK TABLES `jb_job_types` WRITE;
/*!40000 ALTER TABLE `jb_job_types` DISABLE KEYS */;
INSERT INTO `jb_job_types` VALUES (1,'Contract',0,0,'published','2023-06-13 21:34:01','2023-06-13 21:34:01'),(2,'Freelance',0,0,'published','2023-06-13 21:34:01','2023-06-13 21:34:01'),(3,'Full Time',0,1,'published','2023-06-13 21:34:01','2023-06-13 21:34:01'),(4,'Internship',0,0,'published','2023-06-13 21:34:01','2023-06-13 21:34:01'),(5,'Part Time',0,0,'published','2023-06-13 21:34:01','2023-06-13 21:34:01');
/*!40000 ALTER TABLE `jb_job_types` ENABLE KEYS */;
UNLOCK TABLES;

--
-- Table structure for table `jb_job_types_translations`
--

DROP TABLE IF EXISTS `jb_job_types_translations`;
/*!40101 SET @saved_cs_client     = @@character_set_client */;
/*!50503 SET character_set_client = utf8mb4 */;
CREATE TABLE `jb_job_types_translations` (
  `lang_code` varchar(191) COLLATE utf8mb4_unicode_ci NOT NULL,
  `jb_job_types_id` bigint unsigned NOT NULL,
  `name` varchar(255) COLLATE utf8mb4_unicode_ci DEFAULT NULL,
  PRIMARY KEY (`lang_code`,`jb_job_types_id`)
) ENGINE=InnoDB DEFAULT CHARSET=utf8mb4 COLLATE=utf8mb4_unicode_ci;
/*!40101 SET character_set_client = @saved_cs_client */;

--
-- Dumping data for table `jb_job_types_translations`
--

LOCK TABLES `jb_job_types_translations` WRITE;
/*!40000 ALTER TABLE `jb_job_types_translations` DISABLE KEYS */;
/*!40000 ALTER TABLE `jb_job_types_translations` ENABLE KEYS */;
UNLOCK TABLES;

--
-- Table structure for table `jb_jobs`
--

DROP TABLE IF EXISTS `jb_jobs`;
/*!40101 SET @saved_cs_client     = @@character_set_client */;
/*!50503 SET character_set_client = utf8mb4 */;
CREATE TABLE `jb_jobs` (
  `id` bigint unsigned NOT NULL AUTO_INCREMENT,
  `name` varchar(120) COLLATE utf8mb4_unicode_ci NOT NULL,
  `description` text COLLATE utf8mb4_unicode_ci,
  `content` text COLLATE utf8mb4_unicode_ci,
  `apply_url` varchar(255) COLLATE utf8mb4_unicode_ci DEFAULT NULL,
  `company_id` bigint unsigned DEFAULT NULL,
  `address` varchar(255) COLLATE utf8mb4_unicode_ci DEFAULT NULL,
  `country_id` bigint unsigned DEFAULT '1',
  `state_id` bigint unsigned DEFAULT NULL,
  `city_id` bigint unsigned DEFAULT NULL,
  `is_freelance` tinyint unsigned NOT NULL DEFAULT '0',
  `career_level_id` bigint unsigned DEFAULT NULL,
  `salary_from` decimal(15,2) unsigned DEFAULT NULL,
  `salary_to` decimal(15,2) unsigned DEFAULT NULL,
  `salary_range` varchar(30) COLLATE utf8mb4_unicode_ci NOT NULL DEFAULT 'hour',
  `currency_id` bigint unsigned DEFAULT NULL,
  `degree_level_id` bigint unsigned DEFAULT NULL,
  `job_shift_id` bigint unsigned DEFAULT NULL,
  `job_experience_id` bigint unsigned DEFAULT NULL,
  `functional_area_id` bigint unsigned DEFAULT NULL,
  `hide_salary` tinyint(1) NOT NULL DEFAULT '0',
  `number_of_positions` int unsigned NOT NULL DEFAULT '1',
  `expire_date` date DEFAULT NULL,
  `author_id` bigint unsigned DEFAULT NULL,
  `author_type` varchar(255) COLLATE utf8mb4_unicode_ci NOT NULL DEFAULT 'Botble\\ACL\\Models\\User',
  `views` int unsigned NOT NULL DEFAULT '0',
  `number_of_applied` int unsigned NOT NULL DEFAULT '0',
  `hide_company` tinyint(1) NOT NULL DEFAULT '0',
  `latitude` varchar(25) COLLATE utf8mb4_unicode_ci DEFAULT NULL,
  `longitude` varchar(25) COLLATE utf8mb4_unicode_ci DEFAULT NULL,
  `auto_renew` tinyint(1) NOT NULL DEFAULT '0',
  `external_apply_clicks` int unsigned NOT NULL DEFAULT '0',
  `never_expired` tinyint(1) NOT NULL DEFAULT '0',
  `is_featured` tinyint NOT NULL DEFAULT '0',
  `status` varchar(60) COLLATE utf8mb4_unicode_ci NOT NULL DEFAULT 'published',
  `moderation_status` varchar(60) COLLATE utf8mb4_unicode_ci NOT NULL DEFAULT 'pending',
  `created_at` timestamp NULL DEFAULT NULL,
  `updated_at` timestamp NULL DEFAULT NULL,
  `employer_colleagues` text COLLATE utf8mb4_unicode_ci,
  `start_date` date DEFAULT NULL,
  `application_closing_date` date DEFAULT NULL,
  PRIMARY KEY (`id`)
) ENGINE=InnoDB AUTO_INCREMENT=52 DEFAULT CHARSET=utf8mb4 COLLATE=utf8mb4_unicode_ci;
/*!40101 SET character_set_client = @saved_cs_client */;

--
-- Dumping data for table `jb_jobs`
--

LOCK TABLES `jb_jobs` WRITE;
/*!40000 ALTER TABLE `jb_jobs` DISABLE KEYS */;
INSERT INTO `jb_jobs` VALUES (1,'UI / UX Designer fulltime','Quia minima facere et. Voluptas nisi voluptatibus molestiae. Commodi iure voluptatem facere non omnis.','<h5>Responsibilities</h5>\n                <div>\n                    <p>As a Product Designer, you will work within a Product Delivery Team fused with UX, engineering, product and data talent.</p>\n                    <ul>\n                        <li>Have sound knowledge of commercial activities.</li>\n                        <li>Build next-generation web applications with a focus on the client side</li>\n                        <li>Work on multiple projects at once, and consistently meet draft deadlines</li>\n                        <li>have already graduated or are currently in any year of study</li>\n                        <li>Revise the work of previous designers to create a unified aesthetic for our brand materials</li>\n                    </ul>\n                </div>\n                <h5>Qualification </h5>\n                <div>\n                    <ul>\n                        <li>B.C.A / M.C.A under National University course complete.</li>\n                        <li>3 or more years of professional design experience</li>\n                        <li>have already graduated or are currently in any year of study</li>\n                        <li>Advanced degree or equivalent experience in graphic and web design</li>\n                    </ul>\n                </div>','',10,NULL,1,43,432,0,5,1200.00,2800.00,'yearly',0,3,4,1,139,0,10,'2023-08-11',1,'Botble\\JobBoard\\Models\\Account',0,0,0,'43.278615','-76.409597',0,0,0,1,'published','approved','2023-06-05 17:00:04','2023-06-13 21:34:01',NULL,NULL,NULL),(2,'Full Stack Engineer','Itaque architecto aut quidem reiciendis qui libero soluta natus. Totam alias quo modi molestiae molestias facilis. Dignissimos accusantium non occaecati totam id.','<h5>Responsibilities</h5>\n                <div>\n                    <p>As a Product Designer, you will work within a Product Delivery Team fused with UX, engineering, product and data talent.</p>\n                    <ul>\n                        <li>Have sound knowledge of commercial activities.</li>\n                        <li>Build next-generation web applications with a focus on the client side</li>\n                        <li>Work on multiple projects at once, and consistently meet draft deadlines</li>\n                        <li>have already graduated or are currently in any year of study</li>\n                        <li>Revise the work of previous designers to create a unified aesthetic for our brand materials</li>\n                    </ul>\n                </div>\n                <h5>Qualification </h5>\n                <div>\n                    <ul>\n                        <li>B.C.A / M.C.A under National University course complete.</li>\n                        <li>3 or more years of professional design experience</li>\n                        <li>have already graduated or are currently in any year of study</li>\n                        <li>Advanced degree or equivalent experience in graphic and web design</li>\n                    </ul>\n                </div>','https://google.com',6,NULL,1,6,161,0,2,600.00,2200.00,'monthly',0,4,2,2,32,0,3,'2023-07-03',1,'Botble\\JobBoard\\Models\\Account',0,0,0,'43.904781','-75.218532',0,0,1,0,'published','approved','2023-06-08 12:40:35','2023-06-13 21:34:01',NULL,NULL,NULL),(3,'Java Software Engineer','Ullam neque deleniti asperiores voluptatibus nam ex rerum. Omnis minus qui blanditiis quo voluptatem.','<h5>Responsibilities</h5>\n                <div>\n                    <p>As a Product Designer, you will work within a Product Delivery Team fused with UX, engineering, product and data talent.</p>\n                    <ul>\n                        <li>Have sound knowledge of commercial activities.</li>\n                        <li>Build next-generation web applications with a focus on the client side</li>\n                        <li>Work on multiple projects at once, and consistently meet draft deadlines</li>\n                        <li>have already graduated or are currently in any year of study</li>\n                        <li>Revise the work of previous designers to create a unified aesthetic for our brand materials</li>\n                    </ul>\n                </div>\n                <h5>Qualification </h5>\n                <div>\n                    <ul>\n                        <li>B.C.A / M.C.A under National University course complete.</li>\n                        <li>3 or more years of professional design experience</li>\n                        <li>have already graduated or are currently in any year of study</li>\n                        <li>Advanced degree or equivalent experience in graphic and web design</li>\n                    </ul>\n                </div>','',14,NULL,1,12,206,0,2,500.00,2400.00,'monthly',1,8,4,2,42,0,8,'2023-06-30',1,'Botble\\JobBoard\\Models\\Account',0,0,0,'43.741332','-76.641397',0,0,0,1,'published','approved','2023-04-26 02:05:39','2023-06-13 21:34:01',NULL,NULL,NULL),(4,'Digital Marketing Manager','A est ab ex. Aut quo illo est laborum aperiam maiores. Asperiores est laudantium nihil autem architecto.','<h5>Responsibilities</h5>\n                <div>\n                    <p>As a Product Designer, you will work within a Product Delivery Team fused with UX, engineering, product and data talent.</p>\n                    <ul>\n                        <li>Have sound knowledge of commercial activities.</li>\n                        <li>Build next-generation web applications with a focus on the client side</li>\n                        <li>Work on multiple projects at once, and consistently meet draft deadlines</li>\n                        <li>have already graduated or are currently in any year of study</li>\n                        <li>Revise the work of previous designers to create a unified aesthetic for our brand materials</li>\n                    </ul>\n                </div>\n                <h5>Qualification </h5>\n                <div>\n                    <ul>\n                        <li>B.C.A / M.C.A under National University course complete.</li>\n                        <li>3 or more years of professional design experience</li>\n                        <li>have already graduated or are currently in any year of study</li>\n                        <li>Advanced degree or equivalent experience in graphic and web design</li>\n                    </ul>\n                </div>','',5,NULL,1,6,76,0,1,700.00,2700.00,'monthly',1,6,2,3,103,0,10,'2023-07-31',1,'Botble\\JobBoard\\Models\\Account',0,0,0,'43.429144','-76.038072',0,0,0,0,'published','approved','2023-05-31 07:45:47','2023-06-13 21:34:01',NULL,NULL,NULL),(5,'Frontend Developer','Asperiores cum ratione atque aliquam in fugiat. Aliquid eum voluptatem consequatur sint ea. Et nisi illo doloribus voluptatem saepe.','<h5>Responsibilities</h5>\n                <div>\n                    <p>As a Product Designer, you will work within a Product Delivery Team fused with UX, engineering, product and data talent.</p>\n                    <ul>\n                        <li>Have sound knowledge of commercial activities.</li>\n                        <li>Build next-generation web applications with a focus on the client side</li>\n                        <li>Work on multiple projects at once, and consistently meet draft deadlines</li>\n                        <li>have already graduated or are currently in any year of study</li>\n                        <li>Revise the work of previous designers to create a unified aesthetic for our brand materials</li>\n                    </ul>\n                </div>\n                <h5>Qualification </h5>\n                <div>\n                    <ul>\n                        <li>B.C.A / M.C.A under National University course complete.</li>\n                        <li>3 or more years of professional design experience</li>\n                        <li>have already graduated or are currently in any year of study</li>\n                        <li>Advanced degree or equivalent experience in graphic and web design</li>\n                    </ul>\n                </div>','',7,NULL,1,6,107,0,2,1100.00,2100.00,'weekly',1,4,3,3,109,0,5,'2023-07-22',1,'Botble\\JobBoard\\Models\\Account',0,0,0,'42.570069','-76.229657',0,0,0,1,'published','approved','2023-05-08 22:55:57','2023-06-13 21:34:01',NULL,NULL,NULL),(6,'React Native Web Developer','Dolore ut optio impedit. Incidunt cum consequatur voluptates recusandae molestiae. Cupiditate fugiat aliquid dolorem sed rerum facere est. Porro et et saepe.','<h5>Responsibilities</h5>\n                <div>\n                    <p>As a Product Designer, you will work within a Product Delivery Team fused with UX, engineering, product and data talent.</p>\n                    <ul>\n                        <li>Have sound knowledge of commercial activities.</li>\n                        <li>Build next-generation web applications with a focus on the client side</li>\n                        <li>Work on multiple projects at once, and consistently meet draft deadlines</li>\n                        <li>have already graduated or are currently in any year of study</li>\n                        <li>Revise the work of previous designers to create a unified aesthetic for our brand materials</li>\n                    </ul>\n                </div>\n                <h5>Qualification </h5>\n                <div>\n                    <ul>\n                        <li>B.C.A / M.C.A under National University course complete.</li>\n                        <li>3 or more years of professional design experience</li>\n                        <li>have already graduated or are currently in any year of study</li>\n                        <li>Advanced degree or equivalent experience in graphic and web design</li>\n                    </ul>\n                </div>','',7,NULL,1,6,107,0,5,500.00,2500.00,'hourly',1,8,3,3,86,0,2,'2023-07-02',1,'Botble\\JobBoard\\Models\\Account',0,0,0,'42.570069','-76.229657',0,0,1,0,'published','approved','2023-05-17 13:13:45','2023-06-13 21:34:01',NULL,NULL,NULL),(7,'Senior System Engineer','Sit incidunt voluptates alias aut in reiciendis. Iusto aut tempore tenetur qui id non et veniam. Eligendi qui ut cumque sequi natus amet. Quasi debitis veniam voluptates quasi.','<h5>Responsibilities</h5>\n                <div>\n                    <p>As a Product Designer, you will work within a Product Delivery Team fused with UX, engineering, product and data talent.</p>\n                    <ul>\n                        <li>Have sound knowledge of commercial activities.</li>\n                        <li>Build next-generation web applications with a focus on the client side</li>\n                        <li>Work on multiple projects at once, and consistently meet draft deadlines</li>\n                        <li>have already graduated or are currently in any year of study</li>\n                        <li>Revise the work of previous designers to create a unified aesthetic for our brand materials</li>\n                    </ul>\n                </div>\n                <h5>Qualification </h5>\n                <div>\n                    <ul>\n                        <li>B.C.A / M.C.A under National University course complete.</li>\n                        <li>3 or more years of professional design experience</li>\n                        <li>have already graduated or are currently in any year of study</li>\n                        <li>Advanced degree or equivalent experience in graphic and web design</li>\n                    </ul>\n                </div>','',8,NULL,1,30,352,0,1,1300.00,2200.00,'yearly',0,6,4,5,47,0,6,'2023-07-31',1,'Botble\\JobBoard\\Models\\Account',0,0,0,'43.261514','-76.381485',0,0,1,1,'published','approved','2023-05-09 13:49:14','2023-06-13 21:34:01',NULL,NULL,NULL),(8,'Products Manager','Dolorem dolorem recusandae dicta velit. Et tempore odio beatae quo dolorem fugiat quia. Sed tenetur aut veritatis dolorem voluptas possimus. Ducimus id non reiciendis.','<h5>Responsibilities</h5>\n                <div>\n                    <p>As a Product Designer, you will work within a Product Delivery Team fused with UX, engineering, product and data talent.</p>\n                    <ul>\n                        <li>Have sound knowledge of commercial activities.</li>\n                        <li>Build next-generation web applications with a focus on the client side</li>\n                        <li>Work on multiple projects at once, and consistently meet draft deadlines</li>\n                        <li>have already graduated or are currently in any year of study</li>\n                        <li>Revise the work of previous designers to create a unified aesthetic for our brand materials</li>\n                    </ul>\n                </div>\n                <h5>Qualification </h5>\n                <div>\n                    <ul>\n                        <li>B.C.A / M.C.A under National University course complete.</li>\n                        <li>3 or more years of professional design experience</li>\n                        <li>have already graduated or are currently in any year of study</li>\n                        <li>Advanced degree or equivalent experience in graphic and web design</li>\n                    </ul>\n                </div>','',12,NULL,1,22,295,0,5,1000.00,2700.00,'weekly',0,6,3,4,131,0,5,'2023-07-10',1,'Botble\\JobBoard\\Models\\Account',0,0,0,'43.980954','-75.158964',0,0,0,1,'published','approved','2023-06-03 07:48:38','2023-06-13 21:34:01',NULL,NULL,NULL),(9,'Lead Quality Control QA','Nihil quod maiores quis. Sapiente atque molestiae nam. Ratione recusandae omnis et totam. Error vel molestiae officia incidunt optio est. Et quasi ipsa odio aperiam in ex. Atque fuga aut voluptatem.','<h5>Responsibilities</h5>\n                <div>\n                    <p>As a Product Designer, you will work within a Product Delivery Team fused with UX, engineering, product and data talent.</p>\n                    <ul>\n                        <li>Have sound knowledge of commercial activities.</li>\n                        <li>Build next-generation web applications with a focus on the client side</li>\n                        <li>Work on multiple projects at once, and consistently meet draft deadlines</li>\n                        <li>have already graduated or are currently in any year of study</li>\n                        <li>Revise the work of previous designers to create a unified aesthetic for our brand materials</li>\n                    </ul>\n                </div>\n                <h5>Qualification </h5>\n                <div>\n                    <ul>\n                        <li>B.C.A / M.C.A under National University course complete.</li>\n                        <li>3 or more years of professional design experience</li>\n                        <li>have already graduated or are currently in any year of study</li>\n                        <li>Advanced degree or equivalent experience in graphic and web design</li>\n                    </ul>\n                </div>','',13,NULL,1,25,303,0,5,700.00,2300.00,'hourly',1,4,3,2,106,0,8,'2023-07-10',1,'Botble\\JobBoard\\Models\\Account',0,0,0,'43.823538','-75.077679',0,0,1,0,'published','approved','2023-04-24 21:21:36','2023-06-13 21:34:01',NULL,NULL,NULL),(10,'Principal Designer, Design Systems','Saepe eius aut dicta nulla sunt earum provident. Recusandae illum repellat dolor aut. Est nemo voluptas sit quo. Eaque iure vel vitae suscipit autem sit atque.','<h5>Responsibilities</h5>\n                <div>\n                    <p>As a Product Designer, you will work within a Product Delivery Team fused with UX, engineering, product and data talent.</p>\n                    <ul>\n                        <li>Have sound knowledge of commercial activities.</li>\n                        <li>Build next-generation web applications with a focus on the client side</li>\n                        <li>Work on multiple projects at once, and consistently meet draft deadlines</li>\n                        <li>have already graduated or are currently in any year of study</li>\n                        <li>Revise the work of previous designers to create a unified aesthetic for our brand materials</li>\n                    </ul>\n                </div>\n                <h5>Qualification </h5>\n                <div>\n                    <ul>\n                        <li>B.C.A / M.C.A under National University course complete.</li>\n                        <li>3 or more years of professional design experience</li>\n                        <li>have already graduated or are currently in any year of study</li>\n                        <li>Advanced degree or equivalent experience in graphic and web design</li>\n                    </ul>\n                </div>','',12,NULL,1,22,295,0,4,1500.00,2700.00,'monthly',1,1,2,4,53,0,3,'2023-07-16',1,'Botble\\JobBoard\\Models\\Account',0,0,0,'43.980954','-75.158964',0,0,0,0,'published','approved','2023-05-08 19:29:40','2023-06-13 21:34:01',NULL,NULL,NULL),(11,'DevOps Architect','Et ea sed nihil natus iusto iste ea. Dolorem non quo nulla ipsam officia blanditiis est. Aut aperiam voluptate in veritatis dicta. Officiis nobis quia odio et ut neque doloremque.','<h5>Responsibilities</h5>\n                <div>\n                    <p>As a Product Designer, you will work within a Product Delivery Team fused with UX, engineering, product and data talent.</p>\n                    <ul>\n                        <li>Have sound knowledge of commercial activities.</li>\n                        <li>Build next-generation web applications with a focus on the client side</li>\n                        <li>Work on multiple projects at once, and consistently meet draft deadlines</li>\n                        <li>have already graduated or are currently in any year of study</li>\n                        <li>Revise the work of previous designers to create a unified aesthetic for our brand materials</li>\n                    </ul>\n                </div>\n                <h5>Qualification </h5>\n                <div>\n                    <ul>\n                        <li>B.C.A / M.C.A under National University course complete.</li>\n                        <li>3 or more years of professional design experience</li>\n                        <li>have already graduated or are currently in any year of study</li>\n                        <li>Advanced degree or equivalent experience in graphic and web design</li>\n                    </ul>\n                </div>','',3,NULL,1,51,471,0,5,1400.00,2400.00,'monthly',0,10,2,3,85,0,9,'2023-08-06',1,'Botble\\JobBoard\\Models\\Account',0,0,0,'43.628349','-76.051471',0,0,1,1,'published','approved','2023-06-13 21:04:49','2023-06-13 21:34:01',NULL,NULL,NULL),(12,'Senior Software Engineer, npm CLI','Nisi ad sit quasi possimus provident laboriosam non. Id ipsam placeat deleniti vel ipsa. Eaque sunt quia amet.','<h5>Responsibilities</h5>\n                <div>\n                    <p>As a Product Designer, you will work within a Product Delivery Team fused with UX, engineering, product and data talent.</p>\n                    <ul>\n                        <li>Have sound knowledge of commercial activities.</li>\n                        <li>Build next-generation web applications with a focus on the client side</li>\n                        <li>Work on multiple projects at once, and consistently meet draft deadlines</li>\n                        <li>have already graduated or are currently in any year of study</li>\n                        <li>Revise the work of previous designers to create a unified aesthetic for our brand materials</li>\n                    </ul>\n                </div>\n                <h5>Qualification </h5>\n                <div>\n                    <ul>\n                        <li>B.C.A / M.C.A under National University course complete.</li>\n                        <li>3 or more years of professional design experience</li>\n                        <li>have already graduated or are currently in any year of study</li>\n                        <li>Advanced degree or equivalent experience in graphic and web design</li>\n                    </ul>\n                </div>','',9,NULL,1,6,31,0,1,900.00,2100.00,'weekly',1,1,2,3,43,0,10,'2023-08-06',1,'Botble\\JobBoard\\Models\\Account',0,0,0,'43.782983','-75.38935',0,0,0,1,'published','approved','2023-05-28 20:07:23','2023-06-13 21:34:01',NULL,NULL,NULL),(13,'Senior Systems Engineer','Ipsa illo impedit rerum sunt nam. Et voluptatem eaque ut dolores qui est at. Dolorum consequatur eos et natus. Quia quo eius autem.','<h5>Responsibilities</h5>\n                <div>\n                    <p>As a Product Designer, you will work within a Product Delivery Team fused with UX, engineering, product and data talent.</p>\n                    <ul>\n                        <li>Have sound knowledge of commercial activities.</li>\n                        <li>Build next-generation web applications with a focus on the client side</li>\n                        <li>Work on multiple projects at once, and consistently meet draft deadlines</li>\n                        <li>have already graduated or are currently in any year of study</li>\n                        <li>Revise the work of previous designers to create a unified aesthetic for our brand materials</li>\n                    </ul>\n                </div>\n                <h5>Qualification </h5>\n                <div>\n                    <ul>\n                        <li>B.C.A / M.C.A under National University course complete.</li>\n                        <li>3 or more years of professional design experience</li>\n                        <li>have already graduated or are currently in any year of study</li>\n                        <li>Advanced degree or equivalent experience in graphic and web design</li>\n                    </ul>\n                </div>','',5,NULL,1,6,76,0,3,600.00,2700.00,'monthly',0,4,4,5,101,0,7,'2023-07-05',1,'Botble\\JobBoard\\Models\\Account',0,0,0,'43.429144','-76.038072',0,0,1,0,'published','approved','2023-04-22 21:42:33','2023-06-13 21:34:01',NULL,NULL,NULL),(14,'Software Engineer Actions Platform','Corporis deleniti magnam quis iste ipsum. Beatae exercitationem modi non. Quo reprehenderit maxime ex exercitationem.','<h5>Responsibilities</h5>\n                <div>\n                    <p>As a Product Designer, you will work within a Product Delivery Team fused with UX, engineering, product and data talent.</p>\n                    <ul>\n                        <li>Have sound knowledge of commercial activities.</li>\n                        <li>Build next-generation web applications with a focus on the client side</li>\n                        <li>Work on multiple projects at once, and consistently meet draft deadlines</li>\n                        <li>have already graduated or are currently in any year of study</li>\n                        <li>Revise the work of previous designers to create a unified aesthetic for our brand materials</li>\n                    </ul>\n                </div>\n                <h5>Qualification </h5>\n                <div>\n                    <ul>\n                        <li>B.C.A / M.C.A under National University course complete.</li>\n                        <li>3 or more years of professional design experience</li>\n                        <li>have already graduated or are currently in any year of study</li>\n                        <li>Advanced degree or equivalent experience in graphic and web design</li>\n                    </ul>\n                </div>','',11,NULL,1,47,448,0,4,1300.00,2200.00,'yearly',0,8,4,1,78,0,6,'2023-06-29',1,'Botble\\JobBoard\\Models\\Account',0,0,0,'43.598887','-76.059345',0,0,1,0,'published','approved','2023-05-26 10:25:21','2023-06-13 21:34:01',NULL,NULL,NULL),(15,'Staff Engineering Manager, Actions','Soluta occaecati rem velit aliquam nobis corrupti numquam. Dolorum earum temporibus iusto vel itaque ut cumque. Dolorem soluta ratione quod pariatur. Provident cum alias sunt.','<h5>Responsibilities</h5>\n                <div>\n                    <p>As a Product Designer, you will work within a Product Delivery Team fused with UX, engineering, product and data talent.</p>\n                    <ul>\n                        <li>Have sound knowledge of commercial activities.</li>\n                        <li>Build next-generation web applications with a focus on the client side</li>\n                        <li>Work on multiple projects at once, and consistently meet draft deadlines</li>\n                        <li>have already graduated or are currently in any year of study</li>\n                        <li>Revise the work of previous designers to create a unified aesthetic for our brand materials</li>\n                    </ul>\n                </div>\n                <h5>Qualification </h5>\n                <div>\n                    <ul>\n                        <li>B.C.A / M.C.A under National University course complete.</li>\n                        <li>3 or more years of professional design experience</li>\n                        <li>have already graduated or are currently in any year of study</li>\n                        <li>Advanced degree or equivalent experience in graphic and web design</li>\n                    </ul>\n                </div>','',6,NULL,1,6,161,0,3,1000.00,2200.00,'monthly',0,5,1,4,89,0,8,'2023-07-14',1,'Botble\\JobBoard\\Models\\Account',0,0,0,'43.904781','-75.218532',0,0,0,0,'published','approved','2023-05-31 22:08:38','2023-06-13 21:34:01',NULL,NULL,NULL),(16,'Staff Engineering Manager: Actions Runtime','Consectetur ab tempora minima expedita quis. Quo vitae sit perferendis quisquam. Occaecati sed soluta consequatur libero aliquid facere expedita.','<h5>Responsibilities</h5>\n                <div>\n                    <p>As a Product Designer, you will work within a Product Delivery Team fused with UX, engineering, product and data talent.</p>\n                    <ul>\n                        <li>Have sound knowledge of commercial activities.</li>\n                        <li>Build next-generation web applications with a focus on the client side</li>\n                        <li>Work on multiple projects at once, and consistently meet draft deadlines</li>\n                        <li>have already graduated or are currently in any year of study</li>\n                        <li>Revise the work of previous designers to create a unified aesthetic for our brand materials</li>\n                    </ul>\n                </div>\n                <h5>Qualification </h5>\n                <div>\n                    <ul>\n                        <li>B.C.A / M.C.A under National University course complete.</li>\n                        <li>3 or more years of professional design experience</li>\n                        <li>have already graduated or are currently in any year of study</li>\n                        <li>Advanced degree or equivalent experience in graphic and web design</li>\n                    </ul>\n                </div>','',16,NULL,1,22,297,0,2,500.00,2700.00,'hourly',0,9,2,3,34,0,7,'2023-07-01',1,'Botble\\JobBoard\\Models\\Account',0,0,0,'42.593889','-75.835968',0,0,0,0,'published','approved','2023-06-01 04:46:48','2023-06-13 21:34:01',NULL,NULL,NULL),(17,'Staff Engineering Manager, Packages','Consequatur soluta sit adipisci aspernatur iste. Ut quam aut impedit doloremque. Fugiat et dignissimos velit sit ut perferendis.','<h5>Responsibilities</h5>\n                <div>\n                    <p>As a Product Designer, you will work within a Product Delivery Team fused with UX, engineering, product and data talent.</p>\n                    <ul>\n                        <li>Have sound knowledge of commercial activities.</li>\n                        <li>Build next-generation web applications with a focus on the client side</li>\n                        <li>Work on multiple projects at once, and consistently meet draft deadlines</li>\n                        <li>have already graduated or are currently in any year of study</li>\n                        <li>Revise the work of previous designers to create a unified aesthetic for our brand materials</li>\n                    </ul>\n                </div>\n                <h5>Qualification </h5>\n                <div>\n                    <ul>\n                        <li>B.C.A / M.C.A under National University course complete.</li>\n                        <li>3 or more years of professional design experience</li>\n                        <li>have already graduated or are currently in any year of study</li>\n                        <li>Advanced degree or equivalent experience in graphic and web design</li>\n                    </ul>\n                </div>','',1,NULL,1,16,251,0,5,800.00,2300.00,'hourly',0,8,4,4,94,0,2,'2023-06-25',1,'Botble\\JobBoard\\Models\\Account',0,0,0,'42.752831','-75.022519',0,0,1,1,'published','approved','2023-05-08 08:05:13','2023-06-13 21:34:01',NULL,NULL,NULL),(18,'Staff Software Engineer','Ratione architecto doloremque quos adipisci modi. Quas id pariatur saepe et. Ut quod non deleniti perspiciatis saepe debitis nam.','<h5>Responsibilities</h5>\n                <div>\n                    <p>As a Product Designer, you will work within a Product Delivery Team fused with UX, engineering, product and data talent.</p>\n                    <ul>\n                        <li>Have sound knowledge of commercial activities.</li>\n                        <li>Build next-generation web applications with a focus on the client side</li>\n                        <li>Work on multiple projects at once, and consistently meet draft deadlines</li>\n                        <li>have already graduated or are currently in any year of study</li>\n                        <li>Revise the work of previous designers to create a unified aesthetic for our brand materials</li>\n                    </ul>\n                </div>\n                <h5>Qualification </h5>\n                <div>\n                    <ul>\n                        <li>B.C.A / M.C.A under National University course complete.</li>\n                        <li>3 or more years of professional design experience</li>\n                        <li>have already graduated or are currently in any year of study</li>\n                        <li>Advanced degree or equivalent experience in graphic and web design</li>\n                    </ul>\n                </div>','',5,NULL,1,6,76,0,5,1100.00,2800.00,'monthly',0,2,3,2,148,0,10,'2023-07-24',1,'Botble\\JobBoard\\Models\\Account',0,0,0,'43.429144','-76.038072',0,0,1,1,'published','approved','2023-05-18 12:40:27','2023-06-13 21:34:01',NULL,NULL,NULL),(19,'Systems Software Engineer','Omnis ut voluptas eaque cum commodi. Sunt consequatur odit fugiat cum voluptate exercitationem a velit. Et voluptatum ipsum nulla in sequi aut qui.','<h5>Responsibilities</h5>\n                <div>\n                    <p>As a Product Designer, you will work within a Product Delivery Team fused with UX, engineering, product and data talent.</p>\n                    <ul>\n                        <li>Have sound knowledge of commercial activities.</li>\n                        <li>Build next-generation web applications with a focus on the client side</li>\n                        <li>Work on multiple projects at once, and consistently meet draft deadlines</li>\n                        <li>have already graduated or are currently in any year of study</li>\n                        <li>Revise the work of previous designers to create a unified aesthetic for our brand materials</li>\n                    </ul>\n                </div>\n                <h5>Qualification </h5>\n                <div>\n                    <ul>\n                        <li>B.C.A / M.C.A under National University course complete.</li>\n                        <li>3 or more years of professional design experience</li>\n                        <li>have already graduated or are currently in any year of study</li>\n                        <li>Advanced degree or equivalent experience in graphic and web design</li>\n                    </ul>\n                </div>','',6,NULL,1,6,161,0,3,1500.00,3000.00,'hourly',0,7,4,4,1,0,7,'2023-07-16',1,'Botble\\JobBoard\\Models\\Account',0,0,0,'43.904781','-75.218532',0,0,0,0,'published','approved','2023-05-05 20:18:03','2023-06-13 21:34:01',NULL,NULL,NULL),(20,'Senior Compensation Analyst','Enim soluta quia aliquid repellendus quae et. Voluptatem reiciendis aut qui officia. Voluptatibus ad a illo hic.','<h5>Responsibilities</h5>\n                <div>\n                    <p>As a Product Designer, you will work within a Product Delivery Team fused with UX, engineering, product and data talent.</p>\n                    <ul>\n                        <li>Have sound knowledge of commercial activities.</li>\n                        <li>Build next-generation web applications with a focus on the client side</li>\n                        <li>Work on multiple projects at once, and consistently meet draft deadlines</li>\n                        <li>have already graduated or are currently in any year of study</li>\n                        <li>Revise the work of previous designers to create a unified aesthetic for our brand materials</li>\n                    </ul>\n                </div>\n                <h5>Qualification </h5>\n                <div>\n                    <ul>\n                        <li>B.C.A / M.C.A under National University course complete.</li>\n                        <li>3 or more years of professional design experience</li>\n                        <li>have already graduated or are currently in any year of study</li>\n                        <li>Advanced degree or equivalent experience in graphic and web design</li>\n                    </ul>\n                </div>','',11,NULL,1,47,448,0,4,800.00,2700.00,'weekly',0,1,1,2,45,0,2,'2023-06-20',1,'Botble\\JobBoard\\Models\\Account',0,0,0,'43.598887','-76.059345',0,0,1,1,'published','approved','2023-06-07 19:07:13','2023-06-13 21:34:01',NULL,NULL,NULL),(21,'Senior Accessibility Program Manager','Libero facere voluptas sit magnam temporibus rem nemo. Est voluptas libero nam delectus esse. Et ut ea consequuntur cumque nostrum. Ea eos eaque veritatis molestias ut nisi aut.','<h5>Responsibilities</h5>\n                <div>\n                    <p>As a Product Designer, you will work within a Product Delivery Team fused with UX, engineering, product and data talent.</p>\n                    <ul>\n                        <li>Have sound knowledge of commercial activities.</li>\n                        <li>Build next-generation web applications with a focus on the client side</li>\n                        <li>Work on multiple projects at once, and consistently meet draft deadlines</li>\n                        <li>have already graduated or are currently in any year of study</li>\n                        <li>Revise the work of previous designers to create a unified aesthetic for our brand materials</li>\n                    </ul>\n                </div>\n                <h5>Qualification </h5>\n                <div>\n                    <ul>\n                        <li>B.C.A / M.C.A under National University course complete.</li>\n                        <li>3 or more years of professional design experience</li>\n                        <li>have already graduated or are currently in any year of study</li>\n                        <li>Advanced degree or equivalent experience in graphic and web design</li>\n                    </ul>\n                </div>','',1,NULL,1,16,251,0,5,1000.00,2000.00,'weekly',1,2,1,3,154,0,8,'2023-06-28',1,'Botble\\JobBoard\\Models\\Account',0,0,0,'42.752831','-75.022519',0,0,0,0,'published','approved','2023-04-25 16:46:25','2023-06-13 21:34:01',NULL,NULL,NULL),(22,'Analyst Relations Manager, Application Security','Officiis consequatur voluptatem dolor mollitia consequatur provident. Esse inventore nemo delectus et. Voluptatem numquam odio voluptate vel voluptas.','<h5>Responsibilities</h5>\n                <div>\n                    <p>As a Product Designer, you will work within a Product Delivery Team fused with UX, engineering, product and data talent.</p>\n                    <ul>\n                        <li>Have sound knowledge of commercial activities.</li>\n                        <li>Build next-generation web applications with a focus on the client side</li>\n                        <li>Work on multiple projects at once, and consistently meet draft deadlines</li>\n                        <li>have already graduated or are currently in any year of study</li>\n                        <li>Revise the work of previous designers to create a unified aesthetic for our brand materials</li>\n                    </ul>\n                </div>\n                <h5>Qualification </h5>\n                <div>\n                    <ul>\n                        <li>B.C.A / M.C.A under National University course complete.</li>\n                        <li>3 or more years of professional design experience</li>\n                        <li>have already graduated or are currently in any year of study</li>\n                        <li>Advanced degree or equivalent experience in graphic and web design</li>\n                    </ul>\n                </div>','',14,NULL,1,12,206,0,5,900.00,2000.00,'hourly',0,6,1,1,133,0,2,'2023-06-22',1,'Botble\\JobBoard\\Models\\Account',0,0,0,'43.741332','-76.641397',0,0,0,0,'published','approved','2023-06-02 10:01:45','2023-06-13 21:34:02',NULL,NULL,NULL),(23,'Senior Enterprise Advocate, EMEA','Iste id corrupti voluptate aspernatur aut quae. Soluta iusto quod facere numquam fuga odio. Et rerum sed explicabo quia et. Ut rem sequi facilis ipsam.','<h5>Responsibilities</h5>\n                <div>\n                    <p>As a Product Designer, you will work within a Product Delivery Team fused with UX, engineering, product and data talent.</p>\n                    <ul>\n                        <li>Have sound knowledge of commercial activities.</li>\n                        <li>Build next-generation web applications with a focus on the client side</li>\n                        <li>Work on multiple projects at once, and consistently meet draft deadlines</li>\n                        <li>have already graduated or are currently in any year of study</li>\n                        <li>Revise the work of previous designers to create a unified aesthetic for our brand materials</li>\n                    </ul>\n                </div>\n                <h5>Qualification </h5>\n                <div>\n                    <ul>\n                        <li>B.C.A / M.C.A under National University course complete.</li>\n                        <li>3 or more years of professional design experience</li>\n                        <li>have already graduated or are currently in any year of study</li>\n                        <li>Advanced degree or equivalent experience in graphic and web design</li>\n                    </ul>\n                </div>','',12,NULL,1,22,295,0,1,1300.00,2200.00,'hourly',0,3,4,1,91,0,5,'2023-07-01',1,'Botble\\JobBoard\\Models\\Account',0,0,0,'43.980954','-75.158964',0,0,1,0,'published','approved','2023-06-04 22:08:22','2023-06-13 21:34:02',NULL,NULL,NULL),(24,'Deal Desk Manager','Dolor non nulla saepe hic quasi beatae. Repudiandae dignissimos quis voluptatibus cumque. Voluptatem aut nemo modi excepturi.','<h5>Responsibilities</h5>\n                <div>\n                    <p>As a Product Designer, you will work within a Product Delivery Team fused with UX, engineering, product and data talent.</p>\n                    <ul>\n                        <li>Have sound knowledge of commercial activities.</li>\n                        <li>Build next-generation web applications with a focus on the client side</li>\n                        <li>Work on multiple projects at once, and consistently meet draft deadlines</li>\n                        <li>have already graduated or are currently in any year of study</li>\n                        <li>Revise the work of previous designers to create a unified aesthetic for our brand materials</li>\n                    </ul>\n                </div>\n                <h5>Qualification </h5>\n                <div>\n                    <ul>\n                        <li>B.C.A / M.C.A under National University course complete.</li>\n                        <li>3 or more years of professional design experience</li>\n                        <li>have already graduated or are currently in any year of study</li>\n                        <li>Advanced degree or equivalent experience in graphic and web design</li>\n                    </ul>\n                </div>','',7,NULL,1,6,107,0,3,500.00,2200.00,'hourly',1,3,2,4,126,0,6,'2023-06-20',1,'Botble\\JobBoard\\Models\\Account',0,0,0,'42.570069','-76.229657',0,0,0,0,'published','approved','2023-05-06 09:10:28','2023-06-13 21:34:02',NULL,NULL,NULL),(25,'Director, Revenue Compensation','Nihil odit qui modi et aut. Laborum sint quia ducimus commodi a omnis. Quisquam optio beatae excepturi fuga saepe iste. Omnis ipsa officia consequatur aperiam soluta qui. Occaecati magni est quidem.','<h5>Responsibilities</h5>\n                <div>\n                    <p>As a Product Designer, you will work within a Product Delivery Team fused with UX, engineering, product and data talent.</p>\n                    <ul>\n                        <li>Have sound knowledge of commercial activities.</li>\n                        <li>Build next-generation web applications with a focus on the client side</li>\n                        <li>Work on multiple projects at once, and consistently meet draft deadlines</li>\n                        <li>have already graduated or are currently in any year of study</li>\n                        <li>Revise the work of previous designers to create a unified aesthetic for our brand materials</li>\n                    </ul>\n                </div>\n                <h5>Qualification </h5>\n                <div>\n                    <ul>\n                        <li>B.C.A / M.C.A under National University course complete.</li>\n                        <li>3 or more years of professional design experience</li>\n                        <li>have already graduated or are currently in any year of study</li>\n                        <li>Advanced degree or equivalent experience in graphic and web design</li>\n                    </ul>\n                </div>','',1,NULL,1,16,251,0,5,1000.00,2700.00,'monthly',1,2,2,4,150,0,7,'2023-06-27',1,'Botble\\JobBoard\\Models\\Account',0,0,0,'42.752831','-75.022519',0,0,1,0,'published','approved','2023-05-03 03:48:44','2023-06-13 21:34:02',NULL,NULL,NULL),(26,'Program Manager','Praesentium quo ab rerum sit. Tempora expedita et quia et velit nisi quod accusamus. Ea sunt reiciendis rerum impedit. Dolores similique tenetur quam ut veritatis.','<h5>Responsibilities</h5>\n                <div>\n                    <p>As a Product Designer, you will work within a Product Delivery Team fused with UX, engineering, product and data talent.</p>\n                    <ul>\n                        <li>Have sound knowledge of commercial activities.</li>\n                        <li>Build next-generation web applications with a focus on the client side</li>\n                        <li>Work on multiple projects at once, and consistently meet draft deadlines</li>\n                        <li>have already graduated or are currently in any year of study</li>\n                        <li>Revise the work of previous designers to create a unified aesthetic for our brand materials</li>\n                    </ul>\n                </div>\n                <h5>Qualification </h5>\n                <div>\n                    <ul>\n                        <li>B.C.A / M.C.A under National University course complete.</li>\n                        <li>3 or more years of professional design experience</li>\n                        <li>have already graduated or are currently in any year of study</li>\n                        <li>Advanced degree or equivalent experience in graphic and web design</li>\n                    </ul>\n                </div>','',11,NULL,1,47,448,0,2,1000.00,2000.00,'monthly',0,4,4,1,150,0,4,'2023-07-27',1,'Botble\\JobBoard\\Models\\Account',0,0,0,'43.598887','-76.059345',0,0,1,1,'published','approved','2023-04-19 11:12:12','2023-06-13 21:34:02',NULL,NULL,NULL),(27,'Sr. Manager, Deal Desk - INTL','Voluptatem est tempora sed itaque alias praesentium. Architecto vero nobis eum. Voluptas et at ipsum. Totam recusandae possimus quibusdam sint cumque perspiciatis suscipit.','<h5>Responsibilities</h5>\n                <div>\n                    <p>As a Product Designer, you will work within a Product Delivery Team fused with UX, engineering, product and data talent.</p>\n                    <ul>\n                        <li>Have sound knowledge of commercial activities.</li>\n                        <li>Build next-generation web applications with a focus on the client side</li>\n                        <li>Work on multiple projects at once, and consistently meet draft deadlines</li>\n                        <li>have already graduated or are currently in any year of study</li>\n                        <li>Revise the work of previous designers to create a unified aesthetic for our brand materials</li>\n                    </ul>\n                </div>\n                <h5>Qualification </h5>\n                <div>\n                    <ul>\n                        <li>B.C.A / M.C.A under National University course complete.</li>\n                        <li>3 or more years of professional design experience</li>\n                        <li>have already graduated or are currently in any year of study</li>\n                        <li>Advanced degree or equivalent experience in graphic and web design</li>\n                    </ul>\n                </div>','',2,NULL,1,6,58,0,5,1500.00,2600.00,'weekly',0,3,2,1,49,0,4,'2023-06-28',1,'Botble\\JobBoard\\Models\\Account',0,0,0,'43.938456','-76.242118',0,0,1,0,'published','approved','2023-05-26 16:13:04','2023-06-13 21:34:02',NULL,NULL,NULL),(28,'Senior Director, Product Management, Actions Runners and Compute Services','Quae qui numquam dolore omnis dolor quidem asperiores aut. Ipsam nesciunt nisi excepturi autem optio velit.','<h5>Responsibilities</h5>\n                <div>\n                    <p>As a Product Designer, you will work within a Product Delivery Team fused with UX, engineering, product and data talent.</p>\n                    <ul>\n                        <li>Have sound knowledge of commercial activities.</li>\n                        <li>Build next-generation web applications with a focus on the client side</li>\n                        <li>Work on multiple projects at once, and consistently meet draft deadlines</li>\n                        <li>have already graduated or are currently in any year of study</li>\n                        <li>Revise the work of previous designers to create a unified aesthetic for our brand materials</li>\n                    </ul>\n                </div>\n                <h5>Qualification </h5>\n                <div>\n                    <ul>\n                        <li>B.C.A / M.C.A under National University course complete.</li>\n                        <li>3 or more years of professional design experience</li>\n                        <li>have already graduated or are currently in any year of study</li>\n                        <li>Advanced degree or equivalent experience in graphic and web design</li>\n                    </ul>\n                </div>','',14,NULL,1,12,206,0,1,800.00,2800.00,'weekly',1,7,4,2,149,0,4,'2023-07-12',1,'Botble\\JobBoard\\Models\\Account',0,0,0,'43.741332','-76.641397',0,0,0,1,'published','approved','2023-04-18 10:13:43','2023-06-13 21:34:02',NULL,NULL,NULL),(29,'Alliances Director','Quaerat asperiores ratione excepturi quae sequi nisi. Qui nisi accusamus delectus cum ut cupiditate consectetur et. Consequatur est et quidem officia ducimus quisquam.','<h5>Responsibilities</h5>\n                <div>\n                    <p>As a Product Designer, you will work within a Product Delivery Team fused with UX, engineering, product and data talent.</p>\n                    <ul>\n                        <li>Have sound knowledge of commercial activities.</li>\n                        <li>Build next-generation web applications with a focus on the client side</li>\n                        <li>Work on multiple projects at once, and consistently meet draft deadlines</li>\n                        <li>have already graduated or are currently in any year of study</li>\n                        <li>Revise the work of previous designers to create a unified aesthetic for our brand materials</li>\n                    </ul>\n                </div>\n                <h5>Qualification </h5>\n                <div>\n                    <ul>\n                        <li>B.C.A / M.C.A under National University course complete.</li>\n                        <li>3 or more years of professional design experience</li>\n                        <li>have already graduated or are currently in any year of study</li>\n                        <li>Advanced degree or equivalent experience in graphic and web design</li>\n                    </ul>\n                </div>','',15,NULL,1,12,224,0,2,1500.00,2400.00,'weekly',1,9,1,5,125,0,2,'2023-06-26',1,'Botble\\JobBoard\\Models\\Account',0,0,0,'42.784333','-74.801152',0,0,1,1,'published','approved','2023-05-25 05:15:38','2023-06-13 21:34:02',NULL,NULL,NULL),(30,'Corporate Sales Representative','Hic non aut omnis perferendis nihil possimus ut inventore. Ex dolores error modi ratione adipisci amet amet et. Dicta ut nihil laudantium sed error.','<h5>Responsibilities</h5>\n                <div>\n                    <p>As a Product Designer, you will work within a Product Delivery Team fused with UX, engineering, product and data talent.</p>\n                    <ul>\n                        <li>Have sound knowledge of commercial activities.</li>\n                        <li>Build next-generation web applications with a focus on the client side</li>\n                        <li>Work on multiple projects at once, and consistently meet draft deadlines</li>\n                        <li>have already graduated or are currently in any year of study</li>\n                        <li>Revise the work of previous designers to create a unified aesthetic for our brand materials</li>\n                    </ul>\n                </div>\n                <h5>Qualification </h5>\n                <div>\n                    <ul>\n                        <li>B.C.A / M.C.A under National University course complete.</li>\n                        <li>3 or more years of professional design experience</li>\n                        <li>have already graduated or are currently in any year of study</li>\n                        <li>Advanced degree or equivalent experience in graphic and web design</li>\n                    </ul>\n                </div>','',6,NULL,1,6,161,0,4,800.00,2700.00,'yearly',0,1,4,4,17,0,7,'2023-07-07',1,'Botble\\JobBoard\\Models\\Account',0,0,0,'43.904781','-75.218532',0,0,1,0,'published','approved','2023-05-10 13:13:39','2023-06-13 21:34:02',NULL,NULL,NULL),(31,'Country Leader','Sed non consequatur cumque tempora fuga occaecati reprehenderit qui. Cumque facilis sapiente inventore officia.','<h5>Responsibilities</h5>\n                <div>\n                    <p>As a Product Designer, you will work within a Product Delivery Team fused with UX, engineering, product and data talent.</p>\n                    <ul>\n                        <li>Have sound knowledge of commercial activities.</li>\n                        <li>Build next-generation web applications with a focus on the client side</li>\n                        <li>Work on multiple projects at once, and consistently meet draft deadlines</li>\n                        <li>have already graduated or are currently in any year of study</li>\n                        <li>Revise the work of previous designers to create a unified aesthetic for our brand materials</li>\n                    </ul>\n                </div>\n                <h5>Qualification </h5>\n                <div>\n                    <ul>\n                        <li>B.C.A / M.C.A under National University course complete.</li>\n                        <li>3 or more years of professional design experience</li>\n                        <li>have already graduated or are currently in any year of study</li>\n                        <li>Advanced degree or equivalent experience in graphic and web design</li>\n                    </ul>\n                </div>','',8,NULL,1,30,352,0,1,900.00,2200.00,'monthly',1,6,4,3,113,0,7,'2023-08-11',1,'Botble\\JobBoard\\Models\\Account',0,0,0,'43.261514','-76.381485',0,0,1,1,'published','approved','2023-05-15 18:31:50','2023-06-13 21:34:02',NULL,NULL,NULL),(32,'Customer Success Architect','Assumenda sit quia quibusdam eius eaque quia et. Facere possimus minus iusto laudantium accusamus aut. Necessitatibus dicta in doloremque vero officiis.','<h5>Responsibilities</h5>\n                <div>\n                    <p>As a Product Designer, you will work within a Product Delivery Team fused with UX, engineering, product and data talent.</p>\n                    <ul>\n                        <li>Have sound knowledge of commercial activities.</li>\n                        <li>Build next-generation web applications with a focus on the client side</li>\n                        <li>Work on multiple projects at once, and consistently meet draft deadlines</li>\n                        <li>have already graduated or are currently in any year of study</li>\n                        <li>Revise the work of previous designers to create a unified aesthetic for our brand materials</li>\n                    </ul>\n                </div>\n                <h5>Qualification </h5>\n                <div>\n                    <ul>\n                        <li>B.C.A / M.C.A under National University course complete.</li>\n                        <li>3 or more years of professional design experience</li>\n                        <li>have already graduated or are currently in any year of study</li>\n                        <li>Advanced degree or equivalent experience in graphic and web design</li>\n                    </ul>\n                </div>','',4,NULL,1,26,317,0,3,1300.00,2000.00,'monthly',0,3,1,1,151,0,4,'2023-07-03',1,'Botble\\JobBoard\\Models\\Account',0,0,0,'43.940715','-75.606245',0,0,1,1,'published','approved','2023-05-04 05:41:21','2023-06-13 21:34:02',NULL,NULL,NULL),(33,'DevOps Account Executive - US Public Sector','Qui architecto velit laborum quis magni. Magnam rem enim non consequatur consequuntur et. Voluptatem labore est voluptatem atque.','<h5>Responsibilities</h5>\n                <div>\n                    <p>As a Product Designer, you will work within a Product Delivery Team fused with UX, engineering, product and data talent.</p>\n                    <ul>\n                        <li>Have sound knowledge of commercial activities.</li>\n                        <li>Build next-generation web applications with a focus on the client side</li>\n                        <li>Work on multiple projects at once, and consistently meet draft deadlines</li>\n                        <li>have already graduated or are currently in any year of study</li>\n                        <li>Revise the work of previous designers to create a unified aesthetic for our brand materials</li>\n                    </ul>\n                </div>\n                <h5>Qualification </h5>\n                <div>\n                    <ul>\n                        <li>B.C.A / M.C.A under National University course complete.</li>\n                        <li>3 or more years of professional design experience</li>\n                        <li>have already graduated or are currently in any year of study</li>\n                        <li>Advanced degree or equivalent experience in graphic and web design</li>\n                    </ul>\n                </div>','',8,NULL,1,30,352,0,1,800.00,2300.00,'monthly',0,10,3,4,71,0,2,'2023-06-22',1,'Botble\\JobBoard\\Models\\Account',0,0,0,'43.261514','-76.381485',0,0,0,0,'published','approved','2023-05-23 01:37:13','2023-06-13 21:34:02',NULL,NULL,NULL),(34,'Enterprise Account Executive','Itaque asperiores ipsa corporis voluptatem sit accusantium. Accusamus tempore et cum quis dolor corrupti nostrum. Qui voluptatem vel error est neque impedit ad.','<h5>Responsibilities</h5>\n                <div>\n                    <p>As a Product Designer, you will work within a Product Delivery Team fused with UX, engineering, product and data talent.</p>\n                    <ul>\n                        <li>Have sound knowledge of commercial activities.</li>\n                        <li>Build next-generation web applications with a focus on the client side</li>\n                        <li>Work on multiple projects at once, and consistently meet draft deadlines</li>\n                        <li>have already graduated or are currently in any year of study</li>\n                        <li>Revise the work of previous designers to create a unified aesthetic for our brand materials</li>\n                    </ul>\n                </div>\n                <h5>Qualification </h5>\n                <div>\n                    <ul>\n                        <li>B.C.A / M.C.A under National University course complete.</li>\n                        <li>3 or more years of professional design experience</li>\n                        <li>have already graduated or are currently in any year of study</li>\n                        <li>Advanced degree or equivalent experience in graphic and web design</li>\n                    </ul>\n                </div>','',5,NULL,1,6,76,0,3,600.00,2000.00,'hourly',1,6,4,5,79,0,3,'2023-07-16',1,'Botble\\JobBoard\\Models\\Account',0,0,0,'43.429144','-76.038072',0,0,0,0,'published','approved','2023-05-14 10:38:09','2023-06-13 21:34:02',NULL,NULL,NULL),(35,'Senior Engineering Manager, Product Security Engineering - Paved Paths','Natus sint deserunt nisi iste non ea eligendi. Deleniti et enim accusantium eaque. Et ut aliquid voluptatem et sed voluptatem quidem in.','<h5>Responsibilities</h5>\n                <div>\n                    <p>As a Product Designer, you will work within a Product Delivery Team fused with UX, engineering, product and data talent.</p>\n                    <ul>\n                        <li>Have sound knowledge of commercial activities.</li>\n                        <li>Build next-generation web applications with a focus on the client side</li>\n                        <li>Work on multiple projects at once, and consistently meet draft deadlines</li>\n                        <li>have already graduated or are currently in any year of study</li>\n                        <li>Revise the work of previous designers to create a unified aesthetic for our brand materials</li>\n                    </ul>\n                </div>\n                <h5>Qualification </h5>\n                <div>\n                    <ul>\n                        <li>B.C.A / M.C.A under National University course complete.</li>\n                        <li>3 or more years of professional design experience</li>\n                        <li>have already graduated or are currently in any year of study</li>\n                        <li>Advanced degree or equivalent experience in graphic and web design</li>\n                    </ul>\n                </div>','',12,NULL,1,22,295,0,3,1000.00,3000.00,'hourly',1,10,3,4,31,0,7,'2023-07-27',1,'Botble\\JobBoard\\Models\\Account',0,0,0,'43.980954','-75.158964',0,0,1,1,'published','approved','2023-05-20 12:03:49','2023-06-13 21:34:02',NULL,NULL,NULL),(36,'Customer Reliability Engineer III','Sunt itaque natus qui animi. A aut laudantium adipisci ad aut reprehenderit. Vel autem pariatur omnis voluptatem aut.','<h5>Responsibilities</h5>\n                <div>\n                    <p>As a Product Designer, you will work within a Product Delivery Team fused with UX, engineering, product and data talent.</p>\n                    <ul>\n                        <li>Have sound knowledge of commercial activities.</li>\n                        <li>Build next-generation web applications with a focus on the client side</li>\n                        <li>Work on multiple projects at once, and consistently meet draft deadlines</li>\n                        <li>have already graduated or are currently in any year of study</li>\n                        <li>Revise the work of previous designers to create a unified aesthetic for our brand materials</li>\n                    </ul>\n                </div>\n                <h5>Qualification </h5>\n                <div>\n                    <ul>\n                        <li>B.C.A / M.C.A under National University course complete.</li>\n                        <li>3 or more years of professional design experience</li>\n                        <li>have already graduated or are currently in any year of study</li>\n                        <li>Advanced degree or equivalent experience in graphic and web design</li>\n                    </ul>\n                </div>','',4,NULL,1,26,317,0,1,1300.00,3000.00,'monthly',0,6,2,1,134,0,5,'2023-07-26',1,'Botble\\JobBoard\\Models\\Account',0,0,0,'43.940715','-75.606245',0,0,1,0,'published','approved','2023-05-16 06:56:48','2023-06-13 21:34:02',NULL,NULL,NULL),(37,'Support Engineer (Enterprise Support Japanese)','Dignissimos totam vel repellendus modi dicta. Cumque quasi dolor aperiam aut. Dolores dolor vel eos qui.','<h5>Responsibilities</h5>\n                <div>\n                    <p>As a Product Designer, you will work within a Product Delivery Team fused with UX, engineering, product and data talent.</p>\n                    <ul>\n                        <li>Have sound knowledge of commercial activities.</li>\n                        <li>Build next-generation web applications with a focus on the client side</li>\n                        <li>Work on multiple projects at once, and consistently meet draft deadlines</li>\n                        <li>have already graduated or are currently in any year of study</li>\n                        <li>Revise the work of previous designers to create a unified aesthetic for our brand materials</li>\n                    </ul>\n                </div>\n                <h5>Qualification </h5>\n                <div>\n                    <ul>\n                        <li>B.C.A / M.C.A under National University course complete.</li>\n                        <li>3 or more years of professional design experience</li>\n                        <li>have already graduated or are currently in any year of study</li>\n                        <li>Advanced degree or equivalent experience in graphic and web design</li>\n                    </ul>\n                </div>','',9,NULL,1,6,31,0,4,1000.00,2900.00,'hourly',0,3,2,5,26,0,7,'2023-07-31',1,'Botble\\JobBoard\\Models\\Account',0,0,0,'43.782983','-75.38935',0,0,0,1,'published','approved','2023-04-28 15:41:52','2023-06-13 21:34:02',NULL,NULL,NULL),(38,'Technical Partner Manager','Dignissimos praesentium quaerat natus aut est debitis repellat. Odit qui quod voluptatem aut. Necessitatibus iusto doloremque laborum veritatis aut vel.','<h5>Responsibilities</h5>\n                <div>\n                    <p>As a Product Designer, you will work within a Product Delivery Team fused with UX, engineering, product and data talent.</p>\n                    <ul>\n                        <li>Have sound knowledge of commercial activities.</li>\n                        <li>Build next-generation web applications with a focus on the client side</li>\n                        <li>Work on multiple projects at once, and consistently meet draft deadlines</li>\n                        <li>have already graduated or are currently in any year of study</li>\n                        <li>Revise the work of previous designers to create a unified aesthetic for our brand materials</li>\n                    </ul>\n                </div>\n                <h5>Qualification </h5>\n                <div>\n                    <ul>\n                        <li>B.C.A / M.C.A under National University course complete.</li>\n                        <li>3 or more years of professional design experience</li>\n                        <li>have already graduated or are currently in any year of study</li>\n                        <li>Advanced degree or equivalent experience in graphic and web design</li>\n                    </ul>\n                </div>','',7,NULL,1,6,107,0,3,1200.00,3000.00,'monthly',0,6,1,4,116,0,6,'2023-07-27',1,'Botble\\JobBoard\\Models\\Account',0,0,0,'42.570069','-76.229657',0,0,1,1,'published','approved','2023-05-13 04:36:29','2023-06-13 21:34:02',NULL,NULL,NULL),(39,'Sr Manager, Inside Account Management','A ipsam incidunt omnis excepturi neque consequatur facilis sed. Quia fugiat sint quis ratione deleniti quia qui.','<h5>Responsibilities</h5>\n                <div>\n                    <p>As a Product Designer, you will work within a Product Delivery Team fused with UX, engineering, product and data talent.</p>\n                    <ul>\n                        <li>Have sound knowledge of commercial activities.</li>\n                        <li>Build next-generation web applications with a focus on the client side</li>\n                        <li>Work on multiple projects at once, and consistently meet draft deadlines</li>\n                        <li>have already graduated or are currently in any year of study</li>\n                        <li>Revise the work of previous designers to create a unified aesthetic for our brand materials</li>\n                    </ul>\n                </div>\n                <h5>Qualification </h5>\n                <div>\n                    <ul>\n                        <li>B.C.A / M.C.A under National University course complete.</li>\n                        <li>3 or more years of professional design experience</li>\n                        <li>have already graduated or are currently in any year of study</li>\n                        <li>Advanced degree or equivalent experience in graphic and web design</li>\n                    </ul>\n                </div>','',11,NULL,1,47,448,0,5,1200.00,2600.00,'yearly',1,5,1,5,30,0,8,'2023-06-23',1,'Botble\\JobBoard\\Models\\Account',0,0,0,'43.598887','-76.059345',0,0,0,0,'published','approved','2023-04-18 17:09:01','2023-06-13 21:34:02',NULL,NULL,NULL),(40,'Services Sales Representative','Doloribus et est illo nesciunt ab. Qui eos illo ut distinctio minus dolores soluta.','<h5>Responsibilities</h5>\n                <div>\n                    <p>As a Product Designer, you will work within a Product Delivery Team fused with UX, engineering, product and data talent.</p>\n                    <ul>\n                        <li>Have sound knowledge of commercial activities.</li>\n                        <li>Build next-generation web applications with a focus on the client side</li>\n                        <li>Work on multiple projects at once, and consistently meet draft deadlines</li>\n                        <li>have already graduated or are currently in any year of study</li>\n                        <li>Revise the work of previous designers to create a unified aesthetic for our brand materials</li>\n                    </ul>\n                </div>\n                <h5>Qualification </h5>\n                <div>\n                    <ul>\n                        <li>B.C.A / M.C.A under National University course complete.</li>\n                        <li>3 or more years of professional design experience</li>\n                        <li>have already graduated or are currently in any year of study</li>\n                        <li>Advanced degree or equivalent experience in graphic and web design</li>\n                    </ul>\n                </div>','',4,NULL,1,26,317,0,3,1300.00,2600.00,'weekly',1,10,3,4,17,0,9,'2023-07-19',1,'Botble\\JobBoard\\Models\\Account',0,0,0,'43.940715','-75.606245',0,0,0,1,'published','approved','2023-05-15 17:04:22','2023-06-13 21:34:02',NULL,NULL,NULL),(41,'Services Delivery Manager','Unde adipisci omnis voluptatem omnis dolorum velit qui. Sunt alias impedit nesciunt reiciendis eaque assumenda. In illo quaerat in dolor autem cupiditate vel.','<h5>Responsibilities</h5>\n                <div>\n                    <p>As a Product Designer, you will work within a Product Delivery Team fused with UX, engineering, product and data talent.</p>\n                    <ul>\n                        <li>Have sound knowledge of commercial activities.</li>\n                        <li>Build next-generation web applications with a focus on the client side</li>\n                        <li>Work on multiple projects at once, and consistently meet draft deadlines</li>\n                        <li>have already graduated or are currently in any year of study</li>\n                        <li>Revise the work of previous designers to create a unified aesthetic for our brand materials</li>\n                    </ul>\n                </div>\n                <h5>Qualification </h5>\n                <div>\n                    <ul>\n                        <li>B.C.A / M.C.A under National University course complete.</li>\n                        <li>3 or more years of professional design experience</li>\n                        <li>have already graduated or are currently in any year of study</li>\n                        <li>Advanced degree or equivalent experience in graphic and web design</li>\n                    </ul>\n                </div>','',15,NULL,1,12,224,0,3,700.00,2900.00,'hourly',0,2,1,5,41,0,4,'2023-07-22',1,'Botble\\JobBoard\\Models\\Account',0,0,0,'42.784333','-74.801152',0,0,1,1,'published','approved','2023-05-02 01:14:24','2023-06-13 21:34:02',NULL,NULL,NULL),(42,'Senior Solutions Engineer','Id eaque consectetur voluptatem dolores ex mollitia temporibus quo. Ipsum autem ut ut eaque dolore debitis.','<h5>Responsibilities</h5>\n                <div>\n                    <p>As a Product Designer, you will work within a Product Delivery Team fused with UX, engineering, product and data talent.</p>\n                    <ul>\n                        <li>Have sound knowledge of commercial activities.</li>\n                        <li>Build next-generation web applications with a focus on the client side</li>\n                        <li>Work on multiple projects at once, and consistently meet draft deadlines</li>\n                        <li>have already graduated or are currently in any year of study</li>\n                        <li>Revise the work of previous designers to create a unified aesthetic for our brand materials</li>\n                    </ul>\n                </div>\n                <h5>Qualification </h5>\n                <div>\n                    <ul>\n                        <li>B.C.A / M.C.A under National University course complete.</li>\n                        <li>3 or more years of professional design experience</li>\n                        <li>have already graduated or are currently in any year of study</li>\n                        <li>Advanced degree or equivalent experience in graphic and web design</li>\n                    </ul>\n                </div>','',3,NULL,1,51,471,0,2,1100.00,3000.00,'monthly',1,2,3,5,4,0,9,'2023-07-23',1,'Botble\\JobBoard\\Models\\Account',0,0,0,'43.628349','-76.051471',0,0,0,1,'published','approved','2023-05-22 10:26:08','2023-06-13 21:34:02',NULL,NULL,NULL),(43,'Senior Service Delivery Engineer','Harum aperiam sit in et est quo. Doloribus ducimus libero et eaque recusandae et iusto minima. In impedit repudiandae asperiores alias et dolorum.','<h5>Responsibilities</h5>\n                <div>\n                    <p>As a Product Designer, you will work within a Product Delivery Team fused with UX, engineering, product and data talent.</p>\n                    <ul>\n                        <li>Have sound knowledge of commercial activities.</li>\n                        <li>Build next-generation web applications with a focus on the client side</li>\n                        <li>Work on multiple projects at once, and consistently meet draft deadlines</li>\n                        <li>have already graduated or are currently in any year of study</li>\n                        <li>Revise the work of previous designers to create a unified aesthetic for our brand materials</li>\n                    </ul>\n                </div>\n                <h5>Qualification </h5>\n                <div>\n                    <ul>\n                        <li>B.C.A / M.C.A under National University course complete.</li>\n                        <li>3 or more years of professional design experience</li>\n                        <li>have already graduated or are currently in any year of study</li>\n                        <li>Advanced degree or equivalent experience in graphic and web design</li>\n                    </ul>\n                </div>','',16,NULL,1,22,297,0,5,1400.00,2600.00,'yearly',0,4,1,5,4,0,9,'2023-06-30',1,'Botble\\JobBoard\\Models\\Account',0,0,0,'42.593889','-75.835968',0,0,0,1,'published','approved','2023-05-26 19:28:49','2023-06-13 21:34:02',NULL,NULL,NULL),(44,'Senior Director, Global Sales Development','Corrupti et rerum nobis pariatur. Laborum fuga consequatur consequatur. Accusantium non voluptatem molestiae dolorem odio dolor. Nostrum ipsa quasi velit consectetur molestias perferendis nisi.','<h5>Responsibilities</h5>\n                <div>\n                    <p>As a Product Designer, you will work within a Product Delivery Team fused with UX, engineering, product and data talent.</p>\n                    <ul>\n                        <li>Have sound knowledge of commercial activities.</li>\n                        <li>Build next-generation web applications with a focus on the client side</li>\n                        <li>Work on multiple projects at once, and consistently meet draft deadlines</li>\n                        <li>have already graduated or are currently in any year of study</li>\n                        <li>Revise the work of previous designers to create a unified aesthetic for our brand materials</li>\n                    </ul>\n                </div>\n                <h5>Qualification </h5>\n                <div>\n                    <ul>\n                        <li>B.C.A / M.C.A under National University course complete.</li>\n                        <li>3 or more years of professional design experience</li>\n                        <li>have already graduated or are currently in any year of study</li>\n                        <li>Advanced degree or equivalent experience in graphic and web design</li>\n                    </ul>\n                </div>','',11,NULL,1,47,448,0,4,1100.00,2800.00,'weekly',0,7,2,5,51,0,9,'2023-07-21',1,'Botble\\JobBoard\\Models\\Account',0,0,0,'43.598887','-76.059345',0,0,1,0,'published','approved','2023-06-03 13:33:56','2023-06-13 21:34:02',NULL,NULL,NULL),(45,'Partner Program Manager','Eaque nam molestias quaerat et omnis. Saepe eius tempora nobis voluptas similique ut. Nisi odio mollitia doloribus aut.','<h5>Responsibilities</h5>\n                <div>\n                    <p>As a Product Designer, you will work within a Product Delivery Team fused with UX, engineering, product and data talent.</p>\n                    <ul>\n                        <li>Have sound knowledge of commercial activities.</li>\n                        <li>Build next-generation web applications with a focus on the client side</li>\n                        <li>Work on multiple projects at once, and consistently meet draft deadlines</li>\n                        <li>have already graduated or are currently in any year of study</li>\n                        <li>Revise the work of previous designers to create a unified aesthetic for our brand materials</li>\n                    </ul>\n                </div>\n                <h5>Qualification </h5>\n                <div>\n                    <ul>\n                        <li>B.C.A / M.C.A under National University course complete.</li>\n                        <li>3 or more years of professional design experience</li>\n                        <li>have already graduated or are currently in any year of study</li>\n                        <li>Advanced degree or equivalent experience in graphic and web design</li>\n                    </ul>\n                </div>','',7,NULL,1,6,107,0,3,600.00,2800.00,'hourly',0,1,3,5,56,0,8,'2023-07-05',1,'Botble\\JobBoard\\Models\\Account',0,0,0,'42.570069','-76.229657',0,0,1,1,'published','approved','2023-05-27 08:42:50','2023-06-13 21:34:02',NULL,NULL,NULL),(46,'Principal Cloud Solutions Engineer','Voluptatem ducimus nihil ex id consequatur. Veritatis assumenda qui veritatis consectetur qui. Voluptatem omnis officiis ex laboriosam ea. Corporis non et ducimus eum.','<h5>Responsibilities</h5>\n                <div>\n                    <p>As a Product Designer, you will work within a Product Delivery Team fused with UX, engineering, product and data talent.</p>\n                    <ul>\n                        <li>Have sound knowledge of commercial activities.</li>\n                        <li>Build next-generation web applications with a focus on the client side</li>\n                        <li>Work on multiple projects at once, and consistently meet draft deadlines</li>\n                        <li>have already graduated or are currently in any year of study</li>\n                        <li>Revise the work of previous designers to create a unified aesthetic for our brand materials</li>\n                    </ul>\n                </div>\n                <h5>Qualification </h5>\n                <div>\n                    <ul>\n                        <li>B.C.A / M.C.A under National University course complete.</li>\n                        <li>3 or more years of professional design experience</li>\n                        <li>have already graduated or are currently in any year of study</li>\n                        <li>Advanced degree or equivalent experience in graphic and web design</li>\n                    </ul>\n                </div>','',6,NULL,1,6,161,0,2,600.00,2700.00,'yearly',0,1,2,3,38,0,3,'2023-08-04',1,'Botble\\JobBoard\\Models\\Account',0,0,0,'43.904781','-75.218532',0,0,1,0,'published','approved','2023-06-06 10:15:23','2023-06-13 21:34:02',NULL,NULL,NULL),(47,'Senior Cloud Solutions Engineer','Earum et est voluptas soluta fugiat. Cumque ea fuga quae illo ut et non.','<h5>Responsibilities</h5>\n                <div>\n                    <p>As a Product Designer, you will work within a Product Delivery Team fused with UX, engineering, product and data talent.</p>\n                    <ul>\n                        <li>Have sound knowledge of commercial activities.</li>\n                        <li>Build next-generation web applications with a focus on the client side</li>\n                        <li>Work on multiple projects at once, and consistently meet draft deadlines</li>\n                        <li>have already graduated or are currently in any year of study</li>\n                        <li>Revise the work of previous designers to create a unified aesthetic for our brand materials</li>\n                    </ul>\n                </div>\n                <h5>Qualification </h5>\n                <div>\n                    <ul>\n                        <li>B.C.A / M.C.A under National University course complete.</li>\n                        <li>3 or more years of professional design experience</li>\n                        <li>have already graduated or are currently in any year of study</li>\n                        <li>Advanced degree or equivalent experience in graphic and web design</li>\n                    </ul>\n                </div>','',14,NULL,1,12,206,0,5,800.00,2100.00,'yearly',0,6,4,5,47,0,2,'2023-07-31',1,'Botble\\JobBoard\\Models\\Account',0,0,0,'43.741332','-76.641397',0,0,0,0,'published','approved','2023-05-19 09:53:14','2023-06-13 21:34:02',NULL,NULL,NULL),(48,'Senior Customer Success Manager','At cumque id voluptates. Aspernatur quia sequi doloribus dolores fugiat. Ea explicabo vel blanditiis eveniet est.','<h5>Responsibilities</h5>\n                <div>\n                    <p>As a Product Designer, you will work within a Product Delivery Team fused with UX, engineering, product and data talent.</p>\n                    <ul>\n                        <li>Have sound knowledge of commercial activities.</li>\n                        <li>Build next-generation web applications with a focus on the client side</li>\n                        <li>Work on multiple projects at once, and consistently meet draft deadlines</li>\n                        <li>have already graduated or are currently in any year of study</li>\n                        <li>Revise the work of previous designers to create a unified aesthetic for our brand materials</li>\n                    </ul>\n                </div>\n                <h5>Qualification </h5>\n                <div>\n                    <ul>\n                        <li>B.C.A / M.C.A under National University course complete.</li>\n                        <li>3 or more years of professional design experience</li>\n                        <li>have already graduated or are currently in any year of study</li>\n                        <li>Advanced degree or equivalent experience in graphic and web design</li>\n                    </ul>\n                </div>','',7,NULL,1,6,107,0,5,1400.00,2600.00,'hourly',0,10,1,2,130,0,4,'2023-07-29',1,'Botble\\JobBoard\\Models\\Account',0,0,0,'42.570069','-76.229657',0,0,1,1,'published','approved','2023-05-05 18:04:25','2023-06-13 21:34:02',NULL,NULL,NULL),(49,'Inside Account Manager','Voluptas veniam incidunt eos aspernatur provident non. Dolores consequatur accusantium magni veniam. Cumque eum magnam qui provident quis hic ut commodi.','<h5>Responsibilities</h5>\n                <div>\n                    <p>As a Product Designer, you will work within a Product Delivery Team fused with UX, engineering, product and data talent.</p>\n                    <ul>\n                        <li>Have sound knowledge of commercial activities.</li>\n                        <li>Build next-generation web applications with a focus on the client side</li>\n                        <li>Work on multiple projects at once, and consistently meet draft deadlines</li>\n                        <li>have already graduated or are currently in any year of study</li>\n                        <li>Revise the work of previous designers to create a unified aesthetic for our brand materials</li>\n                    </ul>\n                </div>\n                <h5>Qualification </h5>\n                <div>\n                    <ul>\n                        <li>B.C.A / M.C.A under National University course complete.</li>\n                        <li>3 or more years of professional design experience</li>\n                        <li>have already graduated or are currently in any year of study</li>\n                        <li>Advanced degree or equivalent experience in graphic and web design</li>\n                    </ul>\n                </div>','',2,NULL,1,6,58,0,3,1200.00,2500.00,'hourly',1,1,2,1,3,0,10,'2023-08-03',1,'Botble\\JobBoard\\Models\\Account',0,0,0,'43.938456','-76.242118',0,0,1,1,'published','approved','2023-05-12 15:40:11','2023-06-13 21:34:02',NULL,NULL,NULL),(50,'UX Jobs Board','Non consequuntur iste delectus in qui. Magni et ut molestiae deserunt est. Quo suscipit nesciunt id ipsam eos.','<h5>Responsibilities</h5>\n                <div>\n                    <p>As a Product Designer, you will work within a Product Delivery Team fused with UX, engineering, product and data talent.</p>\n                    <ul>\n                        <li>Have sound knowledge of commercial activities.</li>\n                        <li>Build next-generation web applications with a focus on the client side</li>\n                        <li>Work on multiple projects at once, and consistently meet draft deadlines</li>\n                        <li>have already graduated or are currently in any year of study</li>\n                        <li>Revise the work of previous designers to create a unified aesthetic for our brand materials</li>\n                    </ul>\n                </div>\n                <h5>Qualification </h5>\n                <div>\n                    <ul>\n                        <li>B.C.A / M.C.A under National University course complete.</li>\n                        <li>3 or more years of professional design experience</li>\n                        <li>have already graduated or are currently in any year of study</li>\n                        <li>Advanced degree or equivalent experience in graphic and web design</li>\n                    </ul>\n                </div>','',6,NULL,1,6,161,0,2,900.00,2300.00,'hourly',1,5,4,5,89,0,2,'2023-08-03',1,'Botble\\JobBoard\\Models\\Account',0,0,0,'43.904781','-75.218532',0,0,0,0,'published','approved','2023-06-07 03:33:05','2023-06-13 21:34:02',NULL,NULL,NULL),(51,'Senior Laravel Developer (TALL Stack)','Et accusamus deleniti omnis nostrum id labore consequatur non. Amet cupiditate dignissimos eos non recusandae vero voluptatem. Dolore porro saepe aut tenetur ut commodi quia.','<h5>Responsibilities</h5>\n                <div>\n                    <p>As a Product Designer, you will work within a Product Delivery Team fused with UX, engineering, product and data talent.</p>\n                    <ul>\n                        <li>Have sound knowledge of commercial activities.</li>\n                        <li>Build next-generation web applications with a focus on the client side</li>\n                        <li>Work on multiple projects at once, and consistently meet draft deadlines</li>\n                        <li>have already graduated or are currently in any year of study</li>\n                        <li>Revise the work of previous designers to create a unified aesthetic for our brand materials</li>\n                    </ul>\n                </div>\n                <h5>Qualification </h5>\n                <div>\n                    <ul>\n                        <li>B.C.A / M.C.A under National University course complete.</li>\n                        <li>3 or more years of professional design experience</li>\n                        <li>have already graduated or are currently in any year of study</li>\n                        <li>Advanced degree or equivalent experience in graphic and web design</li>\n                    </ul>\n                </div>','',8,NULL,1,30,352,0,3,500.00,2800.00,'yearly',0,1,1,5,49,0,4,'2023-07-23',1,'Botble\\JobBoard\\Models\\Account',0,0,0,'43.261514','-76.381485',0,0,0,1,'published','approved','2023-05-05 16:48:41','2023-06-13 21:34:02',NULL,NULL,NULL);
/*!40000 ALTER TABLE `jb_jobs` ENABLE KEYS */;
UNLOCK TABLES;

--
-- Table structure for table `jb_jobs_categories`
--

DROP TABLE IF EXISTS `jb_jobs_categories`;
/*!40101 SET @saved_cs_client     = @@character_set_client */;
/*!50503 SET character_set_client = utf8mb4 */;
CREATE TABLE `jb_jobs_categories` (
  `job_id` bigint unsigned NOT NULL,
  `category_id` bigint unsigned NOT NULL
) ENGINE=InnoDB DEFAULT CHARSET=utf8mb4 COLLATE=utf8mb4_unicode_ci;
/*!40101 SET character_set_client = @saved_cs_client */;

--
-- Dumping data for table `jb_jobs_categories`
--

LOCK TABLES `jb_jobs_categories` WRITE;
/*!40000 ALTER TABLE `jb_jobs_categories` DISABLE KEYS */;
INSERT INTO `jb_jobs_categories` VALUES (1,1),(1,1),(1,6),(2,1),(2,4),(2,10),(3,1),(3,1),(3,7),(4,1),(4,3),(4,10),(5,1),(5,3),(5,7),(6,1),(6,2),(6,10),(7,1),(7,2),(7,8),(8,1),(8,1),(8,10),(9,1),(9,1),(9,9),(10,1),(10,1),(10,10),(11,1),(11,4),(11,6),(12,1),(12,3),(12,8),(13,1),(13,5),(13,7),(14,1),(14,5),(14,9),(15,1),(15,3),(15,6),(16,1),(16,2),(16,6),(17,1),(17,3),(17,9),(18,1),(18,3),(18,10),(19,1),(19,1),(19,9),(20,1),(20,1),(20,7),(21,1),(21,2),(21,6),(22,1),(22,3),(22,8),(23,1),(23,2),(23,8),(24,1),(24,2),(24,6),(25,1),(25,5),(25,9),(26,1),(26,4),(26,7),(27,1),(27,1),(27,9),(28,1),(28,2),(28,10),(29,1),(29,2),(29,9),(30,1),(30,4),(30,8),(31,1),(31,1),(31,9),(32,1),(32,2),(32,10),(33,1),(33,3),(33,8),(34,1),(34,1),(34,6),(35,1),(35,5),(35,7),(36,1),(36,3),(36,9),(37,1),(37,1),(37,8),(38,1),(38,2),(38,7),(39,1),(39,5),(39,7),(40,1),(40,5),(40,8),(41,1),(41,5),(41,8),(42,1),(42,2),(42,9),(43,1),(43,2),(43,8),(44,1),(44,2),(44,6),(45,1),(45,3),(45,8),(46,1),(46,5),(46,8),(47,1),(47,5),(47,7),(48,1),(48,1),(48,8),(49,1),(49,3),(49,8),(50,1),(50,2),(50,9),(51,1),(51,4),(51,9);
/*!40000 ALTER TABLE `jb_jobs_categories` ENABLE KEYS */;
UNLOCK TABLES;

--
-- Table structure for table `jb_jobs_skills`
--

DROP TABLE IF EXISTS `jb_jobs_skills`;
/*!40101 SET @saved_cs_client     = @@character_set_client */;
/*!50503 SET character_set_client = utf8mb4 */;
CREATE TABLE `jb_jobs_skills` (
  `job_id` bigint unsigned NOT NULL,
  `job_skill_id` bigint unsigned NOT NULL
) ENGINE=InnoDB DEFAULT CHARSET=utf8mb4 COLLATE=utf8mb4_unicode_ci;
/*!40101 SET character_set_client = @saved_cs_client */;

--
-- Dumping data for table `jb_jobs_skills`
--

LOCK TABLES `jb_jobs_skills` WRITE;
/*!40000 ALTER TABLE `jb_jobs_skills` DISABLE KEYS */;
INSERT INTO `jb_jobs_skills` VALUES (1,4),(2,6),(3,7),(4,4),(5,12),(6,11),(7,2),(8,8),(9,3),(10,7),(11,8),(12,2),(13,3),(14,2),(15,8),(16,12),(17,5),(18,5),(19,3),(20,3),(21,1),(22,10),(23,1),(24,9),(25,5),(26,1),(27,6),(28,2),(29,4),(30,1),(31,12),(32,10),(33,8),(34,7),(35,6),(36,5),(37,6),(38,9),(39,9),(40,12),(41,9),(42,12),(43,7),(44,12),(45,9),(46,10),(47,8),(48,6),(49,6),(50,3),(51,5);
/*!40000 ALTER TABLE `jb_jobs_skills` ENABLE KEYS */;
UNLOCK TABLES;

--
-- Table structure for table `jb_jobs_tags`
--

DROP TABLE IF EXISTS `jb_jobs_tags`;
/*!40101 SET @saved_cs_client     = @@character_set_client */;
/*!50503 SET character_set_client = utf8mb4 */;
CREATE TABLE `jb_jobs_tags` (
  `job_id` bigint unsigned NOT NULL,
  `tag_id` bigint unsigned NOT NULL,
  PRIMARY KEY (`job_id`,`tag_id`),
  KEY `jb_jobs_tags_job_id_index` (`job_id`),
  KEY `jb_jobs_tags_tag_id_index` (`tag_id`)
) ENGINE=InnoDB DEFAULT CHARSET=utf8mb4 COLLATE=utf8mb4_unicode_ci;
/*!40101 SET character_set_client = @saved_cs_client */;

--
-- Dumping data for table `jb_jobs_tags`
--

LOCK TABLES `jb_jobs_tags` WRITE;
/*!40000 ALTER TABLE `jb_jobs_tags` DISABLE KEYS */;
INSERT INTO `jb_jobs_tags` VALUES (1,1),(1,5),(2,4),(2,8),(3,2),(3,6),(4,3),(4,5),(5,3),(5,8),(6,4),(6,7),(7,4),(7,8),(8,3),(8,8),(9,1),(9,5),(10,4),(10,7),(11,3),(11,5),(12,2),(12,7),(13,1),(13,8),(14,3),(14,7),(15,4),(15,6),(16,3),(16,6),(17,3),(17,6),(18,4),(18,8),(19,1),(19,8),(20,3),(20,8),(21,2),(21,6),(22,3),(22,8),(23,2),(23,7),(24,1),(24,8),(25,1),(25,7),(26,4),(26,6),(27,4),(27,5),(28,4),(28,6),(29,3),(29,5),(30,4),(30,8),(31,1),(31,6),(32,1),(32,6),(33,4),(33,6),(34,2),(34,7),(35,1),(35,6),(36,1),(36,8),(37,3),(37,6),(38,3),(38,5),(39,3),(39,5),(40,2),(40,8),(41,1),(41,7),(42,2),(42,8),(43,3),(43,8),(44,3),(44,5),(45,1),(45,5),(46,1),(46,5),(47,4),(47,5),(48,1),(48,5),(49,1),(49,8),(50,4),(50,8),(51,4),(51,7);
/*!40000 ALTER TABLE `jb_jobs_tags` ENABLE KEYS */;
UNLOCK TABLES;

--
-- Table structure for table `jb_jobs_translations`
--

DROP TABLE IF EXISTS `jb_jobs_translations`;
/*!40101 SET @saved_cs_client     = @@character_set_client */;
/*!50503 SET character_set_client = utf8mb4 */;
CREATE TABLE `jb_jobs_translations` (
  `lang_code` varchar(191) COLLATE utf8mb4_unicode_ci NOT NULL,
  `jb_jobs_id` bigint unsigned NOT NULL,
  `name` varchar(255) COLLATE utf8mb4_unicode_ci DEFAULT NULL,
  `description` varchar(400) COLLATE utf8mb4_unicode_ci DEFAULT NULL,
  `content` longtext COLLATE utf8mb4_unicode_ci,
  PRIMARY KEY (`lang_code`,`jb_jobs_id`)
) ENGINE=InnoDB DEFAULT CHARSET=utf8mb4 COLLATE=utf8mb4_unicode_ci;
/*!40101 SET character_set_client = @saved_cs_client */;

--
-- Dumping data for table `jb_jobs_translations`
--

LOCK TABLES `jb_jobs_translations` WRITE;
/*!40000 ALTER TABLE `jb_jobs_translations` DISABLE KEYS */;
INSERT INTO `jb_jobs_translations` VALUES ('vi',1,'Thit k UI / UX','Aspernatur qui eos distinctio autem dolorem ex. Aut consequatur ipsa repudiandae sint. Doloremque natus neque aut id itaque et.','<h5> Trch nhim </h5>\n            <div>\n                <p>Vi t cch l Nh thit k sn phm, bn s lm vic trong Nhm phn phi sn phm kt hp vi UX, k thut, sn phm v ti nng d liu. </p>\n                <ul>\n                    <li>C kin thc vng chc v cc hot ng thng mi. </li>\n                    <li>Xy dng cc ng dng web th h tip theo tp trung vo pha khch hng </li>\n                    <li>Lm vic trn nhiu d n cng mt lc v lun p ng cc thi hn d tho </li>\n                    <li> tt nghip hoc ang trong bt k nm hc no </li>\n                    <li>Chnh sa cng vic ca cc nh thit k trc  to ra mt thm m thng nht cho cc vt liu thng hiu ca chng ti </li>\n                </ul>\n            </div>\n            <h5> Chng ch </h5>\n            <div>\n                <ul>\n                    <li>B.C.A / M.C.A trong kho hc ca i hc Quc gia  hon thnh. </li>\n                    <li>3 nm kinh nghim thit k chuyn nghip tr ln </li>\n                    <li> tt nghip hoc ang trong bt k nm hc no </li>\n                    <li>Bng cp cao hoc kinh nghim tng ng trong thit k  ha v web </li>\n                </ul>\n            </div>'),('vi',2,'Lp trnh vin full stack','Ab possimus repellat eos est. Corrupti facere architecto est.','<h5> Trch nhim </h5>\n            <div>\n                <p>Vi t cch l Nh thit k sn phm, bn s lm vic trong Nhm phn phi sn phm kt hp vi UX, k thut, sn phm v ti nng d liu. </p>\n                <ul>\n                    <li>C kin thc vng chc v cc hot ng thng mi. </li>\n                    <li>Xy dng cc ng dng web th h tip theo tp trung vo pha khch hng </li>\n                    <li>Lm vic trn nhiu d n cng mt lc v lun p ng cc thi hn d tho </li>\n                    <li> tt nghip hoc ang trong bt k nm hc no </li>\n                    <li>Chnh sa cng vic ca cc nh thit k trc  to ra mt thm m thng nht cho cc vt liu thng hiu ca chng ti </li>\n                </ul>\n            </div>\n            <h5> Chng ch </h5>\n            <div>\n                <ul>\n                    <li>B.C.A / M.C.A trong kho hc ca i hc Quc gia  hon thnh. </li>\n                    <li>3 nm kinh nghim thit k chuyn nghip tr ln </li>\n                    <li> tt nghip hoc ang trong bt k nm hc no </li>\n                    <li>Bng cp cao hoc kinh nghim tng ng trong thit k  ha v web </li>\n                </ul>\n            </div>'),('vi',3,'Lp trnh vin Java','Qui ab quasi voluptas. Explicabo minus illo id possimus fugiat aspernatur ducimus nulla. Voluptatem nemo ex minima enim aperiam occaecati perspiciatis. Repellendus numquam nobis et.','<h5> Trch nhim </h5>\n            <div>\n                <p>Vi t cch l Nh thit k sn phm, bn s lm vic trong Nhm phn phi sn phm kt hp vi UX, k thut, sn phm v ti nng d liu. </p>\n                <ul>\n                    <li>C kin thc vng chc v cc hot ng thng mi. </li>\n                    <li>Xy dng cc ng dng web th h tip theo tp trung vo pha khch hng </li>\n                    <li>Lm vic trn nhiu d n cng mt lc v lun p ng cc thi hn d tho </li>\n                    <li> tt nghip hoc ang trong bt k nm hc no </li>\n                    <li>Chnh sa cng vic ca cc nh thit k trc  to ra mt thm m thng nht cho cc vt liu thng hiu ca chng ti </li>\n                </ul>\n            </div>\n            <h5> Chng ch </h5>\n            <div>\n                <ul>\n                    <li>B.C.A / M.C.A trong kho hc ca i hc Quc gia  hon thnh. </li>\n                    <li>3 nm kinh nghim thit k chuyn nghip tr ln </li>\n                    <li> tt nghip hoc ang trong bt k nm hc no </li>\n                    <li>Bng cp cao hoc kinh nghim tng ng trong thit k  ha v web </li>\n                </ul>\n            </div>'),('vi',4,'Qun l tip th online','Laudantium minima sint est tempora quia qui. Nisi labore facilis est. Voluptas ut reiciendis dolorum id odit sunt. Sit quidem fugiat nostrum impedit ut illo.','<h5> Trch nhim </h5>\n            <div>\n                <p>Vi t cch l Nh thit k sn phm, bn s lm vic trong Nhm phn phi sn phm kt hp vi UX, k thut, sn phm v ti nng d liu. </p>\n                <ul>\n                    <li>C kin thc vng chc v cc hot ng thng mi. </li>\n                    <li>Xy dng cc ng dng web th h tip theo tp trung vo pha khch hng </li>\n                    <li>Lm vic trn nhiu d n cng mt lc v lun p ng cc thi hn d tho </li>\n                    <li> tt nghip hoc ang trong bt k nm hc no </li>\n                    <li>Chnh sa cng vic ca cc nh thit k trc  to ra mt thm m thng nht cho cc vt liu thng hiu ca chng ti </li>\n                </ul>\n            </div>\n            <h5> Chng ch </h5>\n            <div>\n                <ul>\n                    <li>B.C.A / M.C.A trong kho hc ca i hc Quc gia  hon thnh. </li>\n                    <li>3 nm kinh nghim thit k chuyn nghip tr ln </li>\n                    <li> tt nghip hoc ang trong bt k nm hc no </li>\n                    <li>Bng cp cao hoc kinh nghim tng ng trong thit k  ha v web </li>\n                </ul>\n            </div>'),('vi',5,'Lp trnh vin frontend','Neque iure sed velit eos quo dolores. Possimus beatae qui earum est. Ea non architecto voluptatem.','<h5> Trch nhim </h5>\n            <div>\n                <p>Vi t cch l Nh thit k sn phm, bn s lm vic trong Nhm phn phi sn phm kt hp vi UX, k thut, sn phm v ti nng d liu. </p>\n                <ul>\n                    <li>C kin thc vng chc v cc hot ng thng mi. </li>\n                    <li>Xy dng cc ng dng web th h tip theo tp trung vo pha khch hng </li>\n                    <li>Lm vic trn nhiu d n cng mt lc v lun p ng cc thi hn d tho </li>\n                    <li> tt nghip hoc ang trong bt k nm hc no </li>\n                    <li>Chnh sa cng vic ca cc nh thit k trc  to ra mt thm m thng nht cho cc vt liu thng hiu ca chng ti </li>\n                </ul>\n            </div>\n            <h5> Chng ch </h5>\n            <div>\n                <ul>\n                    <li>B.C.A / M.C.A trong kho hc ca i hc Quc gia  hon thnh. </li>\n                    <li>3 nm kinh nghim thit k chuyn nghip tr ln </li>\n                    <li> tt nghip hoc ang trong bt k nm hc no </li>\n                    <li>Bng cp cao hoc kinh nghim tng ng trong thit k  ha v web </li>\n                </ul>\n            </div>'),('vi',6,'Lp trnh vin React Native','Ut ea dolor maiores sit recusandae dolores. Nesciunt et alias aliquam. Sit expedita molestiae ab atque aliquam molestiae molestiae quibusdam.','<h5> Trch nhim </h5>\n            <div>\n                <p>Vi t cch l Nh thit k sn phm, bn s lm vic trong Nhm phn phi sn phm kt hp vi UX, k thut, sn phm v ti nng d liu. </p>\n                <ul>\n                    <li>C kin thc vng chc v cc hot ng thng mi. </li>\n                    <li>Xy dng cc ng dng web th h tip theo tp trung vo pha khch hng </li>\n                    <li>Lm vic trn nhiu d n cng mt lc v lun p ng cc thi hn d tho </li>\n                    <li> tt nghip hoc ang trong bt k nm hc no </li>\n                    <li>Chnh sa cng vic ca cc nh thit k trc  to ra mt thm m thng nht cho cc vt liu thng hiu ca chng ti </li>\n                </ul>\n            </div>\n            <h5> Chng ch </h5>\n            <div>\n                <ul>\n                    <li>B.C.A / M.C.A trong kho hc ca i hc Quc gia  hon thnh. </li>\n                    <li>3 nm kinh nghim thit k chuyn nghip tr ln </li>\n                    <li> tt nghip hoc ang trong bt k nm hc no </li>\n                    <li>Bng cp cao hoc kinh nghim tng ng trong thit k  ha v web </li>\n                </ul>\n            </div>'),('vi',7,'Senior k s h thng','Id enim excepturi animi tenetur officia qui. Incidunt quis est consequuntur corporis qui accusamus. Sit praesentium dicta consequatur id optio. Voluptas non illo nulla.','<h5> Trch nhim </h5>\n            <div>\n                <p>Vi t cch l Nh thit k sn phm, bn s lm vic trong Nhm phn phi sn phm kt hp vi UX, k thut, sn phm v ti nng d liu. </p>\n                <ul>\n                    <li>C kin thc vng chc v cc hot ng thng mi. </li>\n                    <li>Xy dng cc ng dng web th h tip theo tp trung vo pha khch hng </li>\n                    <li>Lm vic trn nhiu d n cng mt lc v lun p ng cc thi hn d tho </li>\n                    <li> tt nghip hoc ang trong bt k nm hc no </li>\n                    <li>Chnh sa cng vic ca cc nh thit k trc  to ra mt thm m thng nht cho cc vt liu thng hiu ca chng ti </li>\n                </ul>\n            </div>\n            <h5> Chng ch </h5>\n            <div>\n                <ul>\n                    <li>B.C.A / M.C.A trong kho hc ca i hc Quc gia  hon thnh. </li>\n                    <li>3 nm kinh nghim thit k chuyn nghip tr ln </li>\n                    <li> tt nghip hoc ang trong bt k nm hc no </li>\n                    <li>Bng cp cao hoc kinh nghim tng ng trong thit k  ha v web </li>\n                </ul>\n            </div>'),('vi',8,'Qun l sn phm','Vel laborum quo eos illo fuga impedit modi. Deleniti ab vitae cupiditate perspiciatis a autem. Iure dolores eaque illo maxime. Repudiandae dolores voluptatem qui quia consectetur rerum ut.','<h5> Trch nhim </h5>\n            <div>\n                <p>Vi t cch l Nh thit k sn phm, bn s lm vic trong Nhm phn phi sn phm kt hp vi UX, k thut, sn phm v ti nng d liu. </p>\n                <ul>\n                    <li>C kin thc vng chc v cc hot ng thng mi. </li>\n                    <li>Xy dng cc ng dng web th h tip theo tp trung vo pha khch hng </li>\n                    <li>Lm vic trn nhiu d n cng mt lc v lun p ng cc thi hn d tho </li>\n                    <li> tt nghip hoc ang trong bt k nm hc no </li>\n                    <li>Chnh sa cng vic ca cc nh thit k trc  to ra mt thm m thng nht cho cc vt liu thng hiu ca chng ti </li>\n                </ul>\n            </div>\n            <h5> Chng ch </h5>\n            <div>\n                <ul>\n                    <li>B.C.A / M.C.A trong kho hc ca i hc Quc gia  hon thnh. </li>\n                    <li>3 nm kinh nghim thit k chuyn nghip tr ln </li>\n                    <li> tt nghip hoc ang trong bt k nm hc no </li>\n                    <li>Bng cp cao hoc kinh nghim tng ng trong thit k  ha v web </li>\n                </ul>\n            </div>'),('vi',9,'Nh thit k h thng','Laboriosam et qui neque aut. Assumenda dolorem nemo soluta quam est. Omnis qui dicta eos maxime dolorum facere magni ea. Accusantium sit corrupti omnis.','<h5> Trch nhim </h5>\n            <div>\n                <p>Vi t cch l Nh thit k sn phm, bn s lm vic trong Nhm phn phi sn phm kt hp vi UX, k thut, sn phm v ti nng d liu. </p>\n                <ul>\n                    <li>C kin thc vng chc v cc hot ng thng mi. </li>\n                    <li>Xy dng cc ng dng web th h tip theo tp trung vo pha khch hng </li>\n                    <li>Lm vic trn nhiu d n cng mt lc v lun p ng cc thi hn d tho </li>\n                    <li> tt nghip hoc ang trong bt k nm hc no </li>\n                    <li>Chnh sa cng vic ca cc nh thit k trc  to ra mt thm m thng nht cho cc vt liu thng hiu ca chng ti </li>\n                </ul>\n            </div>\n            <h5> Chng ch </h5>\n            <div>\n                <ul>\n                    <li>B.C.A / M.C.A trong kho hc ca i hc Quc gia  hon thnh. </li>\n                    <li>3 nm kinh nghim thit k chuyn nghip tr ln </li>\n                    <li> tt nghip hoc ang trong bt k nm hc no </li>\n                    <li>Bng cp cao hoc kinh nghim tng ng trong thit k  ha v web </li>\n                </ul>\n            </div>'),('vi',10,'Kin trc s DevOps','Quam nobis nulla ducimus similique fugit. Deserunt maxime repudiandae aperiam cumque est ea. Cupiditate amet rerum reiciendis quibusdam molestiae aut. Eum magni eos qui est velit et.','<h5> Trch nhim </h5>\n            <div>\n                <p>Vi t cch l Nh thit k sn phm, bn s lm vic trong Nhm phn phi sn phm kt hp vi UX, k thut, sn phm v ti nng d liu. </p>\n                <ul>\n                    <li>C kin thc vng chc v cc hot ng thng mi. </li>\n                    <li>Xy dng cc ng dng web th h tip theo tp trung vo pha khch hng </li>\n                    <li>Lm vic trn nhiu d n cng mt lc v lun p ng cc thi hn d tho </li>\n                    <li> tt nghip hoc ang trong bt k nm hc no </li>\n                    <li>Chnh sa cng vic ca cc nh thit k trc  to ra mt thm m thng nht cho cc vt liu thng hiu ca chng ti </li>\n                </ul>\n            </div>\n            <h5> Chng ch </h5>\n            <div>\n                <ul>\n                    <li>B.C.A / M.C.A trong kho hc ca i hc Quc gia  hon thnh. </li>\n                    <li>3 nm kinh nghim thit k chuyn nghip tr ln </li>\n                    <li> tt nghip hoc ang trong bt k nm hc no </li>\n                    <li>Bng cp cao hoc kinh nghim tng ng trong thit k  ha v web </li>\n                </ul>\n            </div>'),('vi',11,'K s phn mm cao cp, npm CLI','Suscipit vel excepturi voluptatibus facere. Numquam omnis aperiam non est minus autem nihil. Officia qui necessitatibus iste nihil.','<h5> Trch nhim </h5>\n            <div>\n                <p>Vi t cch l Nh thit k sn phm, bn s lm vic trong Nhm phn phi sn phm kt hp vi UX, k thut, sn phm v ti nng d liu. </p>\n                <ul>\n                    <li>C kin thc vng chc v cc hot ng thng mi. </li>\n                    <li>Xy dng cc ng dng web th h tip theo tp trung vo pha khch hng </li>\n                    <li>Lm vic trn nhiu d n cng mt lc v lun p ng cc thi hn d tho </li>\n                    <li> tt nghip hoc ang trong bt k nm hc no </li>\n                    <li>Chnh sa cng vic ca cc nh thit k trc  to ra mt thm m thng nht cho cc vt liu thng hiu ca chng ti </li>\n                </ul>\n            </div>\n            <h5> Chng ch </h5>\n            <div>\n                <ul>\n                    <li>B.C.A / M.C.A trong kho hc ca i hc Quc gia  hon thnh. </li>\n                    <li>3 nm kinh nghim thit k chuyn nghip tr ln </li>\n                    <li> tt nghip hoc ang trong bt k nm hc no </li>\n                    <li>Bng cp cao hoc kinh nghim tng ng trong thit k  ha v web </li>\n                </ul>\n            </div>'),('vi',12,'K s h thng cao cp','Vel quaerat voluptates soluta exercitationem omnis. Dolorem hic quia natus et esse occaecati. Provident ad consequatur quibusdam sit deleniti.','<h5> Trch nhim </h5>\n            <div>\n                <p>Vi t cch l Nh thit k sn phm, bn s lm vic trong Nhm phn phi sn phm kt hp vi UX, k thut, sn phm v ti nng d liu. </p>\n                <ul>\n                    <li>C kin thc vng chc v cc hot ng thng mi. </li>\n                    <li>Xy dng cc ng dng web th h tip theo tp trung vo pha khch hng </li>\n                    <li>Lm vic trn nhiu d n cng mt lc v lun p ng cc thi hn d tho </li>\n                    <li> tt nghip hoc ang trong bt k nm hc no </li>\n                    <li>Chnh sa cng vic ca cc nh thit k trc  to ra mt thm m thng nht cho cc vt liu thng hiu ca chng ti </li>\n                </ul>\n            </div>\n            <h5> Chng ch </h5>\n            <div>\n                <ul>\n                    <li>B.C.A / M.C.A trong kho hc ca i hc Quc gia  hon thnh. </li>\n                    <li>3 nm kinh nghim thit k chuyn nghip tr ln </li>\n                    <li> tt nghip hoc ang trong bt k nm hc no </li>\n                    <li>Bng cp cao hoc kinh nghim tng ng trong thit k  ha v web </li>\n                </ul>\n            </div>'),('vi',13,'K s phn mm nn tng hnh ng','Eaque itaque minima dolores repellat aspernatur molestiae et. Fuga sint sed voluptates architecto nostrum. Qui corrupti sint veritatis.','<h5> Trch nhim </h5>\n            <div>\n                <p>Vi t cch l Nh thit k sn phm, bn s lm vic trong Nhm phn phi sn phm kt hp vi UX, k thut, sn phm v ti nng d liu. </p>\n                <ul>\n                    <li>C kin thc vng chc v cc hot ng thng mi. </li>\n                    <li>Xy dng cc ng dng web th h tip theo tp trung vo pha khch hng </li>\n                    <li>Lm vic trn nhiu d n cng mt lc v lun p ng cc thi hn d tho </li>\n                    <li> tt nghip hoc ang trong bt k nm hc no </li>\n                    <li>Chnh sa cng vic ca cc nh thit k trc  to ra mt thm m thng nht cho cc vt liu thng hiu ca chng ti </li>\n                </ul>\n            </div>\n            <h5> Chng ch </h5>\n            <div>\n                <ul>\n                    <li>B.C.A / M.C.A trong kho hc ca i hc Quc gia  hon thnh. </li>\n                    <li>3 nm kinh nghim thit k chuyn nghip tr ln </li>\n                    <li> tt nghip hoc ang trong bt k nm hc no </li>\n                    <li>Bng cp cao hoc kinh nghim tng ng trong thit k  ha v web </li>\n                </ul>\n            </div>'),('vi',14,'Nhn vin Qun l K thut, Actions','Optio explicabo tempore incidunt vero consequatur et ea. Nobis totam commodi illum saepe numquam incidunt. Dolore exercitationem modi totam sint corporis cumque voluptatem. Id ut animi aut.','<h5> Trch nhim </h5>\n            <div>\n                <p>Vi t cch l Nh thit k sn phm, bn s lm vic trong Nhm phn phi sn phm kt hp vi UX, k thut, sn phm v ti nng d liu. </p>\n                <ul>\n                    <li>C kin thc vng chc v cc hot ng thng mi. </li>\n                    <li>Xy dng cc ng dng web th h tip theo tp trung vo pha khch hng </li>\n                    <li>Lm vic trn nhiu d n cng mt lc v lun p ng cc thi hn d tho </li>\n                    <li> tt nghip hoc ang trong bt k nm hc no </li>\n                    <li>Chnh sa cng vic ca cc nh thit k trc  to ra mt thm m thng nht cho cc vt liu thng hiu ca chng ti </li>\n                </ul>\n            </div>\n            <h5> Chng ch </h5>\n            <div>\n                <ul>\n                    <li>B.C.A / M.C.A trong kho hc ca i hc Quc gia  hon thnh. </li>\n                    <li>3 nm kinh nghim thit k chuyn nghip tr ln </li>\n                    <li> tt nghip hoc ang trong bt k nm hc no </li>\n                    <li>Bng cp cao hoc kinh nghim tng ng trong thit k  ha v web </li>\n                </ul>\n            </div>'),('vi',15,'Nhn vin Qun l K thut: Actions Runtime','Voluptatum maxime numquam est eveniet fugit saepe. Praesentium sunt occaecati eaque natus qui ipsam qui. Sapiente id nulla sunt consequatur adipisci iusto in.','<h5> Trch nhim </h5>\n            <div>\n                <p>Vi t cch l Nh thit k sn phm, bn s lm vic trong Nhm phn phi sn phm kt hp vi UX, k thut, sn phm v ti nng d liu. </p>\n                <ul>\n                    <li>C kin thc vng chc v cc hot ng thng mi. </li>\n                    <li>Xy dng cc ng dng web th h tip theo tp trung vo pha khch hng </li>\n                    <li>Lm vic trn nhiu d n cng mt lc v lun p ng cc thi hn d tho </li>\n                    <li> tt nghip hoc ang trong bt k nm hc no </li>\n                    <li>Chnh sa cng vic ca cc nh thit k trc  to ra mt thm m thng nht cho cc vt liu thng hiu ca chng ti </li>\n                </ul>\n            </div>\n            <h5> Chng ch </h5>\n            <div>\n                <ul>\n                    <li>B.C.A / M.C.A trong kho hc ca i hc Quc gia  hon thnh. </li>\n                    <li>3 nm kinh nghim thit k chuyn nghip tr ln </li>\n                    <li> tt nghip hoc ang trong bt k nm hc no </li>\n                    <li>Bng cp cao hoc kinh nghim tng ng trong thit k  ha v web </li>\n                </ul>\n            </div>'),('vi',16,'Nhn vin Trng phng K thut, Packages','Praesentium et ut modi quia. Labore officiis aut neque vel. Sed consequatur non culpa tenetur eos magnam. Perferendis molestiae ut nam ut ducimus.','<h5> Trch nhim </h5>\n            <div>\n                <p>Vi t cch l Nh thit k sn phm, bn s lm vic trong Nhm phn phi sn phm kt hp vi UX, k thut, sn phm v ti nng d liu. </p>\n                <ul>\n                    <li>C kin thc vng chc v cc hot ng thng mi. </li>\n                    <li>Xy dng cc ng dng web th h tip theo tp trung vo pha khch hng </li>\n                    <li>Lm vic trn nhiu d n cng mt lc v lun p ng cc thi hn d tho </li>\n                    <li> tt nghip hoc ang trong bt k nm hc no </li>\n                    <li>Chnh sa cng vic ca cc nh thit k trc  to ra mt thm m thng nht cho cc vt liu thng hiu ca chng ti </li>\n                </ul>\n            </div>\n            <h5> Chng ch </h5>\n            <div>\n                <ul>\n                    <li>B.C.A / M.C.A trong kho hc ca i hc Quc gia  hon thnh. </li>\n                    <li>3 nm kinh nghim thit k chuyn nghip tr ln </li>\n                    <li> tt nghip hoc ang trong bt k nm hc no </li>\n                    <li>Bng cp cao hoc kinh nghim tng ng trong thit k  ha v web </li>\n                </ul>\n            </div>'),('vi',17,'Nhn vin K s phn mm','Quia ipsam non sapiente architecto sequi nihil non. Minus quidem hic voluptatum repudiandae cupiditate hic cum. Non rerum at dolorum. Ex reprehenderit autem sunt ut.','<h5> Trch nhim </h5>\n            <div>\n                <p>Vi t cch l Nh thit k sn phm, bn s lm vic trong Nhm phn phi sn phm kt hp vi UX, k thut, sn phm v ti nng d liu. </p>\n                <ul>\n                    <li>C kin thc vng chc v cc hot ng thng mi. </li>\n                    <li>Xy dng cc ng dng web th h tip theo tp trung vo pha khch hng </li>\n                    <li>Lm vic trn nhiu d n cng mt lc v lun p ng cc thi hn d tho </li>\n                    <li> tt nghip hoc ang trong bt k nm hc no </li>\n                    <li>Chnh sa cng vic ca cc nh thit k trc  to ra mt thm m thng nht cho cc vt liu thng hiu ca chng ti </li>\n                </ul>\n            </div>\n            <h5> Chng ch </h5>\n            <div>\n                <ul>\n                    <li>B.C.A / M.C.A trong kho hc ca i hc Quc gia  hon thnh. </li>\n                    <li>3 nm kinh nghim thit k chuyn nghip tr ln </li>\n                    <li> tt nghip hoc ang trong bt k nm hc no </li>\n                    <li>Bng cp cao hoc kinh nghim tng ng trong thit k  ha v web </li>\n                </ul>\n            </div>'),('vi',18,'K s phn mm h thng','Officiis omnis amet qui quis dolore. Praesentium itaque voluptatum doloribus totam ad aut sed. Possimus corrupti quia eos accusantium earum aliquam. Fugiat veritatis et illo aut vitae.','<h5> Trch nhim </h5>\n            <div>\n                <p>Vi t cch l Nh thit k sn phm, bn s lm vic trong Nhm phn phi sn phm kt hp vi UX, k thut, sn phm v ti nng d liu. </p>\n                <ul>\n                    <li>C kin thc vng chc v cc hot ng thng mi. </li>\n                    <li>Xy dng cc ng dng web th h tip theo tp trung vo pha khch hng </li>\n                    <li>Lm vic trn nhiu d n cng mt lc v lun p ng cc thi hn d tho </li>\n                    <li> tt nghip hoc ang trong bt k nm hc no </li>\n                    <li>Chnh sa cng vic ca cc nh thit k trc  to ra mt thm m thng nht cho cc vt liu thng hiu ca chng ti </li>\n                </ul>\n            </div>\n            <h5> Chng ch </h5>\n            <div>\n                <ul>\n                    <li>B.C.A / M.C.A trong kho hc ca i hc Quc gia  hon thnh. </li>\n                    <li>3 nm kinh nghim thit k chuyn nghip tr ln </li>\n                    <li> tt nghip hoc ang trong bt k nm hc no </li>\n                    <li>Bng cp cao hoc kinh nghim tng ng trong thit k  ha v web </li>\n                </ul>\n            </div>'),('vi',19,'Chuyn vin phn tch bi thng cao cp','Assumenda temporibus officiis neque. Consequatur quam sint rerum nihil praesentium consequatur amet porro. Qui ea accusamus officiis earum deserunt ad.','<h5> Trch nhim </h5>\n            <div>\n                <p>Vi t cch l Nh thit k sn phm, bn s lm vic trong Nhm phn phi sn phm kt hp vi UX, k thut, sn phm v ti nng d liu. </p>\n                <ul>\n                    <li>C kin thc vng chc v cc hot ng thng mi. </li>\n                    <li>Xy dng cc ng dng web th h tip theo tp trung vo pha khch hng </li>\n                    <li>Lm vic trn nhiu d n cng mt lc v lun p ng cc thi hn d tho </li>\n                    <li> tt nghip hoc ang trong bt k nm hc no </li>\n                    <li>Chnh sa cng vic ca cc nh thit k trc  to ra mt thm m thng nht cho cc vt liu thng hiu ca chng ti </li>\n                </ul>\n            </div>\n            <h5> Chng ch </h5>\n            <div>\n                <ul>\n                    <li>B.C.A / M.C.A trong kho hc ca i hc Quc gia  hon thnh. </li>\n                    <li>3 nm kinh nghim thit k chuyn nghip tr ln </li>\n                    <li> tt nghip hoc ang trong bt k nm hc no </li>\n                    <li>Bng cp cao hoc kinh nghim tng ng trong thit k  ha v web </li>\n                </ul>\n            </div>'),('vi',20,'Ngi qun l chng trnh Accessibility cp cao','Qui quia quis excepturi eum. Unde expedita reiciendis amet ut laboriosam tempora. Similique minus quibusdam ullam similique dolores rerum tempora.','<h5> Trch nhim </h5>\n            <div>\n                <p>Vi t cch l Nh thit k sn phm, bn s lm vic trong Nhm phn phi sn phm kt hp vi UX, k thut, sn phm v ti nng d liu. </p>\n                <ul>\n                    <li>C kin thc vng chc v cc hot ng thng mi. </li>\n                    <li>Xy dng cc ng dng web th h tip theo tp trung vo pha khch hng </li>\n                    <li>Lm vic trn nhiu d n cng mt lc v lun p ng cc thi hn d tho </li>\n                    <li> tt nghip hoc ang trong bt k nm hc no </li>\n                    <li>Chnh sa cng vic ca cc nh thit k trc  to ra mt thm m thng nht cho cc vt liu thng hiu ca chng ti </li>\n                </ul>\n            </div>\n            <h5> Chng ch </h5>\n            <div>\n                <ul>\n                    <li>B.C.A / M.C.A trong kho hc ca i hc Quc gia  hon thnh. </li>\n                    <li>3 nm kinh nghim thit k chuyn nghip tr ln </li>\n                    <li> tt nghip hoc ang trong bt k nm hc no </li>\n                    <li>Bng cp cao hoc kinh nghim tng ng trong thit k  ha v web </li>\n                </ul>\n            </div>'),('vi',21,'Gim c quan h phn tch, Bo mt ng dng','Autem iste quo quia deleniti quia et. Eos et facere ab dolor enim. Maiores ut incidunt facere autem excepturi aperiam quidem. Vel sunt eum omnis iste nulla.','<h5> Trch nhim </h5>\n            <div>\n                <p>Vi t cch l Nh thit k sn phm, bn s lm vic trong Nhm phn phi sn phm kt hp vi UX, k thut, sn phm v ti nng d liu. </p>\n                <ul>\n                    <li>C kin thc vng chc v cc hot ng thng mi. </li>\n                    <li>Xy dng cc ng dng web th h tip theo tp trung vo pha khch hng </li>\n                    <li>Lm vic trn nhiu d n cng mt lc v lun p ng cc thi hn d tho </li>\n                    <li> tt nghip hoc ang trong bt k nm hc no </li>\n                    <li>Chnh sa cng vic ca cc nh thit k trc  to ra mt thm m thng nht cho cc vt liu thng hiu ca chng ti </li>\n                </ul>\n            </div>\n            <h5> Chng ch </h5>\n            <div>\n                <ul>\n                    <li>B.C.A / M.C.A trong kho hc ca i hc Quc gia  hon thnh. </li>\n                    <li>3 nm kinh nghim thit k chuyn nghip tr ln </li>\n                    <li> tt nghip hoc ang trong bt k nm hc no </li>\n                    <li>Bng cp cao hoc kinh nghim tng ng trong thit k  ha v web </li>\n                </ul>\n            </div>'),('vi',22,'Advocate doanh nghip cp cao, EMEA','Et consequatur necessitatibus voluptatem. Consequatur sed aspernatur nostrum sed sit ex quia ut. Recusandae in quaerat maxime quaerat alias cum in ipsum. Recusandae fugiat voluptatibus enim dolor.','<h5> Trch nhim </h5>\n            <div>\n                <p>Vi t cch l Nh thit k sn phm, bn s lm vic trong Nhm phn phi sn phm kt hp vi UX, k thut, sn phm v ti nng d liu. </p>\n                <ul>\n                    <li>C kin thc vng chc v cc hot ng thng mi. </li>\n                    <li>Xy dng cc ng dng web th h tip theo tp trung vo pha khch hng </li>\n                    <li>Lm vic trn nhiu d n cng mt lc v lun p ng cc thi hn d tho </li>\n                    <li> tt nghip hoc ang trong bt k nm hc no </li>\n                    <li>Chnh sa cng vic ca cc nh thit k trc  to ra mt thm m thng nht cho cc vt liu thng hiu ca chng ti </li>\n                </ul>\n            </div>\n            <h5> Chng ch </h5>\n            <div>\n                <ul>\n                    <li>B.C.A / M.C.A trong kho hc ca i hc Quc gia  hon thnh. </li>\n                    <li>3 nm kinh nghim thit k chuyn nghip tr ln </li>\n                    <li> tt nghip hoc ang trong bt k nm hc no </li>\n                    <li>Bng cp cao hoc kinh nghim tng ng trong thit k  ha v web </li>\n                </ul>\n            </div>'),('vi',23,'Qun l bn giao dch','Dolorem suscipit porro est. Animi consequuntur aut ratione deleniti qui. Repellendus ut eum reiciendis saepe quidem. Ut est rerum perspiciatis laudantium. Quaerat velit dolor ut dolor.','<h5> Trch nhim </h5>\n            <div>\n                <p>Vi t cch l Nh thit k sn phm, bn s lm vic trong Nhm phn phi sn phm kt hp vi UX, k thut, sn phm v ti nng d liu. </p>\n                <ul>\n                    <li>C kin thc vng chc v cc hot ng thng mi. </li>\n                    <li>Xy dng cc ng dng web th h tip theo tp trung vo pha khch hng </li>\n                    <li>Lm vic trn nhiu d n cng mt lc v lun p ng cc thi hn d tho </li>\n                    <li> tt nghip hoc ang trong bt k nm hc no </li>\n                    <li>Chnh sa cng vic ca cc nh thit k trc  to ra mt thm m thng nht cho cc vt liu thng hiu ca chng ti </li>\n                </ul>\n            </div>\n            <h5> Chng ch </h5>\n            <div>\n                <ul>\n                    <li>B.C.A / M.C.A trong kho hc ca i hc Quc gia  hon thnh. </li>\n                    <li>3 nm kinh nghim thit k chuyn nghip tr ln </li>\n                    <li> tt nghip hoc ang trong bt k nm hc no </li>\n                    <li>Bng cp cao hoc kinh nghim tng ng trong thit k  ha v web </li>\n                </ul>\n            </div>'),('vi',24,'Gim c, Bi thng doanh thu','Facere et asperiores quia aut qui qui quas omnis. Ducimus qui provident sapiente et quia error. Excepturi est amet cumque aut magni. Sunt incidunt ut nemo ut.','<h5> Trch nhim </h5>\n            <div>\n                <p>Vi t cch l Nh thit k sn phm, bn s lm vic trong Nhm phn phi sn phm kt hp vi UX, k thut, sn phm v ti nng d liu. </p>\n                <ul>\n                    <li>C kin thc vng chc v cc hot ng thng mi. </li>\n                    <li>Xy dng cc ng dng web th h tip theo tp trung vo pha khch hng </li>\n                    <li>Lm vic trn nhiu d n cng mt lc v lun p ng cc thi hn d tho </li>\n                    <li> tt nghip hoc ang trong bt k nm hc no </li>\n                    <li>Chnh sa cng vic ca cc nh thit k trc  to ra mt thm m thng nht cho cc vt liu thng hiu ca chng ti </li>\n                </ul>\n            </div>\n            <h5> Chng ch </h5>\n            <div>\n                <ul>\n                    <li>B.C.A / M.C.A trong kho hc ca i hc Quc gia  hon thnh. </li>\n                    <li>3 nm kinh nghim thit k chuyn nghip tr ln </li>\n                    <li> tt nghip hoc ang trong bt k nm hc no </li>\n                    <li>Bng cp cao hoc kinh nghim tng ng trong thit k  ha v web </li>\n                </ul>\n            </div>'),('vi',25,'Qun l chng trnh','Et nisi totam eaque vero consequatur dolore. Nihil excepturi quae nihil inventore aut accusamus ducimus. Natus fuga eaque recusandae vitae laboriosam quaerat voluptatem sint.','<h5> Trch nhim </h5>\n            <div>\n                <p>Vi t cch l Nh thit k sn phm, bn s lm vic trong Nhm phn phi sn phm kt hp vi UX, k thut, sn phm v ti nng d liu. </p>\n                <ul>\n                    <li>C kin thc vng chc v cc hot ng thng mi. </li>\n                    <li>Xy dng cc ng dng web th h tip theo tp trung vo pha khch hng </li>\n                    <li>Lm vic trn nhiu d n cng mt lc v lun p ng cc thi hn d tho </li>\n                    <li> tt nghip hoc ang trong bt k nm hc no </li>\n                    <li>Chnh sa cng vic ca cc nh thit k trc  to ra mt thm m thng nht cho cc vt liu thng hiu ca chng ti </li>\n                </ul>\n            </div>\n            <h5> Chng ch </h5>\n            <div>\n                <ul>\n                    <li>B.C.A / M.C.A trong kho hc ca i hc Quc gia  hon thnh. </li>\n                    <li>3 nm kinh nghim thit k chuyn nghip tr ln </li>\n                    <li> tt nghip hoc ang trong bt k nm hc no </li>\n                    <li>Bng cp cao hoc kinh nghim tng ng trong thit k  ha v web </li>\n                </ul>\n            </div>'),('vi',26,'Sr. Manager, Deal Desk - INTL','Maiores totam necessitatibus delectus ipsum ea ut eum. Culpa adipisci eligendi dolorem in laborum mollitia. Qui rerum aliquid qui consequatur est possimus.','<h5> Trch nhim </h5>\n            <div>\n                <p>Vi t cch l Nh thit k sn phm, bn s lm vic trong Nhm phn phi sn phm kt hp vi UX, k thut, sn phm v ti nng d liu. </p>\n                <ul>\n                    <li>C kin thc vng chc v cc hot ng thng mi. </li>\n                    <li>Xy dng cc ng dng web th h tip theo tp trung vo pha khch hng </li>\n                    <li>Lm vic trn nhiu d n cng mt lc v lun p ng cc thi hn d tho </li>\n                    <li> tt nghip hoc ang trong bt k nm hc no </li>\n                    <li>Chnh sa cng vic ca cc nh thit k trc  to ra mt thm m thng nht cho cc vt liu thng hiu ca chng ti </li>\n                </ul>\n            </div>\n            <h5> Chng ch </h5>\n            <div>\n                <ul>\n                    <li>B.C.A / M.C.A trong kho hc ca i hc Quc gia  hon thnh. </li>\n                    <li>3 nm kinh nghim thit k chuyn nghip tr ln </li>\n                    <li> tt nghip hoc ang trong bt k nm hc no </li>\n                    <li>Bng cp cao hoc kinh nghim tng ng trong thit k  ha v web </li>\n                </ul>\n            </div>'),('vi',27,'Gim c cp cao, Qun l sn phm v Dch v in ton','Excepturi inventore quis ipsum totam exercitationem a quasi. Ab molestias eveniet neque delectus facere qui et. In quia natus provident quas aliquam quae dolores architecto.','<h5> Trch nhim </h5>\n            <div>\n                <p>Vi t cch l Nh thit k sn phm, bn s lm vic trong Nhm phn phi sn phm kt hp vi UX, k thut, sn phm v ti nng d liu. </p>\n                <ul>\n                    <li>C kin thc vng chc v cc hot ng thng mi. </li>\n                    <li>Xy dng cc ng dng web th h tip theo tp trung vo pha khch hng </li>\n                    <li>Lm vic trn nhiu d n cng mt lc v lun p ng cc thi hn d tho </li>\n                    <li> tt nghip hoc ang trong bt k nm hc no </li>\n                    <li>Chnh sa cng vic ca cc nh thit k trc  to ra mt thm m thng nht cho cc vt liu thng hiu ca chng ti </li>\n                </ul>\n            </div>\n            <h5> Chng ch </h5>\n            <div>\n                <ul>\n                    <li>B.C.A / M.C.A trong kho hc ca i hc Quc gia  hon thnh. </li>\n                    <li>3 nm kinh nghim thit k chuyn nghip tr ln </li>\n                    <li> tt nghip hoc ang trong bt k nm hc no </li>\n                    <li>Bng cp cao hoc kinh nghim tng ng trong thit k  ha v web </li>\n                </ul>\n            </div>'),('vi',28,'Gim c Alliances','Molestiae sit rerum voluptatem quia ut. Neque quo at quia et ut. Velit omnis eligendi est.','<h5> Trch nhim </h5>\n            <div>\n                <p>Vi t cch l Nh thit k sn phm, bn s lm vic trong Nhm phn phi sn phm kt hp vi UX, k thut, sn phm v ti nng d liu. </p>\n                <ul>\n                    <li>C kin thc vng chc v cc hot ng thng mi. </li>\n                    <li>Xy dng cc ng dng web th h tip theo tp trung vo pha khch hng </li>\n                    <li>Lm vic trn nhiu d n cng mt lc v lun p ng cc thi hn d tho </li>\n                    <li> tt nghip hoc ang trong bt k nm hc no </li>\n                    <li>Chnh sa cng vic ca cc nh thit k trc  to ra mt thm m thng nht cho cc vt liu thng hiu ca chng ti </li>\n                </ul>\n            </div>\n            <h5> Chng ch </h5>\n            <div>\n                <ul>\n                    <li>B.C.A / M.C.A trong kho hc ca i hc Quc gia  hon thnh. </li>\n                    <li>3 nm kinh nghim thit k chuyn nghip tr ln </li>\n                    <li> tt nghip hoc ang trong bt k nm hc no </li>\n                    <li>Bng cp cao hoc kinh nghim tng ng trong thit k  ha v web </li>\n                </ul>\n            </div>'),('vi',29,'i din bn hng ca cng ty','Et in sapiente earum. Similique et aut et. Dolorum maiores est commodi veniam autem. Iste inventore dolores voluptatem dolor vel laborum autem.','<h5> Trch nhim </h5>\n            <div>\n                <p>Vi t cch l Nh thit k sn phm, bn s lm vic trong Nhm phn phi sn phm kt hp vi UX, k thut, sn phm v ti nng d liu. </p>\n                <ul>\n                    <li>C kin thc vng chc v cc hot ng thng mi. </li>\n                    <li>Xy dng cc ng dng web th h tip theo tp trung vo pha khch hng </li>\n                    <li>Lm vic trn nhiu d n cng mt lc v lun p ng cc thi hn d tho </li>\n                    <li> tt nghip hoc ang trong bt k nm hc no </li>\n                    <li>Chnh sa cng vic ca cc nh thit k trc  to ra mt thm m thng nht cho cc vt liu thng hiu ca chng ti </li>\n                </ul>\n            </div>\n            <h5> Chng ch </h5>\n            <div>\n                <ul>\n                    <li>B.C.A / M.C.A trong kho hc ca i hc Quc gia  hon thnh. </li>\n                    <li>3 nm kinh nghim thit k chuyn nghip tr ln </li>\n                    <li> tt nghip hoc ang trong bt k nm hc no </li>\n                    <li>Bng cp cao hoc kinh nghim tng ng trong thit k  ha v web </li>\n                </ul>\n            </div>'),('vi',30,'Lnh o t nc','Ut et et nihil eum. Natus nostrum eum animi blanditiis.','<h5> Trch nhim </h5>\n            <div>\n                <p>Vi t cch l Nh thit k sn phm, bn s lm vic trong Nhm phn phi sn phm kt hp vi UX, k thut, sn phm v ti nng d liu. </p>\n                <ul>\n                    <li>C kin thc vng chc v cc hot ng thng mi. </li>\n                    <li>Xy dng cc ng dng web th h tip theo tp trung vo pha khch hng </li>\n                    <li>Lm vic trn nhiu d n cng mt lc v lun p ng cc thi hn d tho </li>\n                    <li> tt nghip hoc ang trong bt k nm hc no </li>\n                    <li>Chnh sa cng vic ca cc nh thit k trc  to ra mt thm m thng nht cho cc vt liu thng hiu ca chng ti </li>\n                </ul>\n            </div>\n            <h5> Chng ch </h5>\n            <div>\n                <ul>\n                    <li>B.C.A / M.C.A trong kho hc ca i hc Quc gia  hon thnh. </li>\n                    <li>3 nm kinh nghim thit k chuyn nghip tr ln </li>\n                    <li> tt nghip hoc ang trong bt k nm hc no </li>\n                    <li>Bng cp cao hoc kinh nghim tng ng trong thit k  ha v web </li>\n                </ul>\n            </div>'),('vi',31,'Kin trc s khch hng','Vel in molestiae asperiores repudiandae at asperiores et. Cum exercitationem quibusdam odio veniam optio tempore. Eaque enim nam quis rerum odio nobis necessitatibus.','<h5> Trch nhim </h5>\n            <div>\n                <p>Vi t cch l Nh thit k sn phm, bn s lm vic trong Nhm phn phi sn phm kt hp vi UX, k thut, sn phm v ti nng d liu. </p>\n                <ul>\n                    <li>C kin thc vng chc v cc hot ng thng mi. </li>\n                    <li>Xy dng cc ng dng web th h tip theo tp trung vo pha khch hng </li>\n                    <li>Lm vic trn nhiu d n cng mt lc v lun p ng cc thi hn d tho </li>\n                    <li> tt nghip hoc ang trong bt k nm hc no </li>\n                    <li>Chnh sa cng vic ca cc nh thit k trc  to ra mt thm m thng nht cho cc vt liu thng hiu ca chng ti </li>\n                </ul>\n            </div>\n            <h5> Chng ch </h5>\n            <div>\n                <ul>\n                    <li>B.C.A / M.C.A trong kho hc ca i hc Quc gia  hon thnh. </li>\n                    <li>3 nm kinh nghim thit k chuyn nghip tr ln </li>\n                    <li> tt nghip hoc ang trong bt k nm hc no </li>\n                    <li>Bng cp cao hoc kinh nghim tng ng trong thit k  ha v web </li>\n                </ul>\n            </div>'),('vi',32,'Nhn vin iu hnh ti khon DevOps','Qui iusto qui ducimus dolores. Rerum at molestiae quidem vero qui corrupti modi. Eveniet ullam repudiandae quia harum dicta iusto. Amet voluptates ad eligendi praesentium amet.','<h5> Trch nhim </h5>\n            <div>\n                <p>Vi t cch l Nh thit k sn phm, bn s lm vic trong Nhm phn phi sn phm kt hp vi UX, k thut, sn phm v ti nng d liu. </p>\n                <ul>\n                    <li>C kin thc vng chc v cc hot ng thng mi. </li>\n                    <li>Xy dng cc ng dng web th h tip theo tp trung vo pha khch hng </li>\n                    <li>Lm vic trn nhiu d n cng mt lc v lun p ng cc thi hn d tho </li>\n                    <li> tt nghip hoc ang trong bt k nm hc no </li>\n                    <li>Chnh sa cng vic ca cc nh thit k trc  to ra mt thm m thng nht cho cc vt liu thng hiu ca chng ti </li>\n                </ul>\n            </div>\n            <h5> Chng ch </h5>\n            <div>\n                <ul>\n                    <li>B.C.A / M.C.A trong kho hc ca i hc Quc gia  hon thnh. </li>\n                    <li>3 nm kinh nghim thit k chuyn nghip tr ln </li>\n                    <li> tt nghip hoc ang trong bt k nm hc no </li>\n                    <li>Bng cp cao hoc kinh nghim tng ng trong thit k  ha v web </li>\n                </ul>\n            </div>'),('vi',33,'K ton doanh nghip','Quae ullam voluptatem dolorem. Ducimus nesciunt aliquam ut dolore.','<h5> Trch nhim </h5>\n            <div>\n                <p>Vi t cch l Nh thit k sn phm, bn s lm vic trong Nhm phn phi sn phm kt hp vi UX, k thut, sn phm v ti nng d liu. </p>\n                <ul>\n                    <li>C kin thc vng chc v cc hot ng thng mi. </li>\n                    <li>Xy dng cc ng dng web th h tip theo tp trung vo pha khch hng </li>\n                    <li>Lm vic trn nhiu d n cng mt lc v lun p ng cc thi hn d tho </li>\n                    <li> tt nghip hoc ang trong bt k nm hc no </li>\n                    <li>Chnh sa cng vic ca cc nh thit k trc  to ra mt thm m thng nht cho cc vt liu thng hiu ca chng ti </li>\n                </ul>\n            </div>\n            <h5> Chng ch </h5>\n            <div>\n                <ul>\n                    <li>B.C.A / M.C.A trong kho hc ca i hc Quc gia  hon thnh. </li>\n                    <li>3 nm kinh nghim thit k chuyn nghip tr ln </li>\n                    <li> tt nghip hoc ang trong bt k nm hc no </li>\n                    <li>Bng cp cao hoc kinh nghim tng ng trong thit k  ha v web </li>\n                </ul>\n            </div>'),('vi',34,'Gim c k thut cp cao, K thut bo mt sn phm','Autem aut esse et et voluptas voluptate rerum recusandae. Vel ut quidem aliquam eligendi. Molestiae eum et ullam aliquid cupiditate laborum.','<h5> Trch nhim </h5>\n            <div>\n                <p>Vi t cch l Nh thit k sn phm, bn s lm vic trong Nhm phn phi sn phm kt hp vi UX, k thut, sn phm v ti nng d liu. </p>\n                <ul>\n                    <li>C kin thc vng chc v cc hot ng thng mi. </li>\n                    <li>Xy dng cc ng dng web th h tip theo tp trung vo pha khch hng </li>\n                    <li>Lm vic trn nhiu d n cng mt lc v lun p ng cc thi hn d tho </li>\n                    <li> tt nghip hoc ang trong bt k nm hc no </li>\n                    <li>Chnh sa cng vic ca cc nh thit k trc  to ra mt thm m thng nht cho cc vt liu thng hiu ca chng ti </li>\n                </ul>\n            </div>\n            <h5> Chng ch </h5>\n            <div>\n                <ul>\n                    <li>B.C.A / M.C.A trong kho hc ca i hc Quc gia  hon thnh. </li>\n                    <li>3 nm kinh nghim thit k chuyn nghip tr ln </li>\n                    <li> tt nghip hoc ang trong bt k nm hc no </li>\n                    <li>Bng cp cao hoc kinh nghim tng ng trong thit k  ha v web </li>\n                </ul>\n            </div>'),('vi',35,'K s  tin cy ca khch hng III','Ea vitae at est saepe cum consequatur. Voluptatem nostrum voluptates corrupti et. Voluptas qui dolorem voluptatem excepturi cupiditate ut est illum. Perspiciatis ea numquam autem doloribus est qui.','<h5> Trch nhim </h5>\n            <div>\n                <p>Vi t cch l Nh thit k sn phm, bn s lm vic trong Nhm phn phi sn phm kt hp vi UX, k thut, sn phm v ti nng d liu. </p>\n                <ul>\n                    <li>C kin thc vng chc v cc hot ng thng mi. </li>\n                    <li>Xy dng cc ng dng web th h tip theo tp trung vo pha khch hng </li>\n                    <li>Lm vic trn nhiu d n cng mt lc v lun p ng cc thi hn d tho </li>\n                    <li> tt nghip hoc ang trong bt k nm hc no </li>\n                    <li>Chnh sa cng vic ca cc nh thit k trc  to ra mt thm m thng nht cho cc vt liu thng hiu ca chng ti </li>\n                </ul>\n            </div>\n            <h5> Chng ch </h5>\n            <div>\n                <ul>\n                    <li>B.C.A / M.C.A trong kho hc ca i hc Quc gia  hon thnh. </li>\n                    <li>3 nm kinh nghim thit k chuyn nghip tr ln </li>\n                    <li> tt nghip hoc ang trong bt k nm hc no </li>\n                    <li>Bng cp cao hoc kinh nghim tng ng trong thit k  ha v web </li>\n                </ul>\n            </div>'),('vi',36,'K s h tr (Ting Nht h tr doanh nghip)','Labore quia voluptates quos laudantium beatae a et. Distinctio beatae consectetur quam adipisci fuga qui. Nulla et ipsa quia ut dignissimos quia veniam.','<h5> Trch nhim </h5>\n            <div>\n                <p>Vi t cch l Nh thit k sn phm, bn s lm vic trong Nhm phn phi sn phm kt hp vi UX, k thut, sn phm v ti nng d liu. </p>\n                <ul>\n                    <li>C kin thc vng chc v cc hot ng thng mi. </li>\n                    <li>Xy dng cc ng dng web th h tip theo tp trung vo pha khch hng </li>\n                    <li>Lm vic trn nhiu d n cng mt lc v lun p ng cc thi hn d tho </li>\n                    <li> tt nghip hoc ang trong bt k nm hc no </li>\n                    <li>Chnh sa cng vic ca cc nh thit k trc  to ra mt thm m thng nht cho cc vt liu thng hiu ca chng ti </li>\n                </ul>\n            </div>\n            <h5> Chng ch </h5>\n            <div>\n                <ul>\n                    <li>B.C.A / M.C.A trong kho hc ca i hc Quc gia  hon thnh. </li>\n                    <li>3 nm kinh nghim thit k chuyn nghip tr ln </li>\n                    <li> tt nghip hoc ang trong bt k nm hc no </li>\n                    <li>Bng cp cao hoc kinh nghim tng ng trong thit k  ha v web </li>\n                </ul>\n            </div>'),('vi',37,'Gim c i tc k thut','At sunt voluptas laborum consequatur et. Alias ut perspiciatis doloribus aut eaque quia. Facilis voluptatem itaque assumenda et nemo tempora quidem.','<h5> Trch nhim </h5>\n            <div>\n                <p>Vi t cch l Nh thit k sn phm, bn s lm vic trong Nhm phn phi sn phm kt hp vi UX, k thut, sn phm v ti nng d liu. </p>\n                <ul>\n                    <li>C kin thc vng chc v cc hot ng thng mi. </li>\n                    <li>Xy dng cc ng dng web th h tip theo tp trung vo pha khch hng </li>\n                    <li>Lm vic trn nhiu d n cng mt lc v lun p ng cc thi hn d tho </li>\n                    <li> tt nghip hoc ang trong bt k nm hc no </li>\n                    <li>Chnh sa cng vic ca cc nh thit k trc  to ra mt thm m thng nht cho cc vt liu thng hiu ca chng ti </li>\n                </ul>\n            </div>\n            <h5> Chng ch </h5>\n            <div>\n                <ul>\n                    <li>B.C.A / M.C.A trong kho hc ca i hc Quc gia  hon thnh. </li>\n                    <li>3 nm kinh nghim thit k chuyn nghip tr ln </li>\n                    <li> tt nghip hoc ang trong bt k nm hc no </li>\n                    <li>Bng cp cao hoc kinh nghim tng ng trong thit k  ha v web </li>\n                </ul>\n            </div>'),('vi',38,'Qun l ti khon ni b','Quo aspernatur est et ut harum fugiat. Sequi dolorum nostrum ea amet cupiditate in. Quia ut atque omnis libero animi laboriosam provident.','<h5> Trch nhim </h5>\n            <div>\n                <p>Vi t cch l Nh thit k sn phm, bn s lm vic trong Nhm phn phi sn phm kt hp vi UX, k thut, sn phm v ti nng d liu. </p>\n                <ul>\n                    <li>C kin thc vng chc v cc hot ng thng mi. </li>\n                    <li>Xy dng cc ng dng web th h tip theo tp trung vo pha khch hng </li>\n                    <li>Lm vic trn nhiu d n cng mt lc v lun p ng cc thi hn d tho </li>\n                    <li> tt nghip hoc ang trong bt k nm hc no </li>\n                    <li>Chnh sa cng vic ca cc nh thit k trc  to ra mt thm m thng nht cho cc vt liu thng hiu ca chng ti </li>\n                </ul>\n            </div>\n            <h5> Chng ch </h5>\n            <div>\n                <ul>\n                    <li>B.C.A / M.C.A trong kho hc ca i hc Quc gia  hon thnh. </li>\n                    <li>3 nm kinh nghim thit k chuyn nghip tr ln </li>\n                    <li> tt nghip hoc ang trong bt k nm hc no </li>\n                    <li>Bng cp cao hoc kinh nghim tng ng trong thit k  ha v web </li>\n                </ul>\n            </div>'),('vi',39,'i din kinh doanh dch v','Sunt quibusdam hic exercitationem illum nulla temporibus. Aut quaerat reiciendis saepe sit dolores. Vitae tenetur numquam maiores debitis repellendus delectus. Omnis ea qui dicta voluptas et qui id.','<h5> Trch nhim </h5>\n            <div>\n                <p>Vi t cch l Nh thit k sn phm, bn s lm vic trong Nhm phn phi sn phm kt hp vi UX, k thut, sn phm v ti nng d liu. </p>\n                <ul>\n                    <li>C kin thc vng chc v cc hot ng thng mi. </li>\n                    <li>Xy dng cc ng dng web th h tip theo tp trung vo pha khch hng </li>\n                    <li>Lm vic trn nhiu d n cng mt lc v lun p ng cc thi hn d tho </li>\n                    <li> tt nghip hoc ang trong bt k nm hc no </li>\n                    <li>Chnh sa cng vic ca cc nh thit k trc  to ra mt thm m thng nht cho cc vt liu thng hiu ca chng ti </li>\n                </ul>\n            </div>\n            <h5> Chng ch </h5>\n            <div>\n                <ul>\n                    <li>B.C.A / M.C.A trong kho hc ca i hc Quc gia  hon thnh. </li>\n                    <li>3 nm kinh nghim thit k chuyn nghip tr ln </li>\n                    <li> tt nghip hoc ang trong bt k nm hc no </li>\n                    <li>Bng cp cao hoc kinh nghim tng ng trong thit k  ha v web </li>\n                </ul>\n            </div>'),('vi',40,'Gim c cung cp dch v','Quas iste optio illo necessitatibus delectus repudiandae est. Aut aperiam in consequuntur rerum eum qui rerum. Iure delectus aspernatur consequatur eos esse.','<h5> Trch nhim </h5>\n            <div>\n                <p>Vi t cch l Nh thit k sn phm, bn s lm vic trong Nhm phn phi sn phm kt hp vi UX, k thut, sn phm v ti nng d liu. </p>\n                <ul>\n                    <li>C kin thc vng chc v cc hot ng thng mi. </li>\n                    <li>Xy dng cc ng dng web th h tip theo tp trung vo pha khch hng </li>\n                    <li>Lm vic trn nhiu d n cng mt lc v lun p ng cc thi hn d tho </li>\n                    <li> tt nghip hoc ang trong bt k nm hc no </li>\n                    <li>Chnh sa cng vic ca cc nh thit k trc  to ra mt thm m thng nht cho cc vt liu thng hiu ca chng ti </li>\n                </ul>\n            </div>\n            <h5> Chng ch </h5>\n            <div>\n                <ul>\n                    <li>B.C.A / M.C.A trong kho hc ca i hc Quc gia  hon thnh. </li>\n                    <li>3 nm kinh nghim thit k chuyn nghip tr ln </li>\n                    <li> tt nghip hoc ang trong bt k nm hc no </li>\n                    <li>Bng cp cao hoc kinh nghim tng ng trong thit k  ha v web </li>\n                </ul>\n            </div>'),('vi',41,'K s gii php cao cp','Dolorem cupiditate incidunt facilis facere ducimus. Aut maxime et sint cumque itaque. Rerum id ut consequatur ut eaque et assumenda aliquam. Dolore omnis expedita voluptatem.','<h5> Trch nhim </h5>\n            <div>\n                <p>Vi t cch l Nh thit k sn phm, bn s lm vic trong Nhm phn phi sn phm kt hp vi UX, k thut, sn phm v ti nng d liu. </p>\n                <ul>\n                    <li>C kin thc vng chc v cc hot ng thng mi. </li>\n                    <li>Xy dng cc ng dng web th h tip theo tp trung vo pha khch hng </li>\n                    <li>Lm vic trn nhiu d n cng mt lc v lun p ng cc thi hn d tho </li>\n                    <li> tt nghip hoc ang trong bt k nm hc no </li>\n                    <li>Chnh sa cng vic ca cc nh thit k trc  to ra mt thm m thng nht cho cc vt liu thng hiu ca chng ti </li>\n                </ul>\n            </div>\n            <h5> Chng ch </h5>\n            <div>\n                <ul>\n                    <li>B.C.A / M.C.A trong kho hc ca i hc Quc gia  hon thnh. </li>\n                    <li>3 nm kinh nghim thit k chuyn nghip tr ln </li>\n                    <li> tt nghip hoc ang trong bt k nm hc no </li>\n                    <li>Bng cp cao hoc kinh nghim tng ng trong thit k  ha v web </li>\n                </ul>\n            </div>'),('vi',42,'K s cung cp dch v cao cp','Non quo animi occaecati aut doloremque. Odio voluptas praesentium non illum aut aliquam. Similique id velit ut nulla iusto sint qui molestiae. Velit ab repudiandae est itaque consequatur magnam.','<h5> Trch nhim </h5>\n            <div>\n                <p>Vi t cch l Nh thit k sn phm, bn s lm vic trong Nhm phn phi sn phm kt hp vi UX, k thut, sn phm v ti nng d liu. </p>\n                <ul>\n                    <li>C kin thc vng chc v cc hot ng thng mi. </li>\n                    <li>Xy dng cc ng dng web th h tip theo tp trung vo pha khch hng </li>\n                    <li>Lm vic trn nhiu d n cng mt lc v lun p ng cc thi hn d tho </li>\n                    <li> tt nghip hoc ang trong bt k nm hc no </li>\n                    <li>Chnh sa cng vic ca cc nh thit k trc  to ra mt thm m thng nht cho cc vt liu thng hiu ca chng ti </li>\n                </ul>\n            </div>\n            <h5> Chng ch </h5>\n            <div>\n                <ul>\n                    <li>B.C.A / M.C.A trong kho hc ca i hc Quc gia  hon thnh. </li>\n                    <li>3 nm kinh nghim thit k chuyn nghip tr ln </li>\n                    <li> tt nghip hoc ang trong bt k nm hc no </li>\n                    <li>Bng cp cao hoc kinh nghim tng ng trong thit k  ha v web </li>\n                </ul>\n            </div>'),('vi',43,'Gim c cp cao, Pht trin kinh doanh ton cu','Laboriosam et eius accusantium tenetur ullam quo nam. Quibusdam perspiciatis enim ducimus quo. Et delectus reprehenderit illo tempora sunt voluptatem debitis. Et maxime error vel totam explicabo id.','<h5> Trch nhim </h5>\n            <div>\n                <p>Vi t cch l Nh thit k sn phm, bn s lm vic trong Nhm phn phi sn phm kt hp vi UX, k thut, sn phm v ti nng d liu. </p>\n                <ul>\n                    <li>C kin thc vng chc v cc hot ng thng mi. </li>\n                    <li>Xy dng cc ng dng web th h tip theo tp trung vo pha khch hng </li>\n                    <li>Lm vic trn nhiu d n cng mt lc v lun p ng cc thi hn d tho </li>\n                    <li> tt nghip hoc ang trong bt k nm hc no </li>\n                    <li>Chnh sa cng vic ca cc nh thit k trc  to ra mt thm m thng nht cho cc vt liu thng hiu ca chng ti </li>\n                </ul>\n            </div>\n            <h5> Chng ch </h5>\n            <div>\n                <ul>\n                    <li>B.C.A / M.C.A trong kho hc ca i hc Quc gia  hon thnh. </li>\n                    <li>3 nm kinh nghim thit k chuyn nghip tr ln </li>\n                    <li> tt nghip hoc ang trong bt k nm hc no </li>\n                    <li>Bng cp cao hoc kinh nghim tng ng trong thit k  ha v web </li>\n                </ul>\n            </div>'),('vi',44,'Gim c chng trnh i tc','Perspiciatis et odio id sunt sit magni praesentium eius. Cumque facere veniam ut rerum ut et sunt deleniti.','<h5> Trch nhim </h5>\n            <div>\n                <p>Vi t cch l Nh thit k sn phm, bn s lm vic trong Nhm phn phi sn phm kt hp vi UX, k thut, sn phm v ti nng d liu. </p>\n                <ul>\n                    <li>C kin thc vng chc v cc hot ng thng mi. </li>\n                    <li>Xy dng cc ng dng web th h tip theo tp trung vo pha khch hng </li>\n                    <li>Lm vic trn nhiu d n cng mt lc v lun p ng cc thi hn d tho </li>\n                    <li> tt nghip hoc ang trong bt k nm hc no </li>\n                    <li>Chnh sa cng vic ca cc nh thit k trc  to ra mt thm m thng nht cho cc vt liu thng hiu ca chng ti </li>\n                </ul>\n            </div>\n            <h5> Chng ch </h5>\n            <div>\n                <ul>\n                    <li>B.C.A / M.C.A trong kho hc ca i hc Quc gia  hon thnh. </li>\n                    <li>3 nm kinh nghim thit k chuyn nghip tr ln </li>\n                    <li> tt nghip hoc ang trong bt k nm hc no </li>\n                    <li>Bng cp cao hoc kinh nghim tng ng trong thit k  ha v web </li>\n                </ul>\n            </div>'),('vi',45,'K s gii php m my chnh','Enim omnis id id ducimus consectetur ex. Ab magni quis blanditiis et labore excepturi. Quam autem iure accusamus id mollitia. In molestias aut quod omnis quia vitae possimus odio.','<h5> Trch nhim </h5>\n            <div>\n                <p>Vi t cch l Nh thit k sn phm, bn s lm vic trong Nhm phn phi sn phm kt hp vi UX, k thut, sn phm v ti nng d liu. </p>\n                <ul>\n                    <li>C kin thc vng chc v cc hot ng thng mi. </li>\n                    <li>Xy dng cc ng dng web th h tip theo tp trung vo pha khch hng </li>\n                    <li>Lm vic trn nhiu d n cng mt lc v lun p ng cc thi hn d tho </li>\n                    <li> tt nghip hoc ang trong bt k nm hc no </li>\n                    <li>Chnh sa cng vic ca cc nh thit k trc  to ra mt thm m thng nht cho cc vt liu thng hiu ca chng ti </li>\n                </ul>\n            </div>\n            <h5> Chng ch </h5>\n            <div>\n                <ul>\n                    <li>B.C.A / M.C.A trong kho hc ca i hc Quc gia  hon thnh. </li>\n                    <li>3 nm kinh nghim thit k chuyn nghip tr ln </li>\n                    <li> tt nghip hoc ang trong bt k nm hc no </li>\n                    <li>Bng cp cao hoc kinh nghim tng ng trong thit k  ha v web </li>\n                </ul>\n            </div>'),('vi',46,'K s gii php m my cao cp','Facere quo dignissimos iusto dolorum in commodi optio dolor. Iste et tempora recusandae placeat autem.','<h5> Trch nhim </h5>\n            <div>\n                <p>Vi t cch l Nh thit k sn phm, bn s lm vic trong Nhm phn phi sn phm kt hp vi UX, k thut, sn phm v ti nng d liu. </p>\n                <ul>\n                    <li>C kin thc vng chc v cc hot ng thng mi. </li>\n                    <li>Xy dng cc ng dng web th h tip theo tp trung vo pha khch hng </li>\n                    <li>Lm vic trn nhiu d n cng mt lc v lun p ng cc thi hn d tho </li>\n                    <li> tt nghip hoc ang trong bt k nm hc no </li>\n                    <li>Chnh sa cng vic ca cc nh thit k trc  to ra mt thm m thng nht cho cc vt liu thng hiu ca chng ti </li>\n                </ul>\n            </div>\n            <h5> Chng ch </h5>\n            <div>\n                <ul>\n                    <li>B.C.A / M.C.A trong kho hc ca i hc Quc gia  hon thnh. </li>\n                    <li>3 nm kinh nghim thit k chuyn nghip tr ln </li>\n                    <li> tt nghip hoc ang trong bt k nm hc no </li>\n                    <li>Bng cp cao hoc kinh nghim tng ng trong thit k  ha v web </li>\n                </ul>\n            </div>'),('vi',47,'Gim c khch hng cao cp','Facilis aut debitis enim. Rerum harum eligendi delectus rerum accusantium dolores. Nihil similique id quos et nostrum quia.','<h5> Trch nhim </h5>\n            <div>\n                <p>Vi t cch l Nh thit k sn phm, bn s lm vic trong Nhm phn phi sn phm kt hp vi UX, k thut, sn phm v ti nng d liu. </p>\n                <ul>\n                    <li>C kin thc vng chc v cc hot ng thng mi. </li>\n                    <li>Xy dng cc ng dng web th h tip theo tp trung vo pha khch hng </li>\n                    <li>Lm vic trn nhiu d n cng mt lc v lun p ng cc thi hn d tho </li>\n                    <li> tt nghip hoc ang trong bt k nm hc no </li>\n                    <li>Chnh sa cng vic ca cc nh thit k trc  to ra mt thm m thng nht cho cc vt liu thng hiu ca chng ti </li>\n                </ul>\n            </div>\n            <h5> Chng ch </h5>\n            <div>\n                <ul>\n                    <li>B.C.A / M.C.A trong kho hc ca i hc Quc gia  hon thnh. </li>\n                    <li>3 nm kinh nghim thit k chuyn nghip tr ln </li>\n                    <li> tt nghip hoc ang trong bt k nm hc no </li>\n                    <li>Bng cp cao hoc kinh nghim tng ng trong thit k  ha v web </li>\n                </ul>\n            </div>'),('vi',48,'Qun l ti khon insider','Consequatur fugit molestiae sint dicta assumenda. Dolor eum sit vel blanditiis unde in. Voluptate quia assumenda temporibus. Natus ipsum est non dolorem at quia culpa.','<h5> Trch nhim </h5>\n            <div>\n                <p>Vi t cch l Nh thit k sn phm, bn s lm vic trong Nhm phn phi sn phm kt hp vi UX, k thut, sn phm v ti nng d liu. </p>\n                <ul>\n                    <li>C kin thc vng chc v cc hot ng thng mi. </li>\n                    <li>Xy dng cc ng dng web th h tip theo tp trung vo pha khch hng </li>\n                    <li>Lm vic trn nhiu d n cng mt lc v lun p ng cc thi hn d tho </li>\n                    <li> tt nghip hoc ang trong bt k nm hc no </li>\n                    <li>Chnh sa cng vic ca cc nh thit k trc  to ra mt thm m thng nht cho cc vt liu thng hiu ca chng ti </li>\n                </ul>\n            </div>\n            <h5> Chng ch </h5>\n            <div>\n                <ul>\n                    <li>B.C.A / M.C.A trong kho hc ca i hc Quc gia  hon thnh. </li>\n                    <li>3 nm kinh nghim thit k chuyn nghip tr ln </li>\n                    <li> tt nghip hoc ang trong bt k nm hc no </li>\n                    <li>Bng cp cao hoc kinh nghim tng ng trong thit k  ha v web </li>\n                </ul>\n            </div>'),('vi',49,'UX Jobs Board','Sint tempore est quia ipsam. Qui eaque amet ut quasi. Minus et omnis fugit laudantium nulla. Modi aut dolorem consequatur corporis et.','<h5> Trch nhim </h5>\n            <div>\n                <p>Vi t cch l Nh thit k sn phm, bn s lm vic trong Nhm phn phi sn phm kt hp vi UX, k thut, sn phm v ti nng d liu. </p>\n                <ul>\n                    <li>C kin thc vng chc v cc hot ng thng mi. </li>\n                    <li>Xy dng cc ng dng web th h tip theo tp trung vo pha khch hng </li>\n                    <li>Lm vic trn nhiu d n cng mt lc v lun p ng cc thi hn d tho </li>\n                    <li> tt nghip hoc ang trong bt k nm hc no </li>\n                    <li>Chnh sa cng vic ca cc nh thit k trc  to ra mt thm m thng nht cho cc vt liu thng hiu ca chng ti </li>\n                </ul>\n            </div>\n            <h5> Chng ch </h5>\n            <div>\n                <ul>\n                    <li>B.C.A / M.C.A trong kho hc ca i hc Quc gia  hon thnh. </li>\n                    <li>3 nm kinh nghim thit k chuyn nghip tr ln </li>\n                    <li> tt nghip hoc ang trong bt k nm hc no </li>\n                    <li>Bng cp cao hoc kinh nghim tng ng trong thit k  ha v web </li>\n                </ul>\n            </div>'),('vi',50,'Lp trnh vin Laravel Senior (TALL Stack)','Eos perferendis dolor nihil sunt. Saepe rerum sequi aut quis. Sequi tempora molestias sed voluptatem ea ratione. Magni et cupiditate est doloremque asperiores itaque.','<h5> Trch nhim </h5>\n            <div>\n                <p>Vi t cch l Nh thit k sn phm, bn s lm vic trong Nhm phn phi sn phm kt hp vi UX, k thut, sn phm v ti nng d liu. </p>\n                <ul>\n                    <li>C kin thc vng chc v cc hot ng thng mi. </li>\n                    <li>Xy dng cc ng dng web th h tip theo tp trung vo pha khch hng </li>\n                    <li>Lm vic trn nhiu d n cng mt lc v lun p ng cc thi hn d tho </li>\n                    <li> tt nghip hoc ang trong bt k nm hc no </li>\n                    <li>Chnh sa cng vic ca cc nh thit k trc  to ra mt thm m thng nht cho cc vt liu thng hiu ca chng ti </li>\n                </ul>\n            </div>\n            <h5> Chng ch </h5>\n            <div>\n                <ul>\n                    <li>B.C.A / M.C.A trong kho hc ca i hc Quc gia  hon thnh. </li>\n                    <li>3 nm kinh nghim thit k chuyn nghip tr ln </li>\n                    <li> tt nghip hoc ang trong bt k nm hc no </li>\n                    <li>Bng cp cao hoc kinh nghim tng ng trong thit k  ha v web </li>\n                </ul>\n            </div>');
/*!40000 ALTER TABLE `jb_jobs_translations` ENABLE KEYS */;
UNLOCK TABLES;

--
-- Table structure for table `jb_jobs_types`
--

DROP TABLE IF EXISTS `jb_jobs_types`;
/*!40101 SET @saved_cs_client     = @@character_set_client */;
/*!50503 SET character_set_client = utf8mb4 */;
CREATE TABLE `jb_jobs_types` (
  `job_id` bigint unsigned NOT NULL,
  `job_type_id` bigint unsigned NOT NULL
) ENGINE=InnoDB DEFAULT CHARSET=utf8mb4 COLLATE=utf8mb4_unicode_ci;
/*!40101 SET character_set_client = @saved_cs_client */;

--
-- Dumping data for table `jb_jobs_types`
--

LOCK TABLES `jb_jobs_types` WRITE;
/*!40000 ALTER TABLE `jb_jobs_types` DISABLE KEYS */;
INSERT INTO `jb_jobs_types` VALUES (1,5),(2,4),(3,3),(4,1),(5,3),(6,3),(7,5),(8,4),(9,1),(10,1),(11,1),(12,5),(13,5),(14,5),(15,2),(16,3),(17,1),(18,1),(19,1),(20,2),(21,3),(22,1),(23,3),(24,2),(25,4),(26,2),(27,5),(28,5),(29,1),(30,5),(31,2),(32,4),(33,5),(34,1),(35,5),(36,5),(37,2),(38,3),(39,4),(40,4),(41,4),(42,5),(43,2),(44,3),(45,3),(46,2),(47,5),(48,2),(49,2),(50,4),(51,1);
/*!40000 ALTER TABLE `jb_jobs_types` ENABLE KEYS */;
UNLOCK TABLES;

--
-- Table structure for table `jb_language_levels`
--

DROP TABLE IF EXISTS `jb_language_levels`;
/*!40101 SET @saved_cs_client     = @@character_set_client */;
/*!50503 SET character_set_client = utf8mb4 */;
CREATE TABLE `jb_language_levels` (
  `id` bigint unsigned NOT NULL AUTO_INCREMENT,
  `name` varchar(120) COLLATE utf8mb4_unicode_ci NOT NULL,
  `order` tinyint NOT NULL DEFAULT '0',
  `is_default` tinyint unsigned NOT NULL DEFAULT '0',
  `status` varchar(60) COLLATE utf8mb4_unicode_ci NOT NULL DEFAULT 'published',
  `created_at` timestamp NULL DEFAULT NULL,
  `updated_at` timestamp NULL DEFAULT NULL,
  PRIMARY KEY (`id`)
) ENGINE=InnoDB AUTO_INCREMENT=4 DEFAULT CHARSET=utf8mb4 COLLATE=utf8mb4_unicode_ci;
/*!40101 SET character_set_client = @saved_cs_client */;

--
-- Dumping data for table `jb_language_levels`
--

LOCK TABLES `jb_language_levels` WRITE;
/*!40000 ALTER TABLE `jb_language_levels` DISABLE KEYS */;
INSERT INTO `jb_language_levels` VALUES (1,'Expert',0,0,'published','2023-06-13 21:34:01','2023-06-13 21:34:01'),(2,'Intermediate',0,0,'published','2023-06-13 21:34:01','2023-06-13 21:34:01'),(3,'Beginner',0,0,'published','2023-06-13 21:34:01','2023-06-13 21:34:01');
/*!40000 ALTER TABLE `jb_language_levels` ENABLE KEYS */;
UNLOCK TABLES;

--
-- Table structure for table `jb_language_levels_translations`
--

DROP TABLE IF EXISTS `jb_language_levels_translations`;
/*!40101 SET @saved_cs_client     = @@character_set_client */;
/*!50503 SET character_set_client = utf8mb4 */;
CREATE TABLE `jb_language_levels_translations` (
  `lang_code` varchar(191) COLLATE utf8mb4_unicode_ci NOT NULL,
  `jb_language_levels_id` bigint unsigned NOT NULL,
  `name` varchar(255) COLLATE utf8mb4_unicode_ci DEFAULT NULL,
  PRIMARY KEY (`lang_code`,`jb_language_levels_id`)
) ENGINE=InnoDB DEFAULT CHARSET=utf8mb4 COLLATE=utf8mb4_unicode_ci;
/*!40101 SET character_set_client = @saved_cs_client */;

--
-- Dumping data for table `jb_language_levels_translations`
--

LOCK TABLES `jb_language_levels_translations` WRITE;
/*!40000 ALTER TABLE `jb_language_levels_translations` DISABLE KEYS */;
/*!40000 ALTER TABLE `jb_language_levels_translations` ENABLE KEYS */;
UNLOCK TABLES;

--
-- Table structure for table `jb_major_subjects`
--

DROP TABLE IF EXISTS `jb_major_subjects`;
/*!40101 SET @saved_cs_client     = @@character_set_client */;
/*!50503 SET character_set_client = utf8mb4 */;
CREATE TABLE `jb_major_subjects` (
  `id` bigint unsigned NOT NULL AUTO_INCREMENT,
  `name` varchar(120) COLLATE utf8mb4_unicode_ci NOT NULL,
  `order` tinyint NOT NULL DEFAULT '0',
  `is_default` tinyint unsigned NOT NULL DEFAULT '0',
  `status` varchar(60) COLLATE utf8mb4_unicode_ci NOT NULL DEFAULT 'published',
  `created_at` timestamp NULL DEFAULT NULL,
  `updated_at` timestamp NULL DEFAULT NULL,
  PRIMARY KEY (`id`)
) ENGINE=InnoDB DEFAULT CHARSET=utf8mb4 COLLATE=utf8mb4_unicode_ci;
/*!40101 SET character_set_client = @saved_cs_client */;

--
-- Dumping data for table `jb_major_subjects`
--

LOCK TABLES `jb_major_subjects` WRITE;
/*!40000 ALTER TABLE `jb_major_subjects` DISABLE KEYS */;
/*!40000 ALTER TABLE `jb_major_subjects` ENABLE KEYS */;
UNLOCK TABLES;

--
-- Table structure for table `jb_packages`
--

DROP TABLE IF EXISTS `jb_packages`;
/*!40101 SET @saved_cs_client     = @@character_set_client */;
/*!50503 SET character_set_client = utf8mb4 */;
CREATE TABLE `jb_packages` (
  `id` bigint unsigned NOT NULL AUTO_INCREMENT,
  `name` varchar(120) COLLATE utf8mb4_unicode_ci NOT NULL,
  `price` double(15,2) unsigned NOT NULL,
  `currency_id` bigint unsigned NOT NULL,
  `percent_save` int unsigned DEFAULT '0',
  `number_of_listings` int unsigned NOT NULL,
  `order` tinyint NOT NULL DEFAULT '0',
  `account_limit` int unsigned DEFAULT NULL,
  `is_default` tinyint unsigned NOT NULL DEFAULT '0',
  `status` varchar(60) COLLATE utf8mb4_unicode_ci NOT NULL DEFAULT 'published',
  `created_at` timestamp NULL DEFAULT NULL,
  `updated_at` timestamp NULL DEFAULT NULL,
  PRIMARY KEY (`id`)
) ENGINE=InnoDB AUTO_INCREMENT=4 DEFAULT CHARSET=utf8mb4 COLLATE=utf8mb4_unicode_ci;
/*!40101 SET character_set_client = @saved_cs_client */;

--
-- Dumping data for table `jb_packages`
--

LOCK TABLES `jb_packages` WRITE;
/*!40000 ALTER TABLE `jb_packages` DISABLE KEYS */;
INSERT INTO `jb_packages` VALUES (1,'Free First Post',0.00,1,0,1,0,1,0,'published','2023-06-13 21:34:09','2023-06-13 21:34:09'),(2,'Single Post',250.00,1,0,1,0,NULL,1,'published','2023-06-13 21:34:09','2023-06-13 21:34:09'),(3,'5 Posts',1000.00,1,20,5,0,NULL,0,'published','2023-06-13 21:34:09','2023-06-13 21:34:09');
/*!40000 ALTER TABLE `jb_packages` ENABLE KEYS */;
UNLOCK TABLES;

--
-- Table structure for table `jb_packages_translations`
--

DROP TABLE IF EXISTS `jb_packages_translations`;
/*!40101 SET @saved_cs_client     = @@character_set_client */;
/*!50503 SET character_set_client = utf8mb4 */;
CREATE TABLE `jb_packages_translations` (
  `lang_code` varchar(191) COLLATE utf8mb4_unicode_ci NOT NULL,
  `jb_packages_id` bigint unsigned NOT NULL,
  `name` varchar(255) COLLATE utf8mb4_unicode_ci DEFAULT NULL,
  PRIMARY KEY (`lang_code`,`jb_packages_id`)
) ENGINE=InnoDB DEFAULT CHARSET=utf8mb4 COLLATE=utf8mb4_unicode_ci;
/*!40101 SET character_set_client = @saved_cs_client */;

--
-- Dumping data for table `jb_packages_translations`
--

LOCK TABLES `jb_packages_translations` WRITE;
/*!40000 ALTER TABLE `jb_packages_translations` DISABLE KEYS */;
INSERT INTO `jb_packages_translations` VALUES ('vi',1,'Min ph ng bi u tin'),('vi',2,'Bi ng n'),('vi',3,'5 bi ng');
/*!40000 ALTER TABLE `jb_packages_translations` ENABLE KEYS */;
UNLOCK TABLES;

--
-- Table structure for table `jb_reviews`
--

DROP TABLE IF EXISTS `jb_reviews`;
/*!40101 SET @saved_cs_client     = @@character_set_client */;
/*!50503 SET character_set_client = utf8mb4 */;
CREATE TABLE `jb_reviews` (
  `id` bigint unsigned NOT NULL AUTO_INCREMENT,
  `reviewable_type` varchar(191) COLLATE utf8mb4_unicode_ci NOT NULL,
  `reviewable_id` bigint unsigned NOT NULL,
  `created_by_type` varchar(191) COLLATE utf8mb4_unicode_ci NOT NULL,
  `created_by_id` bigint unsigned NOT NULL,
  `star` double(8,2) NOT NULL,
  `review` text COLLATE utf8mb4_unicode_ci NOT NULL,
  `status` varchar(60) COLLATE utf8mb4_unicode_ci NOT NULL DEFAULT 'published',
  `created_at` timestamp NULL DEFAULT NULL,
  `updated_at` timestamp NULL DEFAULT NULL,
  PRIMARY KEY (`id`),
  UNIQUE KEY `reviews_unique` (`reviewable_id`,`reviewable_type`,`created_by_id`,`created_by_type`),
  KEY `jb_reviews_reviewable_type_reviewable_id_index` (`reviewable_type`,`reviewable_id`),
  KEY `jb_reviews_created_by_type_created_by_id_index` (`created_by_type`,`created_by_id`),
  KEY `jb_reviews_reviewable_id_reviewable_type_status_index` (`reviewable_id`,`reviewable_type`,`status`)
) ENGINE=InnoDB AUTO_INCREMENT=101 DEFAULT CHARSET=utf8mb4 COLLATE=utf8mb4_unicode_ci;
/*!40101 SET character_set_client = @saved_cs_client */;

--
-- Dumping data for table `jb_reviews`
--

LOCK TABLES `jb_reviews` WRITE;
/*!40000 ALTER TABLE `jb_reviews` DISABLE KEYS */;
INSERT INTO `jb_reviews` VALUES (1,'Botble\\JobBoard\\Models\\Company',6,'Botble\\JobBoard\\Models\\Account',29,2.00,'We have received brilliant service support and will be expanding the features with the developer. Nice product!','published','2023-06-13 21:34:09','2023-06-13 21:34:09'),(2,'Botble\\JobBoard\\Models\\Account',73,'Botble\\JobBoard\\Models\\Company',5,1.00,'These guys are amazing! Responses immediately, amazing support and help... I immediately feel at ease after Purchasing..','published','2023-06-13 21:34:09','2023-06-13 21:34:09'),(3,'Botble\\JobBoard\\Models\\Account',92,'Botble\\JobBoard\\Models\\Company',8,3.00,'Cool template. Excellent code quality. The support responds very quickly, which is very rare on themeforest and codecanyon.net, I buy a lot of templates, and everyone will have a response from technical support for two or three days. Thanks to tech support. I recommend to buy.','published','2023-06-13 21:34:09','2023-06-13 21:34:09'),(4,'Botble\\JobBoard\\Models\\Account',8,'Botble\\JobBoard\\Models\\Company',8,4.00,'I Love this Script. I also found how to add other fees. Now I just wait the BIG update for the Marketplace with the Bulk Import. Just do not forget to make it to be Multi-language for us the Botble Fans.','published','2023-06-13 21:34:09','2023-06-13 21:34:09'),(5,'Botble\\JobBoard\\Models\\Company',15,'Botble\\JobBoard\\Models\\Account',36,5.00,'We have received brilliant service support and will be expanding the features with the developer. Nice product!','published','2023-06-13 21:34:09','2023-06-13 21:34:09'),(6,'Botble\\JobBoard\\Models\\Account',22,'Botble\\JobBoard\\Models\\Company',2,1.00,'Great E-commerce system. And much more : Wonderful Customer Support.','published','2023-06-13 21:34:09','2023-06-13 21:34:09'),(7,'Botble\\JobBoard\\Models\\Account',10,'Botble\\JobBoard\\Models\\Company',8,1.00,'Clean & perfect source code','published','2023-06-13 21:34:09','2023-06-13 21:34:09'),(8,'Botble\\JobBoard\\Models\\Account',81,'Botble\\JobBoard\\Models\\Company',1,4.00,'Ok good product. I have some issues in customizations. But its not correct to blame the developer. The product is good. Good luck for your business.','published','2023-06-13 21:34:09','2023-06-13 21:34:09'),(9,'Botble\\JobBoard\\Models\\Company',2,'Botble\\JobBoard\\Models\\Account',42,5.00,'I Love this Script. I also found how to add other fees. Now I just wait the BIG update for the Marketplace with the Bulk Import. Just do not forget to make it to be Multi-language for us the Botble Fans.','published','2023-06-13 21:34:09','2023-06-13 21:34:09'),(10,'Botble\\JobBoard\\Models\\Account',61,'Botble\\JobBoard\\Models\\Company',15,5.00,'Solution is too robust for our purpose so we didn\'t use it at the end. But I appreciate customer support during initial configuration.','published','2023-06-13 21:34:09','2023-06-13 21:34:09'),(11,'Botble\\JobBoard\\Models\\Company',6,'Botble\\JobBoard\\Models\\Account',92,3.00,'Clean & perfect source code','published','2023-06-13 21:34:09','2023-06-13 21:34:09'),(12,'Botble\\JobBoard\\Models\\Company',5,'Botble\\JobBoard\\Models\\Account',33,2.00,'Great system, great support, good job Botble. I\'m looking forward to more great functional plugins.','published','2023-06-13 21:34:09','2023-06-13 21:34:09'),(13,'Botble\\JobBoard\\Models\\Company',12,'Botble\\JobBoard\\Models\\Account',19,5.00,'Ok good product. I have some issues in customizations. But its not correct to blame the developer. The product is good. Good luck for your business.','published','2023-06-13 21:34:09','2023-06-13 21:34:09'),(14,'Botble\\JobBoard\\Models\\Company',7,'Botble\\JobBoard\\Models\\Account',39,1.00,'Great E-commerce system. And much more : Wonderful Customer Support.','published','2023-06-13 21:34:09','2023-06-13 21:34:09'),(15,'Botble\\JobBoard\\Models\\Account',17,'Botble\\JobBoard\\Models\\Company',5,4.00,'Great system, great support, good job Botble. I\'m looking forward to more great functional plugins.','published','2023-06-13 21:34:09','2023-06-13 21:34:09'),(16,'Botble\\JobBoard\\Models\\Account',27,'Botble\\JobBoard\\Models\\Company',7,5.00,'Great system, great support, good job Botble. I\'m looking forward to more great functional plugins.','published','2023-06-13 21:34:09','2023-06-13 21:34:09'),(17,'Botble\\JobBoard\\Models\\Company',4,'Botble\\JobBoard\\Models\\Account',28,4.00,'I Love this Script. I also found how to add other fees. Now I just wait the BIG update for the Marketplace with the Bulk Import. Just do not forget to make it to be Multi-language for us the Botble Fans.','published','2023-06-13 21:34:09','2023-06-13 21:34:09'),(18,'Botble\\JobBoard\\Models\\Company',2,'Botble\\JobBoard\\Models\\Account',69,5.00,'Solution is too robust for our purpose so we didn\'t use it at the end. But I appreciate customer support during initial configuration.','published','2023-06-13 21:34:09','2023-06-13 21:34:09'),(19,'Botble\\JobBoard\\Models\\Account',72,'Botble\\JobBoard\\Models\\Company',2,2.00,'Perfect +++++++++ i love it really also i get to fast ticket answers... Thanks Lot BOTBLE Teams','published','2023-06-13 21:34:09','2023-06-13 21:34:09'),(20,'Botble\\JobBoard\\Models\\Account',4,'Botble\\JobBoard\\Models\\Company',3,2.00,'Solution is too robust for our purpose so we didn\'t use it at the end. But I appreciate customer support during initial configuration.','published','2023-06-13 21:34:09','2023-06-13 21:34:09'),(21,'Botble\\JobBoard\\Models\\Account',59,'Botble\\JobBoard\\Models\\Company',14,2.00,'Clean & perfect source code','published','2023-06-13 21:34:09','2023-06-13 21:34:09'),(22,'Botble\\JobBoard\\Models\\Company',4,'Botble\\JobBoard\\Models\\Account',38,5.00,'Customer Support are grade (A*), however the code is a way too over engineered for it\'s purpose.','published','2023-06-13 21:34:09','2023-06-13 21:34:09'),(23,'Botble\\JobBoard\\Models\\Account',40,'Botble\\JobBoard\\Models\\Company',11,4.00,'These guys are amazing! Responses immediately, amazing support and help... I immediately feel at ease after Purchasing..','published','2023-06-13 21:34:09','2023-06-13 21:34:09'),(24,'Botble\\JobBoard\\Models\\Company',2,'Botble\\JobBoard\\Models\\Account',51,4.00,'Good app, good backup service and support. Good documentation.','published','2023-06-13 21:34:09','2023-06-13 21:34:09'),(25,'Botble\\JobBoard\\Models\\Company',6,'Botble\\JobBoard\\Models\\Account',65,4.00,'Best ecommerce CMS online store!','published','2023-06-13 21:34:09','2023-06-13 21:34:09'),(26,'Botble\\JobBoard\\Models\\Account',3,'Botble\\JobBoard\\Models\\Company',12,5.00,'This script is well coded and is super fast. The support is pretty quick. Very patient and helpful team. I strongly recommend it and they deserve more than 5 stars.','published','2023-06-13 21:34:09','2023-06-13 21:34:09'),(27,'Botble\\JobBoard\\Models\\Company',3,'Botble\\JobBoard\\Models\\Account',52,5.00,'Great E-commerce system. And much more : Wonderful Customer Support.','published','2023-06-13 21:34:09','2023-06-13 21:34:09'),(28,'Botble\\JobBoard\\Models\\Account',90,'Botble\\JobBoard\\Models\\Company',16,4.00,'Good app, good backup service and support. Good documentation.','published','2023-06-13 21:34:09','2023-06-13 21:34:09'),(29,'Botble\\JobBoard\\Models\\Company',8,'Botble\\JobBoard\\Models\\Account',27,5.00,'Good app, good backup service and support. Good documentation.','published','2023-06-13 21:34:09','2023-06-13 21:34:09'),(30,'Botble\\JobBoard\\Models\\Account',2,'Botble\\JobBoard\\Models\\Company',15,1.00,'Good app, good backup service and support. Good documentation.','published','2023-06-13 21:34:09','2023-06-13 21:34:09'),(31,'Botble\\JobBoard\\Models\\Company',13,'Botble\\JobBoard\\Models\\Account',44,1.00,'Cool template. Excellent code quality. The support responds very quickly, which is very rare on themeforest and codecanyon.net, I buy a lot of templates, and everyone will have a response from technical support for two or three days. Thanks to tech support. I recommend to buy.','published','2023-06-13 21:34:09','2023-06-13 21:34:09'),(32,'Botble\\JobBoard\\Models\\Account',92,'Botble\\JobBoard\\Models\\Company',5,5.00,'This script is well coded and is super fast. The support is pretty quick. Very patient and helpful team. I strongly recommend it and they deserve more than 5 stars.','published','2023-06-13 21:34:09','2023-06-13 21:34:09'),(33,'Botble\\JobBoard\\Models\\Company',12,'Botble\\JobBoard\\Models\\Account',66,5.00,'We have received brilliant service support and will be expanding the features with the developer. Nice product!','published','2023-06-13 21:34:09','2023-06-13 21:34:09'),(34,'Botble\\JobBoard\\Models\\Account',28,'Botble\\JobBoard\\Models\\Company',6,3.00,'Solution is too robust for our purpose so we didn\'t use it at the end. But I appreciate customer support during initial configuration.','published','2023-06-13 21:34:09','2023-06-13 21:34:09'),(35,'Botble\\JobBoard\\Models\\Company',11,'Botble\\JobBoard\\Models\\Account',20,4.00,'It\'s not my first experience here on CodeCanyon and I can honestly tell you all that Botble puts a LOT of effort into the support. They answer so fast, they helped me tons of times. REALLY by far THE BEST EXPERIENCE on Codecanyon. Those guys at Botble are so good that they deserve 5 stars. I recommend them, I trust them and I can\'t wait to see what they will sell in a near future. Thank you Botble :)','published','2023-06-13 21:34:09','2023-06-13 21:34:09'),(36,'Botble\\JobBoard\\Models\\Company',4,'Botble\\JobBoard\\Models\\Account',62,2.00,'The best store template! Excellent coding! Very good support! Thank you so much for all the help, I really appreciated.','published','2023-06-13 21:34:09','2023-06-13 21:34:09'),(37,'Botble\\JobBoard\\Models\\Company',1,'Botble\\JobBoard\\Models\\Account',29,4.00,'Ok good product. I have some issues in customizations. But its not correct to blame the developer. The product is good. Good luck for your business.','published','2023-06-13 21:34:09','2023-06-13 21:34:09'),(38,'Botble\\JobBoard\\Models\\Company',7,'Botble\\JobBoard\\Models\\Account',15,1.00,'The best store template! Excellent coding! Very good support! Thank you so much for all the help, I really appreciated.','published','2023-06-13 21:34:09','2023-06-13 21:34:09'),(39,'Botble\\JobBoard\\Models\\Account',95,'Botble\\JobBoard\\Models\\Company',11,5.00,'Amazing code, amazing support. Overall, im really confident in Botble and im happy I made the right choice! Thank you so much guys for coding this masterpiece','published','2023-06-13 21:34:09','2023-06-13 21:34:09'),(40,'Botble\\JobBoard\\Models\\Company',7,'Botble\\JobBoard\\Models\\Account',77,1.00,'The script is the best of its class, fast, easy to implement and work with , and the most important thing is the great support team , Recommend with no doubt.','published','2023-06-13 21:34:09','2023-06-13 21:34:09'),(41,'Botble\\JobBoard\\Models\\Company',12,'Botble\\JobBoard\\Models\\Account',48,2.00,'I Love this Script. I also found how to add other fees. Now I just wait the BIG update for the Marketplace with the Bulk Import. Just do not forget to make it to be Multi-language for us the Botble Fans.','published','2023-06-13 21:34:09','2023-06-13 21:34:09'),(42,'Botble\\JobBoard\\Models\\Company',6,'Botble\\JobBoard\\Models\\Account',3,2.00,'Ok good product. I have some issues in customizations. But its not correct to blame the developer. The product is good. Good luck for your business.','published','2023-06-13 21:34:09','2023-06-13 21:34:09'),(43,'Botble\\JobBoard\\Models\\Company',9,'Botble\\JobBoard\\Models\\Account',57,4.00,'For me the best eCommerce script on Envato at this moment: modern, clean code, a lot of great features. The customer support is great too: I always get an answer within hours!','published','2023-06-13 21:34:09','2023-06-13 21:34:09'),(44,'Botble\\JobBoard\\Models\\Account',44,'Botble\\JobBoard\\Models\\Company',4,4.00,'Second or third time that I buy a Botble product, happy with the products and support. You guys do a good job :)','published','2023-06-13 21:34:09','2023-06-13 21:34:09'),(45,'Botble\\JobBoard\\Models\\Account',90,'Botble\\JobBoard\\Models\\Company',8,5.00,'This web app is really good in design, code quality & features. Besides, the customer support provided by the Botble team was really fast & helpful. You guys are awesome!','published','2023-06-13 21:34:09','2023-06-13 21:34:09'),(46,'Botble\\JobBoard\\Models\\Company',12,'Botble\\JobBoard\\Models\\Account',62,5.00,'Great system, great support, good job Botble. I\'m looking forward to more great functional plugins.','published','2023-06-13 21:34:09','2023-06-13 21:34:09'),(47,'Botble\\JobBoard\\Models\\Account',88,'Botble\\JobBoard\\Models\\Company',12,2.00,'Amazing code, amazing support. Overall, im really confident in Botble and im happy I made the right choice! Thank you so much guys for coding this masterpiece','published','2023-06-13 21:34:09','2023-06-13 21:34:09'),(48,'Botble\\JobBoard\\Models\\Account',57,'Botble\\JobBoard\\Models\\Company',5,2.00,'Cool template. Excellent code quality. The support responds very quickly, which is very rare on themeforest and codecanyon.net, I buy a lot of templates, and everyone will have a response from technical support for two or three days. Thanks to tech support. I recommend to buy.','published','2023-06-13 21:34:09','2023-06-13 21:34:09'),(49,'Botble\\JobBoard\\Models\\Company',11,'Botble\\JobBoard\\Models\\Account',62,2.00,'Clean & perfect source code','published','2023-06-13 21:34:09','2023-06-13 21:34:09'),(50,'Botble\\JobBoard\\Models\\Account',29,'Botble\\JobBoard\\Models\\Company',15,4.00,'Clean & perfect source code','published','2023-06-13 21:34:09','2023-06-13 21:34:09'),(51,'Botble\\JobBoard\\Models\\Company',6,'Botble\\JobBoard\\Models\\Account',41,5.00,'Second or third time that I buy a Botble product, happy with the products and support. You guys do a good job :)','published','2023-06-13 21:34:09','2023-06-13 21:34:09'),(52,'Botble\\JobBoard\\Models\\Account',63,'Botble\\JobBoard\\Models\\Company',4,4.00,'The code is good, in general, if you like it, can you give it 5 stars?','published','2023-06-13 21:34:09','2023-06-13 21:34:09'),(53,'Botble\\JobBoard\\Models\\Account',94,'Botble\\JobBoard\\Models\\Company',16,1.00,'Solution is too robust for our purpose so we didn\'t use it at the end. But I appreciate customer support during initial configuration.','published','2023-06-13 21:34:09','2023-06-13 21:34:09'),(54,'Botble\\JobBoard\\Models\\Company',4,'Botble\\JobBoard\\Models\\Account',19,5.00,'Great system, great support, good job Botble. I\'m looking forward to more great functional plugins.','published','2023-06-13 21:34:09','2023-06-13 21:34:09'),(55,'Botble\\JobBoard\\Models\\Company',10,'Botble\\JobBoard\\Models\\Account',27,5.00,'Solution is too robust for our purpose so we didn\'t use it at the end. But I appreciate customer support during initial configuration.','published','2023-06-13 21:34:09','2023-06-13 21:34:09'),(57,'Botble\\JobBoard\\Models\\Company',8,'Botble\\JobBoard\\Models\\Account',86,5.00,'It\'s not my first experience here on CodeCanyon and I can honestly tell you all that Botble puts a LOT of effort into the support. They answer so fast, they helped me tons of times. REALLY by far THE BEST EXPERIENCE on Codecanyon. Those guys at Botble are so good that they deserve 5 stars. I recommend them, I trust them and I can\'t wait to see what they will sell in a near future. Thank you Botble :)','published','2023-06-13 21:34:09','2023-06-13 21:34:09'),(58,'Botble\\JobBoard\\Models\\Account',63,'Botble\\JobBoard\\Models\\Company',1,2.00,'The code is good, in general, if you like it, can you give it 5 stars?','published','2023-06-13 21:34:09','2023-06-13 21:34:09'),(59,'Botble\\JobBoard\\Models\\Company',15,'Botble\\JobBoard\\Models\\Account',65,3.00,'Those guys now what they are doing, the release such a good product that it\'s a pleasure to work with ! Even when I was stuck on the project, I created a ticket and the next day it was replied by the team. GOOD JOB guys. I love working with them :)','published','2023-06-13 21:34:09','2023-06-13 21:34:09'),(60,'Botble\\JobBoard\\Models\\Company',3,'Botble\\JobBoard\\Models\\Account',36,5.00,'This script is well coded and is super fast. The support is pretty quick. Very patient and helpful team. I strongly recommend it and they deserve more than 5 stars.','published','2023-06-13 21:34:09','2023-06-13 21:34:09'),(61,'Botble\\JobBoard\\Models\\Company',4,'Botble\\JobBoard\\Models\\Account',35,2.00,'The best store template! Excellent coding! Very good support! Thank you so much for all the help, I really appreciated.','published','2023-06-13 21:34:09','2023-06-13 21:34:09'),(62,'Botble\\JobBoard\\Models\\Account',7,'Botble\\JobBoard\\Models\\Company',12,2.00,'The best store template! Excellent coding! Very good support! Thank you so much for all the help, I really appreciated.','published','2023-06-13 21:34:09','2023-06-13 21:34:09'),(63,'Botble\\JobBoard\\Models\\Company',10,'Botble\\JobBoard\\Models\\Account',79,5.00,'For me the best eCommerce script on Envato at this moment: modern, clean code, a lot of great features. The customer support is great too: I always get an answer within hours!','published','2023-06-13 21:34:09','2023-06-13 21:34:09'),(64,'Botble\\JobBoard\\Models\\Company',14,'Botble\\JobBoard\\Models\\Account',5,4.00,'Great system, great support, good job Botble. I\'m looking forward to more great functional plugins.','published','2023-06-13 21:34:09','2023-06-13 21:34:09'),(65,'Botble\\JobBoard\\Models\\Company',1,'Botble\\JobBoard\\Models\\Account',32,3.00,'Clean & perfect source code','published','2023-06-13 21:34:09','2023-06-13 21:34:09'),(66,'Botble\\JobBoard\\Models\\Account',10,'Botble\\JobBoard\\Models\\Company',16,5.00,'Ok good product. I have some issues in customizations. But its not correct to blame the developer. The product is good. Good luck for your business.','published','2023-06-13 21:34:09','2023-06-13 21:34:09'),(67,'Botble\\JobBoard\\Models\\Company',6,'Botble\\JobBoard\\Models\\Account',62,2.00,'These guys are amazing! Responses immediately, amazing support and help... I immediately feel at ease after Purchasing..','published','2023-06-13 21:34:09','2023-06-13 21:34:09'),(68,'Botble\\JobBoard\\Models\\Account',25,'Botble\\JobBoard\\Models\\Company',1,2.00,'The best ecommerce CMS! Excellent coding! best support service! Thank you so much..... I really like your hard work.','published','2023-06-13 21:34:09','2023-06-13 21:34:09'),(69,'Botble\\JobBoard\\Models\\Account',4,'Botble\\JobBoard\\Models\\Company',16,2.00,'Cool template. Excellent code quality. The support responds very quickly, which is very rare on themeforest and codecanyon.net, I buy a lot of templates, and everyone will have a response from technical support for two or three days. Thanks to tech support. I recommend to buy.','published','2023-06-13 21:34:09','2023-06-13 21:34:09'),(70,'Botble\\JobBoard\\Models\\Account',12,'Botble\\JobBoard\\Models\\Company',6,5.00,'It\'s not my first experience here on CodeCanyon and I can honestly tell you all that Botble puts a LOT of effort into the support. They answer so fast, they helped me tons of times. REALLY by far THE BEST EXPERIENCE on Codecanyon. Those guys at Botble are so good that they deserve 5 stars. I recommend them, I trust them and I can\'t wait to see what they will sell in a near future. Thank you Botble :)','published','2023-06-13 21:34:09','2023-06-13 21:34:09'),(71,'Botble\\JobBoard\\Models\\Company',9,'Botble\\JobBoard\\Models\\Account',46,2.00,'This script is well coded and is super fast. The support is pretty quick. Very patient and helpful team. I strongly recommend it and they deserve more than 5 stars.','published','2023-06-13 21:34:09','2023-06-13 21:34:09'),(72,'Botble\\JobBoard\\Models\\Company',10,'Botble\\JobBoard\\Models\\Account',66,5.00,'Amazing code, amazing support. Overall, im really confident in Botble and im happy I made the right choice! Thank you so much guys for coding this masterpiece','published','2023-06-13 21:34:09','2023-06-13 21:34:09'),(73,'Botble\\JobBoard\\Models\\Account',98,'Botble\\JobBoard\\Models\\Company',2,2.00,'Second or third time that I buy a Botble product, happy with the products and support. You guys do a good job :)','published','2023-06-13 21:34:09','2023-06-13 21:34:09'),(74,'Botble\\JobBoard\\Models\\Account',26,'Botble\\JobBoard\\Models\\Company',7,1.00,'This script is well coded and is super fast. The support is pretty quick. Very patient and helpful team. I strongly recommend it and they deserve more than 5 stars.','published','2023-06-13 21:34:09','2023-06-13 21:34:09'),(76,'Botble\\JobBoard\\Models\\Company',1,'Botble\\JobBoard\\Models\\Account',24,2.00,'The script is the best of its class, fast, easy to implement and work with , and the most important thing is the great support team , Recommend with no doubt.','published','2023-06-13 21:34:09','2023-06-13 21:34:09'),(77,'Botble\\JobBoard\\Models\\Account',85,'Botble\\JobBoard\\Models\\Company',7,4.00,'Amazing code, amazing support. Overall, im really confident in Botble and im happy I made the right choice! Thank you so much guys for coding this masterpiece','published','2023-06-13 21:34:09','2023-06-13 21:34:09'),(78,'Botble\\JobBoard\\Models\\Account',67,'Botble\\JobBoard\\Models\\Company',15,2.00,'I Love this Script. I also found how to add other fees. Now I just wait the BIG update for the Marketplace with the Bulk Import. Just do not forget to make it to be Multi-language for us the Botble Fans.','published','2023-06-13 21:34:09','2023-06-13 21:34:09'),(79,'Botble\\JobBoard\\Models\\Account',38,'Botble\\JobBoard\\Models\\Company',1,3.00,'I Love this Script. I also found how to add other fees. Now I just wait the BIG update for the Marketplace with the Bulk Import. Just do not forget to make it to be Multi-language for us the Botble Fans.','published','2023-06-13 21:34:09','2023-06-13 21:34:09'),(80,'Botble\\JobBoard\\Models\\Account',48,'Botble\\JobBoard\\Models\\Company',2,1.00,'It\'s not my first experience here on CodeCanyon and I can honestly tell you all that Botble puts a LOT of effort into the support. They answer so fast, they helped me tons of times. REALLY by far THE BEST EXPERIENCE on Codecanyon. Those guys at Botble are so good that they deserve 5 stars. I recommend them, I trust them and I can\'t wait to see what they will sell in a near future. Thank you Botble :)','published','2023-06-13 21:34:09','2023-06-13 21:34:09'),(81,'Botble\\JobBoard\\Models\\Account',50,'Botble\\JobBoard\\Models\\Company',2,4.00,'As a developer I reviewed this script. This is really awesome ecommerce script. I have convinced when I noticed that it\'s built on fully WordPress concept.','published','2023-06-13 21:34:09','2023-06-13 21:34:09'),(82,'Botble\\JobBoard\\Models\\Company',8,'Botble\\JobBoard\\Models\\Account',100,2.00,'The script is the best of its class, fast, easy to implement and work with , and the most important thing is the great support team , Recommend with no doubt.','published','2023-06-13 21:34:09','2023-06-13 21:34:09'),(83,'Botble\\JobBoard\\Models\\Account',29,'Botble\\JobBoard\\Models\\Company',7,1.00,'Great E-commerce system. And much more : Wonderful Customer Support.','published','2023-06-13 21:34:09','2023-06-13 21:34:09'),(84,'Botble\\JobBoard\\Models\\Account',87,'Botble\\JobBoard\\Models\\Company',4,1.00,'Great system, great support, good job Botble. I\'m looking forward to more great functional plugins.','published','2023-06-13 21:34:09','2023-06-13 21:34:09'),(85,'Botble\\JobBoard\\Models\\Account',24,'Botble\\JobBoard\\Models\\Company',8,1.00,'Ok good product. I have some issues in customizations. But its not correct to blame the developer. The product is good. Good luck for your business.','published','2023-06-13 21:34:09','2023-06-13 21:34:09'),(86,'Botble\\JobBoard\\Models\\Account',51,'Botble\\JobBoard\\Models\\Company',12,5.00,'It\'s not my first experience here on CodeCanyon and I can honestly tell you all that Botble puts a LOT of effort into the support. They answer so fast, they helped me tons of times. REALLY by far THE BEST EXPERIENCE on Codecanyon. Those guys at Botble are so good that they deserve 5 stars. I recommend them, I trust them and I can\'t wait to see what they will sell in a near future. Thank you Botble :)','published','2023-06-13 21:34:09','2023-06-13 21:34:09'),(87,'Botble\\JobBoard\\Models\\Company',1,'Botble\\JobBoard\\Models\\Account',95,2.00,'Great system, great support, good job Botble. I\'m looking forward to more great functional plugins.','published','2023-06-13 21:34:09','2023-06-13 21:34:09'),(88,'Botble\\JobBoard\\Models\\Company',15,'Botble\\JobBoard\\Models\\Account',78,3.00,'Clean & perfect source code','published','2023-06-13 21:34:09','2023-06-13 21:34:09'),(89,'Botble\\JobBoard\\Models\\Company',12,'Botble\\JobBoard\\Models\\Account',68,2.00,'The best ecommerce CMS! Excellent coding! best support service! Thank you so much..... I really like your hard work.','published','2023-06-13 21:34:09','2023-06-13 21:34:09'),(91,'Botble\\JobBoard\\Models\\Company',11,'Botble\\JobBoard\\Models\\Account',44,4.00,'Those guys now what they are doing, the release such a good product that it\'s a pleasure to work with ! Even when I was stuck on the project, I created a ticket and the next day it was replied by the team. GOOD JOB guys. I love working with them :)','published','2023-06-13 21:34:09','2023-06-13 21:34:09'),(92,'Botble\\JobBoard\\Models\\Account',14,'Botble\\JobBoard\\Models\\Company',1,1.00,'Perfect +++++++++ i love it really also i get to fast ticket answers... Thanks Lot BOTBLE Teams','published','2023-06-13 21:34:09','2023-06-13 21:34:09'),(94,'Botble\\JobBoard\\Models\\Company',8,'Botble\\JobBoard\\Models\\Account',76,3.00,'Great E-commerce system. And much more : Wonderful Customer Support.','published','2023-06-13 21:34:09','2023-06-13 21:34:09'),(95,'Botble\\JobBoard\\Models\\Account',26,'Botble\\JobBoard\\Models\\Company',10,1.00,'Clean & perfect source code','published','2023-06-13 21:34:09','2023-06-13 21:34:09'),(96,'Botble\\JobBoard\\Models\\Company',8,'Botble\\JobBoard\\Models\\Account',18,5.00,'For me the best eCommerce script on Envato at this moment: modern, clean code, a lot of great features. The customer support is great too: I always get an answer within hours!','published','2023-06-13 21:34:09','2023-06-13 21:34:09'),(97,'Botble\\JobBoard\\Models\\Company',1,'Botble\\JobBoard\\Models\\Account',7,1.00,'The script is the best of its class, fast, easy to implement and work with , and the most important thing is the great support team , Recommend with no doubt.','published','2023-06-13 21:34:09','2023-06-13 21:34:09'),(98,'Botble\\JobBoard\\Models\\Account',29,'Botble\\JobBoard\\Models\\Company',3,2.00,'As a developer I reviewed this script. This is really awesome ecommerce script. I have convinced when I noticed that it\'s built on fully WordPress concept.','published','2023-06-13 21:34:09','2023-06-13 21:34:09'),(99,'Botble\\JobBoard\\Models\\Account',69,'Botble\\JobBoard\\Models\\Company',7,5.00,'For me the best eCommerce script on Envato at this moment: modern, clean code, a lot of great features. The customer support is great too: I always get an answer within hours!','published','2023-06-13 21:34:09','2023-06-13 21:34:09'),(100,'Botble\\JobBoard\\Models\\Company',5,'Botble\\JobBoard\\Models\\Account',81,4.00,'We have received brilliant service support and will be expanding the features with the developer. Nice product!','published','2023-06-13 21:34:09','2023-06-13 21:34:09');
/*!40000 ALTER TABLE `jb_reviews` ENABLE KEYS */;
UNLOCK TABLES;

--
-- Table structure for table `jb_saved_jobs`
--

DROP TABLE IF EXISTS `jb_saved_jobs`;
/*!40101 SET @saved_cs_client     = @@character_set_client */;
/*!50503 SET character_set_client = utf8mb4 */;
CREATE TABLE `jb_saved_jobs` (
  `account_id` bigint unsigned NOT NULL,
  `job_id` bigint unsigned NOT NULL,
  PRIMARY KEY (`account_id`,`job_id`)
) ENGINE=InnoDB DEFAULT CHARSET=utf8mb4 COLLATE=utf8mb4_unicode_ci;
/*!40101 SET character_set_client = @saved_cs_client */;

--
-- Dumping data for table `jb_saved_jobs`
--

LOCK TABLES `jb_saved_jobs` WRITE;
/*!40000 ALTER TABLE `jb_saved_jobs` DISABLE KEYS */;
/*!40000 ALTER TABLE `jb_saved_jobs` ENABLE KEYS */;
UNLOCK TABLES;

--
-- Table structure for table `jb_tags`
--

DROP TABLE IF EXISTS `jb_tags`;
/*!40101 SET @saved_cs_client     = @@character_set_client */;
/*!50503 SET character_set_client = utf8mb4 */;
CREATE TABLE `jb_tags` (
  `id` bigint unsigned NOT NULL AUTO_INCREMENT,
  `name` varchar(120) COLLATE utf8mb4_unicode_ci NOT NULL,
  `description` varchar(400) COLLATE utf8mb4_unicode_ci DEFAULT NULL,
  `status` varchar(60) COLLATE utf8mb4_unicode_ci NOT NULL DEFAULT 'published',
  `created_at` timestamp NULL DEFAULT NULL,
  `updated_at` timestamp NULL DEFAULT NULL,
  PRIMARY KEY (`id`)
) ENGINE=InnoDB AUTO_INCREMENT=9 DEFAULT CHARSET=utf8mb4 COLLATE=utf8mb4_unicode_ci;
/*!40101 SET character_set_client = @saved_cs_client */;

--
-- Dumping data for table `jb_tags`
--

LOCK TABLES `jb_tags` WRITE;
/*!40000 ALTER TABLE `jb_tags` DISABLE KEYS */;
INSERT INTO `jb_tags` VALUES (1,'Illustrator','','published','2023-06-13 21:34:01','2023-06-13 21:34:01'),(2,'Adobe XD','','published','2023-06-13 21:34:01','2023-06-13 21:34:01'),(3,'Figma','','published','2023-06-13 21:34:01','2023-06-13 21:34:01'),(4,'Sketch','','published','2023-06-13 21:34:01','2023-06-13 21:34:01'),(5,'Lunacy','','published','2023-06-13 21:34:01','2023-06-13 21:34:01'),(6,'PHP','','published','2023-06-13 21:34:01','2023-06-13 21:34:01'),(7,'Python','','published','2023-06-13 21:34:01','2023-06-13 21:34:01'),(8,'JavaScript','','published','2023-06-13 21:34:01','2023-06-13 21:34:01');
/*!40000 ALTER TABLE `jb_tags` ENABLE KEYS */;
UNLOCK TABLES;

--
-- Table structure for table `jb_tags_translations`
--

DROP TABLE IF EXISTS `jb_tags_translations`;
/*!40101 SET @saved_cs_client     = @@character_set_client */;
/*!50503 SET character_set_client = utf8mb4 */;
CREATE TABLE `jb_tags_translations` (
  `lang_code` varchar(191) COLLATE utf8mb4_unicode_ci NOT NULL,
  `jb_tags_id` bigint unsigned NOT NULL,
  `name` varchar(191) COLLATE utf8mb4_unicode_ci DEFAULT NULL,
  PRIMARY KEY (`lang_code`,`jb_tags_id`)
) ENGINE=InnoDB DEFAULT CHARSET=utf8mb4 COLLATE=utf8mb4_unicode_ci;
/*!40101 SET character_set_client = @saved_cs_client */;

--
-- Dumping data for table `jb_tags_translations`
--

LOCK TABLES `jb_tags_translations` WRITE;
/*!40000 ALTER TABLE `jb_tags_translations` DISABLE KEYS */;
/*!40000 ALTER TABLE `jb_tags_translations` ENABLE KEYS */;
UNLOCK TABLES;

--
-- Table structure for table `jb_transactions`
--

DROP TABLE IF EXISTS `jb_transactions`;
/*!40101 SET @saved_cs_client     = @@character_set_client */;
/*!50503 SET character_set_client = utf8mb4 */;
CREATE TABLE `jb_transactions` (
  `id` bigint unsigned NOT NULL AUTO_INCREMENT,
  `credits` int unsigned NOT NULL,
  `description` varchar(255) COLLATE utf8mb4_unicode_ci DEFAULT NULL,
  `user_id` bigint unsigned DEFAULT NULL,
  `account_id` bigint unsigned DEFAULT NULL,
  `type` varchar(191) COLLATE utf8mb4_unicode_ci NOT NULL DEFAULT 'add',
  `payment_id` bigint unsigned DEFAULT NULL,
  `created_at` timestamp NULL DEFAULT NULL,
  `updated_at` timestamp NULL DEFAULT NULL,
  PRIMARY KEY (`id`)
) ENGINE=InnoDB DEFAULT CHARSET=utf8mb4 COLLATE=utf8mb4_unicode_ci;
/*!40101 SET character_set_client = @saved_cs_client */;

--
-- Dumping data for table `jb_transactions`
--

LOCK TABLES `jb_transactions` WRITE;
/*!40000 ALTER TABLE `jb_transactions` DISABLE KEYS */;
/*!40000 ALTER TABLE `jb_transactions` ENABLE KEYS */;
UNLOCK TABLES;

--
-- Table structure for table `jobs`
--

DROP TABLE IF EXISTS `jobs`;
/*!40101 SET @saved_cs_client     = @@character_set_client */;
/*!50503 SET character_set_client = utf8mb4 */;
CREATE TABLE `jobs` (
  `id` bigint unsigned NOT NULL AUTO_INCREMENT,
  `queue` varchar(191) COLLATE utf8mb4_unicode_ci NOT NULL,
  `payload` longtext COLLATE utf8mb4_unicode_ci NOT NULL,
  `attempts` tinyint unsigned NOT NULL,
  `reserved_at` int unsigned DEFAULT NULL,
  `available_at` int unsigned NOT NULL,
  `created_at` int unsigned NOT NULL,
  PRIMARY KEY (`id`),
  KEY `jobs_queue_index` (`queue`)
) ENGINE=InnoDB DEFAULT CHARSET=utf8mb4 COLLATE=utf8mb4_unicode_ci;
/*!40101 SET character_set_client = @saved_cs_client */;

--
-- Dumping data for table `jobs`
--

LOCK TABLES `jobs` WRITE;
/*!40000 ALTER TABLE `jobs` DISABLE KEYS */;
/*!40000 ALTER TABLE `jobs` ENABLE KEYS */;
UNLOCK TABLES;

--
-- Table structure for table `language_meta`
--

DROP TABLE IF EXISTS `language_meta`;
/*!40101 SET @saved_cs_client     = @@character_set_client */;
/*!50503 SET character_set_client = utf8mb4 */;
CREATE TABLE `language_meta` (
  `lang_meta_id` bigint unsigned NOT NULL AUTO_INCREMENT,
  `lang_meta_code` text COLLATE utf8mb4_unicode_ci,
  `lang_meta_origin` varchar(255) COLLATE utf8mb4_unicode_ci NOT NULL,
  `reference_id` bigint unsigned NOT NULL,
  `reference_type` varchar(120) COLLATE utf8mb4_unicode_ci NOT NULL,
  PRIMARY KEY (`lang_meta_id`),
  KEY `language_meta_reference_id_index` (`reference_id`)
) ENGINE=InnoDB AUTO_INCREMENT=13 DEFAULT CHARSET=utf8mb4 COLLATE=utf8mb4_unicode_ci;
/*!40101 SET character_set_client = @saved_cs_client */;

--
-- Dumping data for table `language_meta`
--

LOCK TABLES `language_meta` WRITE;
/*!40000 ALTER TABLE `language_meta` DISABLE KEYS */;
INSERT INTO `language_meta` VALUES (1,'en_US','0010e919d7fdea123fbaad43f3998af6',1,'Botble\\Menu\\Models\\MenuLocation'),(2,'en_US','e49d532d0a2d4536665d7c4b278e189c',1,'Botble\\Menu\\Models\\Menu'),(3,'en_US','0bfb34c046fe66d93cb2c2d436c81fff',2,'Botble\\Menu\\Models\\Menu'),(4,'en_US','84ecd24a0397b8366ac4f15447c9919d',3,'Botble\\Menu\\Models\\Menu'),(5,'en_US','9c35f6781a9898f179c451ce5db85859',4,'Botble\\Menu\\Models\\Menu'),(6,'en_US','64890c2d9ca083636d97c147ff5b54af',5,'Botble\\Menu\\Models\\Menu'),(7,'vi','df15856cbee3f68e9d8299ba710a913a',2,'Botble\\Menu\\Models\\MenuLocation'),(8,'vi','e49d532d0a2d4536665d7c4b278e189c',6,'Botble\\Menu\\Models\\Menu'),(9,'vi','0bfb34c046fe66d93cb2c2d436c81fff',7,'Botble\\Menu\\Models\\Menu'),(10,'vi','84ecd24a0397b8366ac4f15447c9919d',8,'Botble\\Menu\\Models\\Menu'),(11,'vi','9c35f6781a9898f179c451ce5db85859',9,'Botble\\Menu\\Models\\Menu'),(12,'vi','64890c2d9ca083636d97c147ff5b54af',10,'Botble\\Menu\\Models\\Menu');
/*!40000 ALTER TABLE `language_meta` ENABLE KEYS */;
UNLOCK TABLES;

--
-- Table structure for table `languages`
--

DROP TABLE IF EXISTS `languages`;
/*!40101 SET @saved_cs_client     = @@character_set_client */;
/*!50503 SET character_set_client = utf8mb4 */;
CREATE TABLE `languages` (
  `lang_id` bigint unsigned NOT NULL AUTO_INCREMENT,
  `lang_name` varchar(120) COLLATE utf8mb4_unicode_ci NOT NULL,
  `lang_locale` varchar(20) COLLATE utf8mb4_unicode_ci NOT NULL,
  `lang_code` varchar(20) COLLATE utf8mb4_unicode_ci NOT NULL,
  `lang_flag` varchar(20) COLLATE utf8mb4_unicode_ci DEFAULT NULL,
  `lang_is_default` tinyint unsigned NOT NULL DEFAULT '0',
  `lang_order` int NOT NULL DEFAULT '0',
  `lang_is_rtl` tinyint unsigned NOT NULL DEFAULT '0',
  PRIMARY KEY (`lang_id`)
) ENGINE=InnoDB AUTO_INCREMENT=4 DEFAULT CHARSET=utf8mb4 COLLATE=utf8mb4_unicode_ci;
/*!40101 SET character_set_client = @saved_cs_client */;

--
-- Dumping data for table `languages`
--

LOCK TABLES `languages` WRITE;
/*!40000 ALTER TABLE `languages` DISABLE KEYS */;
INSERT INTO `languages` VALUES (1,'English','en','en_US','us',1,0,0),(2,'Ting Vit','vi','vi','vn',0,1,0),(3,'Arabic','ar','ar','ar',0,2,1);
/*!40000 ALTER TABLE `languages` ENABLE KEYS */;
UNLOCK TABLES;

--
-- Table structure for table `media_files`
--

DROP TABLE IF EXISTS `media_files`;
/*!40101 SET @saved_cs_client     = @@character_set_client */;
/*!50503 SET character_set_client = utf8mb4 */;
CREATE TABLE `media_files` (
  `id` bigint unsigned NOT NULL AUTO_INCREMENT,
  `user_id` bigint unsigned NOT NULL,
  `name` varchar(255) COLLATE utf8mb4_unicode_ci NOT NULL,
  `alt` varchar(191) COLLATE utf8mb4_unicode_ci DEFAULT NULL,
  `folder_id` bigint unsigned NOT NULL DEFAULT '0',
  `mime_type` varchar(120) COLLATE utf8mb4_unicode_ci NOT NULL,
  `size` int NOT NULL,
  `url` varchar(255) COLLATE utf8mb4_unicode_ci NOT NULL,
  `options` text COLLATE utf8mb4_unicode_ci,
  `created_at` timestamp NULL DEFAULT NULL,
  `updated_at` timestamp NULL DEFAULT NULL,
  `deleted_at` timestamp NULL DEFAULT NULL,
  PRIMARY KEY (`id`),
  KEY `media_files_user_id_index` (`user_id`),
  KEY `media_files_index` (`folder_id`,`user_id`,`created_at`)
) ENGINE=InnoDB AUTO_INCREMENT=70 DEFAULT CHARSET=utf8mb4 COLLATE=utf8mb4_unicode_ci;
/*!40101 SET character_set_client = @saved_cs_client */;

--
-- Dumping data for table `media_files`
--

LOCK TABLES `media_files` WRITE;
/*!40000 ALTER TABLE `media_files` DISABLE KEYS */;
INSERT INTO `media_files` VALUES (1,0,'1','1',1,'image/jpeg',2165,'news/1.jpg','[]','2023-06-13 21:33:45','2023-06-13 21:33:45',NULL),(2,0,'10','10',1,'image/jpeg',2165,'news/10.jpg','[]','2023-06-13 21:33:45','2023-06-13 21:33:45',NULL),(3,0,'11','11',1,'image/jpeg',2165,'news/11.jpg','[]','2023-06-13 21:33:45','2023-06-13 21:33:45',NULL),(4,0,'12','12',1,'image/jpeg',2165,'news/12.jpg','[]','2023-06-13 21:33:45','2023-06-13 21:33:45',NULL),(5,0,'13','13',1,'image/jpeg',2165,'news/13.jpg','[]','2023-06-13 21:33:45','2023-06-13 21:33:45',NULL),(6,0,'14','14',1,'image/jpeg',2165,'news/14.jpg','[]','2023-06-13 21:33:45','2023-06-13 21:33:45',NULL),(7,0,'15','15',1,'image/jpeg',2165,'news/15.jpg','[]','2023-06-13 21:33:45','2023-06-13 21:33:45',NULL),(8,0,'16','16',1,'image/jpeg',2165,'news/16.jpg','[]','2023-06-13 21:33:45','2023-06-13 21:33:45',NULL),(9,0,'2','2',1,'image/jpeg',2165,'news/2.jpg','[]','2023-06-13 21:33:46','2023-06-13 21:33:46',NULL),(10,0,'3','3',1,'image/jpeg',2165,'news/3.jpg','[]','2023-06-13 21:33:46','2023-06-13 21:33:46',NULL),(11,0,'4','4',1,'image/jpeg',2165,'news/4.jpg','[]','2023-06-13 21:33:46','2023-06-13 21:33:46',NULL),(12,0,'5','5',1,'image/jpeg',2165,'news/5.jpg','[]','2023-06-13 21:33:46','2023-06-13 21:33:46',NULL),(13,0,'6','6',1,'image/jpeg',2165,'news/6.jpg','[]','2023-06-13 21:33:46','2023-06-13 21:33:46',NULL),(14,0,'7','7',1,'image/jpeg',2165,'news/7.jpg','[]','2023-06-13 21:33:46','2023-06-13 21:33:46',NULL),(15,0,'8','8',1,'image/jpeg',2165,'news/8.jpg','[]','2023-06-13 21:33:46','2023-06-13 21:33:46',NULL),(16,0,'9','9',1,'image/jpeg',2165,'news/9.jpg','[]','2023-06-13 21:33:46','2023-06-13 21:33:46',NULL),(17,0,'404','404',2,'image/png',2960,'general/404.png','[]','2023-06-13 21:33:46','2023-06-13 21:33:46',NULL),(18,0,'animat-rocket-color','animat-rocket-color',2,'image/gif',76878,'general/animat-rocket-color.gif','[]','2023-06-13 21:33:46','2023-06-13 21:33:46',NULL),(19,0,'contact','contact',2,'image/png',3145,'general/contact.png','[]','2023-06-13 21:33:46','2023-06-13 21:33:46',NULL),(20,0,'cover-image','cover-image',2,'image/jpeg',2908,'general/cover-image.jpg','[]','2023-06-13 21:33:46','2023-06-13 21:33:46',NULL),(21,0,'favicon','favicon',2,'image/png',3416,'general/favicon.png','[]','2023-06-13 21:33:46','2023-06-13 21:33:46',NULL),(22,0,'how-it-work-1','how-it-work-1',2,'image/png',2614,'general/how-it-work-1.png','[]','2023-06-13 21:33:46','2023-06-13 21:33:46',NULL),(23,0,'how-it-work-2','how-it-work-2',2,'image/png',2614,'general/how-it-work-2.png','[]','2023-06-13 21:33:47','2023-06-13 21:33:47',NULL),(24,0,'how-it-work-3','how-it-work-3',2,'image/png',2614,'general/how-it-work-3.png','[]','2023-06-13 21:33:47','2023-06-13 21:33:47',NULL),(25,0,'img-01','img-01',2,'image/png',8141,'general/img-01.png','[]','2023-06-13 21:33:47','2023-06-13 21:33:47',NULL),(26,0,'img-02','img-02',2,'image/jpeg',19080,'general/img-02.jpg','[]','2023-06-13 21:33:47','2023-06-13 21:33:47',NULL),(27,0,'img-03','img-03',2,'image/jpeg',17831,'general/img-03.jpg','[]','2023-06-13 21:33:47','2023-06-13 21:33:47',NULL),(28,0,'img-04','img-04',2,'image/jpeg',17898,'general/img-04.jpg','[]','2023-06-13 21:33:47','2023-06-13 21:33:47',NULL),(29,0,'logo-light','logo-light',2,'image/png',3762,'general/logo-light.png','[]','2023-06-13 21:33:47','2023-06-13 21:33:47',NULL),(30,0,'logo','logo',2,'image/png',3826,'general/logo.png','[]','2023-06-13 21:33:47','2023-06-13 21:33:47',NULL),(31,0,'newsletter-image','newsletter-image',2,'image/png',1741,'general/newsletter-image.png','[]','2023-06-13 21:33:47','2023-06-13 21:33:47',NULL),(32,0,'process-02','process-02',2,'image/png',2614,'general/process-02.png','[]','2023-06-13 21:33:47','2023-06-13 21:33:47',NULL),(33,0,'1','1',3,'image/png',2165,'job-categories/1.png','[]','2023-06-13 21:34:00','2023-06-13 21:34:00',NULL),(34,0,'2','2',3,'image/png',2165,'job-categories/2.png','[]','2023-06-13 21:34:00','2023-06-13 21:34:00',NULL),(35,0,'3','3',3,'image/png',2165,'job-categories/3.png','[]','2023-06-13 21:34:00','2023-06-13 21:34:00',NULL),(36,0,'4','4',3,'image/png',2165,'job-categories/4.png','[]','2023-06-13 21:34:00','2023-06-13 21:34:00',NULL),(37,0,'5','5',3,'image/png',2165,'job-categories/5.png','[]','2023-06-13 21:34:00','2023-06-13 21:34:00',NULL),(38,0,'6','6',3,'image/png',2165,'job-categories/6.png','[]','2023-06-13 21:34:00','2023-06-13 21:34:00',NULL),(39,0,'7','7',3,'image/png',2165,'job-categories/7.png','[]','2023-06-13 21:34:00','2023-06-13 21:34:00',NULL),(40,0,'8','8',3,'image/png',2165,'job-categories/8.png','[]','2023-06-13 21:34:00','2023-06-13 21:34:00',NULL),(41,0,'1','1',4,'image/png',183,'companies/1.png','[]','2023-06-13 21:34:01','2023-06-13 21:34:01',NULL),(42,0,'10','10',4,'image/png',183,'companies/10.png','[]','2023-06-13 21:34:01','2023-06-13 21:34:01',NULL),(43,0,'11','11',4,'image/png',183,'companies/11.png','[]','2023-06-13 21:34:01','2023-06-13 21:34:01',NULL),(44,0,'12','12',4,'image/png',183,'companies/12.png','[]','2023-06-13 21:34:01','2023-06-13 21:34:01',NULL),(45,0,'13','13',4,'image/png',183,'companies/13.png','[]','2023-06-13 21:34:01','2023-06-13 21:34:01',NULL),(46,0,'14','14',4,'image/png',183,'companies/14.png','[]','2023-06-13 21:34:01','2023-06-13 21:34:01',NULL),(47,0,'15','15',4,'image/png',183,'companies/15.png','[]','2023-06-13 21:34:01','2023-06-13 21:34:01',NULL),(48,0,'16','16',4,'image/png',183,'companies/16.png','[]','2023-06-13 21:34:01','2023-06-13 21:34:01',NULL),(49,0,'17','17',4,'image/png',183,'companies/17.png','[]','2023-06-13 21:34:01','2023-06-13 21:34:01',NULL),(50,0,'2','2',4,'image/png',183,'companies/2.png','[]','2023-06-13 21:34:01','2023-06-13 21:34:01',NULL),(51,0,'3','3',4,'image/png',183,'companies/3.png','[]','2023-06-13 21:34:01','2023-06-13 21:34:01',NULL),(52,0,'4','4',4,'image/png',183,'companies/4.png','[]','2023-06-13 21:34:01','2023-06-13 21:34:01',NULL),(53,0,'5','5',4,'image/png',183,'companies/5.png','[]','2023-06-13 21:34:01','2023-06-13 21:34:01',NULL),(54,0,'6','6',4,'image/png',183,'companies/6.png','[]','2023-06-13 21:34:01','2023-06-13 21:34:01',NULL),(55,0,'7','7',4,'image/png',183,'companies/7.png','[]','2023-06-13 21:34:01','2023-06-13 21:34:01',NULL),(56,0,'8','8',4,'image/png',183,'companies/8.png','[]','2023-06-13 21:34:01','2023-06-13 21:34:01',NULL),(57,0,'9','9',4,'image/png',183,'companies/9.png','[]','2023-06-13 21:34:01','2023-06-13 21:34:01',NULL),(58,0,'01','01',5,'application/pdf',43496,'resume/01.pdf','[]','2023-06-13 21:34:02','2023-06-13 21:34:02',NULL),(59,0,'1','1',6,'image/jpeg',2165,'accounts/1.jpg','[]','2023-06-13 21:34:02','2023-06-13 21:34:02',NULL),(60,0,'2','2',6,'image/jpeg',2165,'accounts/2.jpg','[]','2023-06-13 21:34:02','2023-06-13 21:34:02',NULL),(61,0,'3','3',6,'image/jpeg',2165,'accounts/3.jpg','[]','2023-06-13 21:34:02','2023-06-13 21:34:02',NULL),(62,0,'4','4',6,'image/jpeg',2165,'accounts/4.jpg','[]','2023-06-13 21:34:02','2023-06-13 21:34:02',NULL),(63,0,'5','5',6,'image/jpeg',2165,'accounts/5.jpg','[]','2023-06-13 21:34:02','2023-06-13 21:34:02',NULL),(64,0,'cover1','cover1',6,'image/png',2165,'accounts/cover1.png','[]','2023-06-13 21:34:02','2023-06-13 21:34:02',NULL),(65,0,'cover2','cover2',6,'image/png',2165,'accounts/cover2.png','[]','2023-06-13 21:34:02','2023-06-13 21:34:02',NULL),(66,0,'cover3','cover3',6,'image/png',2165,'accounts/cover3.png','[]','2023-06-13 21:34:02','2023-06-13 21:34:02',NULL),(67,0,'1','1',7,'image/png',2165,'testimonials/1.png','[]','2023-06-13 21:34:09','2023-06-13 21:34:09',NULL),(68,0,'2','2',7,'image/png',2165,'testimonials/2.png','[]','2023-06-13 21:34:09','2023-06-13 21:34:09',NULL),(69,0,'3','3',7,'image/png',2165,'testimonials/3.png','[]','2023-06-13 21:34:09','2023-06-13 21:34:09',NULL);
/*!40000 ALTER TABLE `media_files` ENABLE KEYS */;
UNLOCK TABLES;

--
-- Table structure for table `media_folders`
--

DROP TABLE IF EXISTS `media_folders`;
/*!40101 SET @saved_cs_client     = @@character_set_client */;
/*!50503 SET character_set_client = utf8mb4 */;
CREATE TABLE `media_folders` (
  `id` bigint unsigned NOT NULL AUTO_INCREMENT,
  `user_id` bigint unsigned NOT NULL,
  `name` varchar(191) COLLATE utf8mb4_unicode_ci DEFAULT NULL,
  `slug` varchar(191) COLLATE utf8mb4_unicode_ci DEFAULT NULL,
  `parent_id` bigint unsigned NOT NULL DEFAULT '0',
  `created_at` timestamp NULL DEFAULT NULL,
  `updated_at` timestamp NULL DEFAULT NULL,
  `deleted_at` timestamp NULL DEFAULT NULL,
  PRIMARY KEY (`id`),
  KEY `media_folders_user_id_index` (`user_id`),
  KEY `media_folders_index` (`parent_id`,`user_id`,`created_at`)
) ENGINE=InnoDB AUTO_INCREMENT=8 DEFAULT CHARSET=utf8mb4 COLLATE=utf8mb4_unicode_ci;
/*!40101 SET character_set_client = @saved_cs_client */;

--
-- Dumping data for table `media_folders`
--

LOCK TABLES `media_folders` WRITE;
/*!40000 ALTER TABLE `media_folders` DISABLE KEYS */;
INSERT INTO `media_folders` VALUES (1,0,'news','news',0,'2023-06-13 21:33:45','2023-06-13 21:33:45',NULL),(2,0,'general','general',0,'2023-06-13 21:33:46','2023-06-13 21:33:46',NULL),(3,0,'job-categories','job-categories',0,'2023-06-13 21:34:00','2023-06-13 21:34:00',NULL),(4,0,'companies','companies',0,'2023-06-13 21:34:01','2023-06-13 21:34:01',NULL),(5,0,'resume','resume',0,'2023-06-13 21:34:02','2023-06-13 21:34:02',NULL),(6,0,'accounts','accounts',0,'2023-06-13 21:34:02','2023-06-13 21:34:02',NULL),(7,0,'testimonials','testimonials',0,'2023-06-13 21:34:09','2023-06-13 21:34:09',NULL);
/*!40000 ALTER TABLE `media_folders` ENABLE KEYS */;
UNLOCK TABLES;

--
-- Table structure for table `media_settings`
--

DROP TABLE IF EXISTS `media_settings`;
/*!40101 SET @saved_cs_client     = @@character_set_client */;
/*!50503 SET character_set_client = utf8mb4 */;
CREATE TABLE `media_settings` (
  `id` bigint unsigned NOT NULL AUTO_INCREMENT,
  `key` varchar(120) COLLATE utf8mb4_unicode_ci NOT NULL,
  `value` text COLLATE utf8mb4_unicode_ci,
  `media_id` bigint unsigned DEFAULT NULL,
  `user_id` bigint unsigned DEFAULT NULL,
  `created_at` timestamp NULL DEFAULT NULL,
  `updated_at` timestamp NULL DEFAULT NULL,
  PRIMARY KEY (`id`)
) ENGINE=InnoDB DEFAULT CHARSET=utf8mb4 COLLATE=utf8mb4_unicode_ci;
/*!40101 SET character_set_client = @saved_cs_client */;

--
-- Dumping data for table `media_settings`
--

LOCK TABLES `media_settings` WRITE;
/*!40000 ALTER TABLE `media_settings` DISABLE KEYS */;
/*!40000 ALTER TABLE `media_settings` ENABLE KEYS */;
UNLOCK TABLES;

--
-- Table structure for table `menu_locations`
--

DROP TABLE IF EXISTS `menu_locations`;
/*!40101 SET @saved_cs_client     = @@character_set_client */;
/*!50503 SET character_set_client = utf8mb4 */;
CREATE TABLE `menu_locations` (
  `id` bigint unsigned NOT NULL AUTO_INCREMENT,
  `menu_id` bigint unsigned NOT NULL,
  `location` varchar(120) COLLATE utf8mb4_unicode_ci NOT NULL,
  `created_at` timestamp NULL DEFAULT NULL,
  `updated_at` timestamp NULL DEFAULT NULL,
  PRIMARY KEY (`id`),
  KEY `menu_locations_menu_id_created_at_index` (`menu_id`,`created_at`)
) ENGINE=InnoDB AUTO_INCREMENT=3 DEFAULT CHARSET=utf8mb4 COLLATE=utf8mb4_unicode_ci;
/*!40101 SET character_set_client = @saved_cs_client */;

--
-- Dumping data for table `menu_locations`
--

LOCK TABLES `menu_locations` WRITE;
/*!40000 ALTER TABLE `menu_locations` DISABLE KEYS */;
INSERT INTO `menu_locations` VALUES (1,1,'main-menu','2023-06-13 21:34:09','2023-06-13 21:34:09'),(2,6,'main-menu','2023-06-13 21:34:09','2023-06-13 21:34:09');
/*!40000 ALTER TABLE `menu_locations` ENABLE KEYS */;
UNLOCK TABLES;

--
-- Table structure for table `menu_nodes`
--

DROP TABLE IF EXISTS `menu_nodes`;
/*!40101 SET @saved_cs_client     = @@character_set_client */;
/*!50503 SET character_set_client = utf8mb4 */;
CREATE TABLE `menu_nodes` (
  `id` bigint unsigned NOT NULL AUTO_INCREMENT,
  `menu_id` bigint unsigned NOT NULL,
  `parent_id` bigint unsigned NOT NULL DEFAULT '0',
  `reference_id` bigint unsigned DEFAULT NULL,
  `reference_type` varchar(255) COLLATE utf8mb4_unicode_ci DEFAULT NULL,
  `url` varchar(120) COLLATE utf8mb4_unicode_ci DEFAULT NULL,
  `icon_font` varchar(50) COLLATE utf8mb4_unicode_ci DEFAULT NULL,
  `position` tinyint unsigned NOT NULL DEFAULT '0',
  `title` varchar(120) COLLATE utf8mb4_unicode_ci DEFAULT NULL,
  `css_class` varchar(120) COLLATE utf8mb4_unicode_ci DEFAULT NULL,
  `target` varchar(20) COLLATE utf8mb4_unicode_ci NOT NULL DEFAULT '_self',
  `has_child` tinyint unsigned NOT NULL DEFAULT '0',
  `created_at` timestamp NULL DEFAULT NULL,
  `updated_at` timestamp NULL DEFAULT NULL,
  PRIMARY KEY (`id`),
  KEY `menu_nodes_menu_id_index` (`menu_id`),
  KEY `menu_nodes_parent_id_index` (`parent_id`),
  KEY `reference_id` (`reference_id`),
  KEY `reference_type` (`reference_type`)
) ENGINE=InnoDB AUTO_INCREMENT=91 DEFAULT CHARSET=utf8mb4 COLLATE=utf8mb4_unicode_ci;
/*!40101 SET character_set_client = @saved_cs_client */;

--
-- Dumping data for table `menu_nodes`
--

LOCK TABLES `menu_nodes` WRITE;
/*!40000 ALTER TABLE `menu_nodes` DISABLE KEYS */;
INSERT INTO `menu_nodes` VALUES (1,1,0,NULL,NULL,'/',NULL,0,'Home',NULL,'_self',1,'2023-06-13 21:34:09','2023-06-13 21:34:09'),(2,1,1,NULL,NULL,'/',NULL,0,'Homepage',NULL,'_self',0,'2023-06-13 21:34:09','2023-06-13 21:34:09'),(3,1,1,13,'Botble\\Page\\Models\\Page','/homepage-2',NULL,0,'Homepage 2',NULL,'_self',0,'2023-06-13 21:34:09','2023-06-13 21:34:09'),(4,1,1,14,'Botble\\Page\\Models\\Page','/homepage-3',NULL,0,'Homepage 3',NULL,'_self',0,'2023-06-13 21:34:09','2023-06-13 21:34:09'),(5,1,0,NULL,NULL,'/jobs',NULL,0,'Jobs',NULL,'_self',1,'2023-06-13 21:34:09','2023-06-13 21:34:09'),(6,1,5,NULL,NULL,'/jobs',NULL,0,'Jobs',NULL,'_self',0,'2023-06-13 21:34:09','2023-06-13 21:34:09'),(7,1,5,NULL,NULL,'/jobs/ui-ux-designer-fulltime',NULL,0,'Job Detail',NULL,'_self',0,'2023-06-13 21:34:09','2023-06-13 21:34:09'),(8,1,5,NULL,NULL,'/jobs/full-stack-engineer',NULL,0,'Job External',NULL,'_self',0,'2023-06-13 21:34:09','2023-06-13 21:34:09'),(9,1,5,NULL,NULL,'/jobs/java-software-engineer',NULL,0,'Job Hide Company',NULL,'_self',0,'2023-06-13 21:34:09','2023-06-13 21:34:09'),(10,1,0,10,'Botble\\Page\\Models\\Page','/job-categories',NULL,0,'Categories',NULL,'_self',1,'2023-06-13 21:34:09','2023-06-13 21:34:09'),(11,1,10,10,'Botble\\Page\\Models\\Page','/job-categories',NULL,0,'Categories',NULL,'_self',0,'2023-06-13 21:34:09','2023-06-13 21:34:09'),(12,1,10,1,'Botble\\JobBoard\\Models\\Category','/job-categories/it-software',NULL,0,'Category Detail',NULL,'_self',0,'2023-06-13 21:34:09','2023-06-13 21:34:09'),(13,1,0,NULL,NULL,'#',NULL,0,'Pages',NULL,'_self',1,'2023-06-13 21:34:09','2023-06-13 21:34:09'),(14,1,13,11,'Botble\\Page\\Models\\Page','/companies',NULL,0,'Companies',NULL,'_self',0,'2023-06-13 21:34:09','2023-06-13 21:34:09'),(15,1,13,NULL,NULL,'/companies/pinterest',NULL,0,'Company Detail',NULL,'_self',0,'2023-06-13 21:34:09','2023-06-13 21:34:09'),(16,1,13,15,'Botble\\Page\\Models\\Page','/candidates',NULL,0,'Candidates Grid',NULL,'_self',0,'2023-06-13 21:34:09','2023-06-13 21:34:09'),(17,1,13,16,'Botble\\Page\\Models\\Page','/candidates-list',NULL,0,'Candidates List',NULL,'_self',0,'2023-06-13 21:34:09','2023-06-13 21:34:09'),(18,1,13,NULL,NULL,'/candidates/macy-franecki',NULL,0,'Candidates Details',NULL,'_self',0,'2023-06-13 21:34:09','2023-06-13 21:34:09'),(19,1,13,8,'Botble\\Page\\Models\\Page','/terms-of-use',NULL,0,'Terms Of Use',NULL,'_self',0,'2023-06-13 21:34:09','2023-06-13 21:34:09'),(20,1,13,9,'Botble\\Page\\Models\\Page','/terms-conditions',NULL,0,'Terms & Conditions',NULL,'_self',0,'2023-06-13 21:34:09','2023-06-13 21:34:09'),(21,1,13,5,'Botble\\Page\\Models\\Page','/faq',NULL,0,'FAQ',NULL,'_self',0,'2023-06-13 21:34:09','2023-06-13 21:34:09'),(22,1,13,4,'Botble\\Page\\Models\\Page','/cookie-policy',NULL,0,'Cookie Policy',NULL,'_self',0,'2023-06-13 21:34:09','2023-06-13 21:34:09'),(23,1,13,12,'Botble\\Page\\Models\\Page','/coming-soon',NULL,0,'Coming Soon',NULL,'_self',0,'2023-06-13 21:34:09','2023-06-13 21:34:09'),(24,1,0,2,'Botble\\Page\\Models\\Page','/blog',NULL,0,'Blog',NULL,'_self',1,'2023-06-13 21:34:09','2023-06-13 21:34:09'),(25,1,24,2,'Botble\\Page\\Models\\Page','/blog',NULL,0,'Blog',NULL,'_self',0,'2023-06-13 21:34:09','2023-06-13 21:34:09'),(26,1,24,NULL,NULL,'/blog/the-top-2020-handbag-trends-to-know',NULL,0,'Post Detail',NULL,'_self',0,'2023-06-13 21:34:09','2023-06-13 21:34:09'),(27,1,0,3,'Botble\\Page\\Models\\Page','/contact',NULL,0,'Contact',NULL,'_self',0,'2023-06-13 21:34:09','2023-06-13 21:34:09'),(28,2,0,6,'Botble\\Page\\Models\\Page','/about-us',NULL,0,'About Us',NULL,'_self',0,'2023-06-13 21:34:09','2023-06-13 21:34:09'),(29,2,0,3,'Botble\\Page\\Models\\Page','/contact',NULL,0,'Contact Us',NULL,'_self',0,'2023-06-13 21:34:09','2023-06-13 21:34:09'),(30,2,0,7,'Botble\\Page\\Models\\Page','/services',NULL,0,'Services',NULL,'_self',0,'2023-06-13 21:34:09','2023-06-13 21:34:09'),(31,2,0,2,'Botble\\Page\\Models\\Page','/blog',NULL,0,'Blog',NULL,'_self',0,'2023-06-13 21:34:09','2023-06-13 21:34:09'),(32,3,0,10,'Botble\\Page\\Models\\Page','/job-categories',NULL,0,'Browse Categories',NULL,'_self',0,'2023-06-13 21:34:09','2023-06-13 21:34:09'),(33,3,0,NULL,NULL,'/jobs',NULL,0,'Browse Jobs',NULL,'_self',0,'2023-06-13 21:34:09','2023-06-13 21:34:09'),(34,3,0,NULL,NULL,'/jobs/ui-ux-designer-fulltime',NULL,0,'Job Details',NULL,'_self',0,'2023-06-13 21:34:09','2023-06-13 21:34:09'),(35,3,0,NULL,NULL,'/jobs/saved-jobs',NULL,0,'Saved Jobs',NULL,'_self',0,'2023-06-13 21:34:09','2023-06-13 21:34:09'),(36,3,0,NULL,NULL,'/jobs/full-stack-engineer',NULL,0,'Job External',NULL,'_self',0,'2023-06-13 21:34:09','2023-06-13 21:34:09'),(37,3,0,NULL,NULL,'/jobs/java-software-engineer',NULL,0,'Job Hide Company',NULL,'_self',0,'2023-06-13 21:34:09','2023-06-13 21:34:09'),(38,4,0,15,'Botble\\Page\\Models\\Page','/candidates',NULL,0,'Candidates List',NULL,'_self',0,'2023-06-13 21:34:09','2023-06-13 21:34:09'),(39,4,0,16,'Botble\\Page\\Models\\Page','/candidates-list',NULL,0,'Candidates Grid',NULL,'_self',0,'2023-06-13 21:34:09','2023-06-13 21:34:09'),(40,4,0,NULL,NULL,'/candidates/macy-franecki',NULL,0,'Candidates Details',NULL,'_self',0,'2023-06-13 21:34:09','2023-06-13 21:34:09'),(41,5,0,8,'Botble\\Page\\Models\\Page','/terms-of-use',NULL,0,'Terms Of Use',NULL,'_self',0,'2023-06-13 21:34:09','2023-06-13 21:34:09'),(42,5,0,9,'Botble\\Page\\Models\\Page','/terms-conditions',NULL,0,'Terms & Conditions',NULL,'_self',0,'2023-06-13 21:34:09','2023-06-13 21:34:09'),(43,5,0,5,'Botble\\Page\\Models\\Page','/faq',NULL,0,'FAQ',NULL,'_self',0,'2023-06-13 21:34:09','2023-06-13 21:34:09'),(44,5,0,4,'Botble\\Page\\Models\\Page','/cookie-policy',NULL,0,'Cookie Policy',NULL,'_self',0,'2023-06-13 21:34:09','2023-06-13 21:34:09'),(45,5,0,12,'Botble\\Page\\Models\\Page','/coming-soon',NULL,0,'Coming Soon',NULL,'_self',0,'2023-06-13 21:34:09','2023-06-13 21:34:09'),(46,6,0,NULL,NULL,'/',NULL,0,'Trang ch',NULL,'_self',1,'2023-06-13 21:34:09','2023-06-13 21:34:09'),(47,6,46,NULL,NULL,'/',NULL,0,'Trang ch',NULL,'_self',0,'2023-06-13 21:34:09','2023-06-13 21:34:09'),(48,6,46,13,'Botble\\Page\\Models\\Page','/homepage-2',NULL,0,'Trang ch 2',NULL,'_self',0,'2023-06-13 21:34:09','2023-06-13 21:34:09'),(49,6,46,14,'Botble\\Page\\Models\\Page','/homepage-3',NULL,0,'Trang ch 3',NULL,'_self',0,'2023-06-13 21:34:09','2023-06-13 21:34:09'),(50,6,0,NULL,NULL,'/jobs',NULL,0,'Vic lm',NULL,'_self',1,'2023-06-13 21:34:09','2023-06-13 21:34:09'),(51,6,50,NULL,NULL,'/jobs',NULL,0,'Vic lm',NULL,'_self',0,'2023-06-13 21:34:09','2023-06-13 21:34:09'),(52,6,50,NULL,NULL,'/jobs/ui-ux-designer-fulltime',NULL,0,'Chi tit vic lm',NULL,'_self',0,'2023-06-13 21:34:09','2023-06-13 21:34:09'),(53,6,50,NULL,NULL,'/jobs/full-stack-engineer',NULL,0,'Vic lm bn ngoi',NULL,'_self',0,'2023-06-13 21:34:09','2023-06-13 21:34:09'),(54,6,50,NULL,NULL,'/jobs/java-software-engineer',NULL,0,'Vic lm n cng ty',NULL,'_self',0,'2023-06-13 21:34:09','2023-06-13 21:34:09'),(55,6,0,10,'Botble\\Page\\Models\\Page','/job-categories',NULL,0,'Danh mc',NULL,'_self',1,'2023-06-13 21:34:09','2023-06-13 21:34:09'),(56,6,55,10,'Botble\\Page\\Models\\Page','/job-categories',NULL,0,'Tt c danh mc',NULL,'_self',0,'2023-06-13 21:34:09','2023-06-13 21:34:09'),(57,6,55,1,'Botble\\JobBoard\\Models\\Category','/job-categories/it-software',NULL,0,'Danh mc chi tit',NULL,'_self',0,'2023-06-13 21:34:09','2023-06-13 21:34:09'),(58,6,0,NULL,NULL,'#',NULL,0,'Trang',NULL,'_self',1,'2023-06-13 21:34:09','2023-06-13 21:34:09'),(59,6,58,11,'Botble\\Page\\Models\\Page','/companies',NULL,0,'Cng ty',NULL,'_self',0,'2023-06-13 21:34:09','2023-06-13 21:34:09'),(60,6,58,NULL,NULL,'/companies/pinterest',NULL,0,'Chi tit cng ty',NULL,'_self',0,'2023-06-13 21:34:09','2023-06-13 21:34:09'),(61,6,58,15,'Botble\\Page\\Models\\Page','/candidates',NULL,0,'Danh sch ng vin dng li',NULL,'_self',0,'2023-06-13 21:34:09','2023-06-13 21:34:09'),(62,6,58,16,'Botble\\Page\\Models\\Page','/candidates-list',NULL,0,'Danh sch ng vin dng danh sch',NULL,'_self',0,'2023-06-13 21:34:09','2023-06-13 21:34:09'),(63,6,58,NULL,NULL,'/candidates/macy-franecki',NULL,0,'Chi tit ng vin',NULL,'_self',0,'2023-06-13 21:34:09','2023-06-13 21:34:09'),(64,6,58,8,'Botble\\Page\\Models\\Page','/terms-of-use',NULL,0,'iu khon s dng',NULL,'_self',0,'2023-06-13 21:34:09','2023-06-13 21:34:09'),(65,6,58,9,'Botble\\Page\\Models\\Page','/terms-conditions',NULL,0,'iu khon v quy nh',NULL,'_self',0,'2023-06-13 21:34:09','2023-06-13 21:34:09'),(66,6,58,5,'Botble\\Page\\Models\\Page','/faq',NULL,0,'Hi p',NULL,'_self',0,'2023-06-13 21:34:09','2023-06-13 21:34:09'),(67,6,58,4,'Botble\\Page\\Models\\Page','/cookie-policy',NULL,0,'Chnh sch cookie',NULL,'_self',0,'2023-06-13 21:34:09','2023-06-13 21:34:09'),(68,6,58,12,'Botble\\Page\\Models\\Page','/coming-soon',NULL,0,'Sp ra mt',NULL,'_self',0,'2023-06-13 21:34:09','2023-06-13 21:34:09'),(69,6,0,2,'Botble\\Page\\Models\\Page','/blog',NULL,0,'Blog',NULL,'_self',1,'2023-06-13 21:34:09','2023-06-13 21:34:09'),(70,6,69,2,'Botble\\Page\\Models\\Page','/blog',NULL,0,'Blog',NULL,'_self',0,'2023-06-13 21:34:09','2023-06-13 21:34:09'),(71,6,69,NULL,NULL,'/blog/the-top-2020-handbag-trends-to-know',NULL,0,'Chi tit bi vit',NULL,'_self',0,'2023-06-13 21:34:09','2023-06-13 21:34:09'),(72,6,0,3,'Botble\\Page\\Models\\Page','/contact',NULL,0,'Lin h',NULL,'_self',0,'2023-06-13 21:34:09','2023-06-13 21:34:09'),(73,7,0,6,'Botble\\Page\\Models\\Page','/about-us',NULL,0,'V chng ti',NULL,'_self',0,'2023-06-13 21:34:09','2023-06-13 21:34:09'),(74,7,0,3,'Botble\\Page\\Models\\Page','/contact',NULL,0,'Lin h',NULL,'_self',0,'2023-06-13 21:34:09','2023-06-13 21:34:09'),(75,7,0,7,'Botble\\Page\\Models\\Page','/services',NULL,0,'Dch v',NULL,'_self',0,'2023-06-13 21:34:09','2023-06-13 21:34:09'),(76,7,0,2,'Botble\\Page\\Models\\Page','/blog',NULL,0,'Blog',NULL,'_self',0,'2023-06-13 21:34:09','2023-06-13 21:34:09'),(77,8,0,10,'Botble\\Page\\Models\\Page','/job-categories',NULL,0,'Browse Categories',NULL,'_self',0,'2023-06-13 21:34:09','2023-06-13 21:34:09'),(78,8,0,NULL,NULL,'/jobs',NULL,0,'Browse Jobs',NULL,'_self',0,'2023-06-13 21:34:09','2023-06-13 21:34:09'),(79,8,0,1,'Botble\\JobBoard\\Models\\Job','/jobs/ui-ux-designer-fulltime',NULL,0,'Job Details',NULL,'_self',0,'2023-06-13 21:34:09','2023-06-13 21:34:09'),(80,8,0,NULL,NULL,'/jobs/saved-jobs',NULL,0,'Saved Jobs',NULL,'_self',0,'2023-06-13 21:34:09','2023-06-13 21:34:09'),(81,8,0,2,'Botble\\JobBoard\\Models\\Job','/jobs/full-stack-engineer',NULL,0,'Job External',NULL,'_self',0,'2023-06-13 21:34:09','2023-06-13 21:34:09'),(82,8,0,3,'Botble\\JobBoard\\Models\\Job','/jobs/java-software-engineer',NULL,0,'Job Hide Company',NULL,'_self',0,'2023-06-13 21:34:09','2023-06-13 21:34:09'),(83,9,0,15,'Botble\\JobBoard\\Models\\Job','/jobs/staff-engineering-manager-actions',NULL,0,'Candidates List',NULL,'_self',0,'2023-06-13 21:34:09','2023-06-13 21:34:09'),(84,9,0,16,'Botble\\JobBoard\\Models\\Job','/jobs/staff-engineering-manager-actions-runtime',NULL,0,'Candidates Grid',NULL,'_self',0,'2023-06-13 21:34:09','2023-06-13 21:34:09'),(85,9,0,2,'Botble\\JobBoard\\Models\\Account','/candidates/matilde-mills',NULL,0,'Candidates Details',NULL,'_self',0,'2023-06-13 21:34:09','2023-06-13 21:34:09'),(86,10,0,8,'Botble\\Page\\Models\\Page','/terms-of-use',NULL,0,'iu khon s dng',NULL,'_self',0,'2023-06-13 21:34:09','2023-06-13 21:34:09'),(87,10,0,9,'Botble\\Page\\Models\\Page','/terms-conditions',NULL,0,'iu khon v iu kin',NULL,'_self',0,'2023-06-13 21:34:09','2023-06-13 21:34:09'),(88,10,0,5,'Botble\\Page\\Models\\Page','/faq',NULL,0,'Cu hi thng gp',NULL,'_self',0,'2023-06-13 21:34:09','2023-06-13 21:34:09'),(89,10,0,4,'Botble\\Page\\Models\\Page','/cookie-policy',NULL,0,'Cookie Policy',NULL,'_self',0,'2023-06-13 21:34:09','2023-06-13 21:34:09'),(90,10,0,12,'Botble\\Page\\Models\\Page','/coming-soon',NULL,0,'Coming Soon',NULL,'_self',0,'2023-06-13 21:34:09','2023-06-13 21:34:09');
/*!40000 ALTER TABLE `menu_nodes` ENABLE KEYS */;
UNLOCK TABLES;

--
-- Table structure for table `menus`
--

DROP TABLE IF EXISTS `menus`;
/*!40101 SET @saved_cs_client     = @@character_set_client */;
/*!50503 SET character_set_client = utf8mb4 */;
CREATE TABLE `menus` (
  `id` bigint unsigned NOT NULL AUTO_INCREMENT,
  `name` varchar(120) COLLATE utf8mb4_unicode_ci NOT NULL,
  `slug` varchar(120) COLLATE utf8mb4_unicode_ci DEFAULT NULL,
  `status` varchar(60) COLLATE utf8mb4_unicode_ci NOT NULL DEFAULT 'published',
  `created_at` timestamp NULL DEFAULT NULL,
  `updated_at` timestamp NULL DEFAULT NULL,
  PRIMARY KEY (`id`),
  UNIQUE KEY `menus_slug_unique` (`slug`)
) ENGINE=InnoDB AUTO_INCREMENT=11 DEFAULT CHARSET=utf8mb4 COLLATE=utf8mb4_unicode_ci;
/*!40101 SET character_set_client = @saved_cs_client */;

--
-- Dumping data for table `menus`
--

LOCK TABLES `menus` WRITE;
/*!40000 ALTER TABLE `menus` DISABLE KEYS */;
INSERT INTO `menus` VALUES (1,'Main menu','main-menu','published','2023-06-13 21:34:09','2023-06-13 21:34:09'),(2,'Company','company','published','2023-06-13 21:34:09','2023-06-13 21:34:09'),(3,'For Jobs','for-jobs','published','2023-06-13 21:34:09','2023-06-13 21:34:09'),(4,'For Candidates','for-candidates','published','2023-06-13 21:34:09','2023-06-13 21:34:09'),(5,'Support','support','published','2023-06-13 21:34:09','2023-06-13 21:34:09'),(6,'Menu chinh','menu-chinh','published','2023-06-13 21:34:09','2023-06-13 21:34:09'),(7,'Cng ty','cong-ty','published','2023-06-13 21:34:09','2023-06-13 21:34:09'),(8,'For Jobs','ve-cac-cong-viec','published','2023-06-13 21:34:09','2023-06-13 21:34:09'),(9,'Dnh cho ng vin','danh-cho-ung-vien','published','2023-06-13 21:34:09','2023-06-13 21:34:09'),(10,'H tr','ho-tro','published','2023-06-13 21:34:09','2023-06-13 21:34:09');
/*!40000 ALTER TABLE `menus` ENABLE KEYS */;
UNLOCK TABLES;

--
-- Table structure for table `meta_boxes`
--

DROP TABLE IF EXISTS `meta_boxes`;
/*!40101 SET @saved_cs_client     = @@character_set_client */;
/*!50503 SET character_set_client = utf8mb4 */;
CREATE TABLE `meta_boxes` (
  `id` bigint unsigned NOT NULL AUTO_INCREMENT,
  `meta_key` varchar(255) COLLATE utf8mb4_unicode_ci NOT NULL,
  `meta_value` text COLLATE utf8mb4_unicode_ci,
  `reference_id` bigint unsigned NOT NULL,
  `reference_type` varchar(120) COLLATE utf8mb4_unicode_ci NOT NULL,
  `created_at` timestamp NULL DEFAULT NULL,
  `updated_at` timestamp NULL DEFAULT NULL,
  PRIMARY KEY (`id`),
  KEY `meta_boxes_reference_id_index` (`reference_id`)
) ENGINE=InnoDB AUTO_INCREMENT=109 DEFAULT CHARSET=utf8mb4 COLLATE=utf8mb4_unicode_ci;
/*!40101 SET character_set_client = @saved_cs_client */;

--
-- Dumping data for table `meta_boxes`
--

LOCK TABLES `meta_boxes` WRITE;
/*!40000 ALTER TABLE `meta_boxes` DISABLE KEYS */;
INSERT INTO `meta_boxes` VALUES (1,'icon_image','[\"job-categories\\/1.png\"]',1,'Botble\\JobBoard\\Models\\Category','2023-06-13 21:34:01','2023-06-13 21:34:01'),(2,'icon_image','[\"job-categories\\/2.png\"]',2,'Botble\\JobBoard\\Models\\Category','2023-06-13 21:34:01','2023-06-13 21:34:01'),(3,'icon_image','[\"job-categories\\/3.png\"]',3,'Botble\\JobBoard\\Models\\Category','2023-06-13 21:34:01','2023-06-13 21:34:01'),(4,'icon_image','[\"job-categories\\/4.png\"]',4,'Botble\\JobBoard\\Models\\Category','2023-06-13 21:34:01','2023-06-13 21:34:01'),(5,'icon_image','[\"job-categories\\/5.png\"]',5,'Botble\\JobBoard\\Models\\Category','2023-06-13 21:34:01','2023-06-13 21:34:01'),(6,'icon_image','[\"job-categories\\/6.png\"]',6,'Botble\\JobBoard\\Models\\Category','2023-06-13 21:34:01','2023-06-13 21:34:01'),(7,'icon_image','[\"job-categories\\/7.png\"]',7,'Botble\\JobBoard\\Models\\Category','2023-06-13 21:34:01','2023-06-13 21:34:01'),(8,'icon_image','[\"job-categories\\/8.png\"]',8,'Botble\\JobBoard\\Models\\Category','2023-06-13 21:34:01','2023-06-13 21:34:01'),(9,'cover_image','[\"accounts\\/cover3.png\"]',1,'Botble\\JobBoard\\Models\\Account','2023-06-13 21:34:02','2023-06-13 21:34:02'),(10,'cover_image','[\"accounts\\/cover2.png\"]',2,'Botble\\JobBoard\\Models\\Account','2023-06-13 21:34:02','2023-06-13 21:34:02'),(11,'cover_image','[\"accounts\\/cover2.png\"]',3,'Botble\\JobBoard\\Models\\Account','2023-06-13 21:34:02','2023-06-13 21:34:02'),(12,'cover_image','[\"accounts\\/cover2.png\"]',4,'Botble\\JobBoard\\Models\\Account','2023-06-13 21:34:03','2023-06-13 21:34:03'),(13,'cover_image','[\"accounts\\/cover1.png\"]',5,'Botble\\JobBoard\\Models\\Account','2023-06-13 21:34:03','2023-06-13 21:34:03'),(14,'cover_image','[\"accounts\\/cover3.png\"]',6,'Botble\\JobBoard\\Models\\Account','2023-06-13 21:34:03','2023-06-13 21:34:03'),(15,'cover_image','[\"accounts\\/cover1.png\"]',7,'Botble\\JobBoard\\Models\\Account','2023-06-13 21:34:03','2023-06-13 21:34:03'),(16,'cover_image','[\"accounts\\/cover1.png\"]',8,'Botble\\JobBoard\\Models\\Account','2023-06-13 21:34:03','2023-06-13 21:34:03'),(17,'cover_image','[\"accounts\\/cover2.png\"]',9,'Botble\\JobBoard\\Models\\Account','2023-06-13 21:34:03','2023-06-13 21:34:03'),(18,'cover_image','[\"accounts\\/cover3.png\"]',10,'Botble\\JobBoard\\Models\\Account','2023-06-13 21:34:03','2023-06-13 21:34:03'),(19,'cover_image','[\"accounts\\/cover3.png\"]',11,'Botble\\JobBoard\\Models\\Account','2023-06-13 21:34:03','2023-06-13 21:34:03'),(20,'cover_image','[\"accounts\\/cover3.png\"]',12,'Botble\\JobBoard\\Models\\Account','2023-06-13 21:34:03','2023-06-13 21:34:03'),(21,'cover_image','[\"accounts\\/cover1.png\"]',13,'Botble\\JobBoard\\Models\\Account','2023-06-13 21:34:03','2023-06-13 21:34:03'),(22,'cover_image','[\"accounts\\/cover1.png\"]',14,'Botble\\JobBoard\\Models\\Account','2023-06-13 21:34:03','2023-06-13 21:34:03'),(23,'cover_image','[\"accounts\\/cover1.png\"]',15,'Botble\\JobBoard\\Models\\Account','2023-06-13 21:34:03','2023-06-13 21:34:03'),(24,'cover_image','[\"accounts\\/cover1.png\"]',16,'Botble\\JobBoard\\Models\\Account','2023-06-13 21:34:03','2023-06-13 21:34:03'),(25,'cover_image','[\"accounts\\/cover1.png\"]',17,'Botble\\JobBoard\\Models\\Account','2023-06-13 21:34:03','2023-06-13 21:34:03'),(26,'cover_image','[\"accounts\\/cover3.png\"]',18,'Botble\\JobBoard\\Models\\Account','2023-06-13 21:34:03','2023-06-13 21:34:03'),(27,'cover_image','[\"accounts\\/cover1.png\"]',19,'Botble\\JobBoard\\Models\\Account','2023-06-13 21:34:03','2023-06-13 21:34:03'),(28,'cover_image','[\"accounts\\/cover2.png\"]',20,'Botble\\JobBoard\\Models\\Account','2023-06-13 21:34:04','2023-06-13 21:34:04'),(29,'cover_image','[\"accounts\\/cover2.png\"]',21,'Botble\\JobBoard\\Models\\Account','2023-06-13 21:34:04','2023-06-13 21:34:04'),(30,'cover_image','[\"accounts\\/cover3.png\"]',22,'Botble\\JobBoard\\Models\\Account','2023-06-13 21:34:04','2023-06-13 21:34:04'),(31,'cover_image','[\"accounts\\/cover1.png\"]',23,'Botble\\JobBoard\\Models\\Account','2023-06-13 21:34:04','2023-06-13 21:34:04'),(32,'cover_image','[\"accounts\\/cover1.png\"]',24,'Botble\\JobBoard\\Models\\Account','2023-06-13 21:34:04','2023-06-13 21:34:04'),(33,'cover_image','[\"accounts\\/cover2.png\"]',25,'Botble\\JobBoard\\Models\\Account','2023-06-13 21:34:04','2023-06-13 21:34:04'),(34,'cover_image','[\"accounts\\/cover1.png\"]',26,'Botble\\JobBoard\\Models\\Account','2023-06-13 21:34:04','2023-06-13 21:34:04'),(35,'cover_image','[\"accounts\\/cover1.png\"]',27,'Botble\\JobBoard\\Models\\Account','2023-06-13 21:34:04','2023-06-13 21:34:04'),(36,'cover_image','[\"accounts\\/cover1.png\"]',28,'Botble\\JobBoard\\Models\\Account','2023-06-13 21:34:04','2023-06-13 21:34:04'),(37,'cover_image','[\"accounts\\/cover2.png\"]',29,'Botble\\JobBoard\\Models\\Account','2023-06-13 21:34:04','2023-06-13 21:34:04'),(38,'cover_image','[\"accounts\\/cover1.png\"]',30,'Botble\\JobBoard\\Models\\Account','2023-06-13 21:34:04','2023-06-13 21:34:04'),(39,'cover_image','[\"accounts\\/cover1.png\"]',31,'Botble\\JobBoard\\Models\\Account','2023-06-13 21:34:04','2023-06-13 21:34:04'),(40,'cover_image','[\"accounts\\/cover3.png\"]',32,'Botble\\JobBoard\\Models\\Account','2023-06-13 21:34:04','2023-06-13 21:34:04'),(41,'cover_image','[\"accounts\\/cover3.png\"]',33,'Botble\\JobBoard\\Models\\Account','2023-06-13 21:34:04','2023-06-13 21:34:04'),(42,'cover_image','[\"accounts\\/cover1.png\"]',34,'Botble\\JobBoard\\Models\\Account','2023-06-13 21:34:04','2023-06-13 21:34:04'),(43,'cover_image','[\"accounts\\/cover2.png\"]',35,'Botble\\JobBoard\\Models\\Account','2023-06-13 21:34:04','2023-06-13 21:34:04'),(44,'cover_image','[\"accounts\\/cover1.png\"]',36,'Botble\\JobBoard\\Models\\Account','2023-06-13 21:34:05','2023-06-13 21:34:05'),(45,'cover_image','[\"accounts\\/cover3.png\"]',37,'Botble\\JobBoard\\Models\\Account','2023-06-13 21:34:05','2023-06-13 21:34:05'),(46,'cover_image','[\"accounts\\/cover3.png\"]',38,'Botble\\JobBoard\\Models\\Account','2023-06-13 21:34:05','2023-06-13 21:34:05'),(47,'cover_image','[\"accounts\\/cover2.png\"]',39,'Botble\\JobBoard\\Models\\Account','2023-06-13 21:34:05','2023-06-13 21:34:05'),(48,'cover_image','[\"accounts\\/cover1.png\"]',40,'Botble\\JobBoard\\Models\\Account','2023-06-13 21:34:05','2023-06-13 21:34:05'),(49,'cover_image','[\"accounts\\/cover2.png\"]',41,'Botble\\JobBoard\\Models\\Account','2023-06-13 21:34:05','2023-06-13 21:34:05'),(50,'cover_image','[\"accounts\\/cover3.png\"]',42,'Botble\\JobBoard\\Models\\Account','2023-06-13 21:34:05','2023-06-13 21:34:05'),(51,'cover_image','[\"accounts\\/cover1.png\"]',43,'Botble\\JobBoard\\Models\\Account','2023-06-13 21:34:05','2023-06-13 21:34:05'),(52,'cover_image','[\"accounts\\/cover2.png\"]',44,'Botble\\JobBoard\\Models\\Account','2023-06-13 21:34:05','2023-06-13 21:34:05'),(53,'cover_image','[\"accounts\\/cover3.png\"]',45,'Botble\\JobBoard\\Models\\Account','2023-06-13 21:34:05','2023-06-13 21:34:05'),(54,'cover_image','[\"accounts\\/cover3.png\"]',46,'Botble\\JobBoard\\Models\\Account','2023-06-13 21:34:05','2023-06-13 21:34:05'),(55,'cover_image','[\"accounts\\/cover2.png\"]',47,'Botble\\JobBoard\\Models\\Account','2023-06-13 21:34:05','2023-06-13 21:34:05'),(56,'cover_image','[\"accounts\\/cover3.png\"]',48,'Botble\\JobBoard\\Models\\Account','2023-06-13 21:34:05','2023-06-13 21:34:05'),(57,'cover_image','[\"accounts\\/cover2.png\"]',49,'Botble\\JobBoard\\Models\\Account','2023-06-13 21:34:05','2023-06-13 21:34:05'),(58,'cover_image','[\"accounts\\/cover3.png\"]',50,'Botble\\JobBoard\\Models\\Account','2023-06-13 21:34:05','2023-06-13 21:34:05'),(59,'cover_image','[\"accounts\\/cover1.png\"]',51,'Botble\\JobBoard\\Models\\Account','2023-06-13 21:34:05','2023-06-13 21:34:05'),(60,'cover_image','[\"accounts\\/cover1.png\"]',52,'Botble\\JobBoard\\Models\\Account','2023-06-13 21:34:06','2023-06-13 21:34:06'),(61,'cover_image','[\"accounts\\/cover2.png\"]',53,'Botble\\JobBoard\\Models\\Account','2023-06-13 21:34:06','2023-06-13 21:34:06'),(62,'cover_image','[\"accounts\\/cover3.png\"]',54,'Botble\\JobBoard\\Models\\Account','2023-06-13 21:34:06','2023-06-13 21:34:06'),(63,'cover_image','[\"accounts\\/cover1.png\"]',55,'Botble\\JobBoard\\Models\\Account','2023-06-13 21:34:06','2023-06-13 21:34:06'),(64,'cover_image','[\"accounts\\/cover2.png\"]',56,'Botble\\JobBoard\\Models\\Account','2023-06-13 21:34:06','2023-06-13 21:34:06'),(65,'cover_image','[\"accounts\\/cover3.png\"]',57,'Botble\\JobBoard\\Models\\Account','2023-06-13 21:34:06','2023-06-13 21:34:06'),(66,'cover_image','[\"accounts\\/cover2.png\"]',58,'Botble\\JobBoard\\Models\\Account','2023-06-13 21:34:06','2023-06-13 21:34:06'),(67,'cover_image','[\"accounts\\/cover2.png\"]',59,'Botble\\JobBoard\\Models\\Account','2023-06-13 21:34:06','2023-06-13 21:34:06'),(68,'cover_image','[\"accounts\\/cover2.png\"]',60,'Botble\\JobBoard\\Models\\Account','2023-06-13 21:34:06','2023-06-13 21:34:06'),(69,'cover_image','[\"accounts\\/cover3.png\"]',61,'Botble\\JobBoard\\Models\\Account','2023-06-13 21:34:06','2023-06-13 21:34:06'),(70,'cover_image','[\"accounts\\/cover3.png\"]',62,'Botble\\JobBoard\\Models\\Account','2023-06-13 21:34:06','2023-06-13 21:34:06'),(71,'cover_image','[\"accounts\\/cover2.png\"]',63,'Botble\\JobBoard\\Models\\Account','2023-06-13 21:34:06','2023-06-13 21:34:06'),(72,'cover_image','[\"accounts\\/cover3.png\"]',64,'Botble\\JobBoard\\Models\\Account','2023-06-13 21:34:06','2023-06-13 21:34:06'),(73,'cover_image','[\"accounts\\/cover1.png\"]',65,'Botble\\JobBoard\\Models\\Account','2023-06-13 21:34:06','2023-06-13 21:34:06'),(74,'cover_image','[\"accounts\\/cover2.png\"]',66,'Botble\\JobBoard\\Models\\Account','2023-06-13 21:34:06','2023-06-13 21:34:06'),(75,'cover_image','[\"accounts\\/cover1.png\"]',67,'Botble\\JobBoard\\Models\\Account','2023-06-13 21:34:06','2023-06-13 21:34:06'),(76,'cover_image','[\"accounts\\/cover3.png\"]',68,'Botble\\JobBoard\\Models\\Account','2023-06-13 21:34:07','2023-06-13 21:34:07'),(77,'cover_image','[\"accounts\\/cover2.png\"]',69,'Botble\\JobBoard\\Models\\Account','2023-06-13 21:34:07','2023-06-13 21:34:07'),(78,'cover_image','[\"accounts\\/cover3.png\"]',70,'Botble\\JobBoard\\Models\\Account','2023-06-13 21:34:07','2023-06-13 21:34:07'),(79,'cover_image','[\"accounts\\/cover2.png\"]',71,'Botble\\JobBoard\\Models\\Account','2023-06-13 21:34:07','2023-06-13 21:34:07'),(80,'cover_image','[\"accounts\\/cover2.png\"]',72,'Botble\\JobBoard\\Models\\Account','2023-06-13 21:34:07','2023-06-13 21:34:07'),(81,'cover_image','[\"accounts\\/cover2.png\"]',73,'Botble\\JobBoard\\Models\\Account','2023-06-13 21:34:07','2023-06-13 21:34:07'),(82,'cover_image','[\"accounts\\/cover1.png\"]',74,'Botble\\JobBoard\\Models\\Account','2023-06-13 21:34:07','2023-06-13 21:34:07'),(83,'cover_image','[\"accounts\\/cover3.png\"]',75,'Botble\\JobBoard\\Models\\Account','2023-06-13 21:34:07','2023-06-13 21:34:07'),(84,'cover_image','[\"accounts\\/cover3.png\"]',76,'Botble\\JobBoard\\Models\\Account','2023-06-13 21:34:07','2023-06-13 21:34:07'),(85,'cover_image','[\"accounts\\/cover1.png\"]',77,'Botble\\JobBoard\\Models\\Account','2023-06-13 21:34:07','2023-06-13 21:34:07'),(86,'cover_image','[\"accounts\\/cover3.png\"]',78,'Botble\\JobBoard\\Models\\Account','2023-06-13 21:34:07','2023-06-13 21:34:07'),(87,'cover_image','[\"accounts\\/cover3.png\"]',79,'Botble\\JobBoard\\Models\\Account','2023-06-13 21:34:07','2023-06-13 21:34:07'),(88,'cover_image','[\"accounts\\/cover3.png\"]',80,'Botble\\JobBoard\\Models\\Account','2023-06-13 21:34:07','2023-06-13 21:34:07'),(89,'cover_image','[\"accounts\\/cover1.png\"]',81,'Botble\\JobBoard\\Models\\Account','2023-06-13 21:34:07','2023-06-13 21:34:07'),(90,'cover_image','[\"accounts\\/cover2.png\"]',82,'Botble\\JobBoard\\Models\\Account','2023-06-13 21:34:07','2023-06-13 21:34:07'),(91,'cover_image','[\"accounts\\/cover3.png\"]',83,'Botble\\JobBoard\\Models\\Account','2023-06-13 21:34:07','2023-06-13 21:34:07'),(92,'cover_image','[\"accounts\\/cover1.png\"]',84,'Botble\\JobBoard\\Models\\Account','2023-06-13 21:34:08','2023-06-13 21:34:08'),(93,'cover_image','[\"accounts\\/cover2.png\"]',85,'Botble\\JobBoard\\Models\\Account','2023-06-13 21:34:08','2023-06-13 21:34:08'),(94,'cover_image','[\"accounts\\/cover3.png\"]',86,'Botble\\JobBoard\\Models\\Account','2023-06-13 21:34:08','2023-06-13 21:34:08'),(95,'cover_image','[\"accounts\\/cover3.png\"]',87,'Botble\\JobBoard\\Models\\Account','2023-06-13 21:34:08','2023-06-13 21:34:08'),(96,'cover_image','[\"accounts\\/cover1.png\"]',88,'Botble\\JobBoard\\Models\\Account','2023-06-13 21:34:08','2023-06-13 21:34:08'),(97,'cover_image','[\"accounts\\/cover3.png\"]',89,'Botble\\JobBoard\\Models\\Account','2023-06-13 21:34:08','2023-06-13 21:34:08'),(98,'cover_image','[\"accounts\\/cover1.png\"]',90,'Botble\\JobBoard\\Models\\Account','2023-06-13 21:34:08','2023-06-13 21:34:08'),(99,'cover_image','[\"accounts\\/cover2.png\"]',91,'Botble\\JobBoard\\Models\\Account','2023-06-13 21:34:08','2023-06-13 21:34:08'),(100,'cover_image','[\"accounts\\/cover3.png\"]',92,'Botble\\JobBoard\\Models\\Account','2023-06-13 21:34:08','2023-06-13 21:34:08'),(101,'cover_image','[\"accounts\\/cover3.png\"]',93,'Botble\\JobBoard\\Models\\Account','2023-06-13 21:34:08','2023-06-13 21:34:08'),(102,'cover_image','[\"accounts\\/cover1.png\"]',94,'Botble\\JobBoard\\Models\\Account','2023-06-13 21:34:08','2023-06-13 21:34:08'),(103,'cover_image','[\"accounts\\/cover3.png\"]',95,'Botble\\JobBoard\\Models\\Account','2023-06-13 21:34:08','2023-06-13 21:34:08'),(104,'cover_image','[\"accounts\\/cover3.png\"]',96,'Botble\\JobBoard\\Models\\Account','2023-06-13 21:34:08','2023-06-13 21:34:08'),(105,'cover_image','[\"accounts\\/cover2.png\"]',97,'Botble\\JobBoard\\Models\\Account','2023-06-13 21:34:08','2023-06-13 21:34:08'),(106,'cover_image','[\"accounts\\/cover1.png\"]',98,'Botble\\JobBoard\\Models\\Account','2023-06-13 21:34:08','2023-06-13 21:34:08'),(107,'cover_image','[\"accounts\\/cover1.png\"]',99,'Botble\\JobBoard\\Models\\Account','2023-06-13 21:34:08','2023-06-13 21:34:08'),(108,'cover_image','[\"accounts\\/cover1.png\"]',100,'Botble\\JobBoard\\Models\\Account','2023-06-13 21:34:09','2023-06-13 21:34:09');
/*!40000 ALTER TABLE `meta_boxes` ENABLE KEYS */;
UNLOCK TABLES;

--
-- Table structure for table `migrations`
--

DROP TABLE IF EXISTS `migrations`;
/*!40101 SET @saved_cs_client     = @@character_set_client */;
/*!50503 SET character_set_client = utf8mb4 */;
CREATE TABLE `migrations` (
  `id` int unsigned NOT NULL AUTO_INCREMENT,
  `migration` varchar(191) COLLATE utf8mb4_unicode_ci NOT NULL,
  `batch` int NOT NULL,
  PRIMARY KEY (`id`)
) ENGINE=InnoDB AUTO_INCREMENT=81 DEFAULT CHARSET=utf8mb4 COLLATE=utf8mb4_unicode_ci;
/*!40101 SET character_set_client = @saved_cs_client */;

--
-- Dumping data for table `migrations`
--

LOCK TABLES `migrations` WRITE;
/*!40000 ALTER TABLE `migrations` DISABLE KEYS */;
INSERT INTO `migrations` VALUES (1,'2013_04_09_032329_create_base_tables',1),(2,'2013_04_09_062329_create_revisions_table',1),(3,'2014_10_12_000000_create_users_table',1),(4,'2014_10_12_100000_create_password_reset_tokens_table',1),(5,'2016_06_10_230148_create_acl_tables',1),(6,'2016_06_14_230857_create_menus_table',1),(7,'2016_06_28_221418_create_pages_table',1),(8,'2016_10_05_074239_create_setting_table',1),(9,'2016_11_28_032840_create_dashboard_widget_tables',1),(10,'2016_12_16_084601_create_widgets_table',1),(11,'2017_05_09_070343_create_media_tables',1),(12,'2017_11_03_070450_create_slug_table',1),(13,'2019_01_05_053554_create_jobs_table',1),(14,'2019_08_19_000000_create_failed_jobs_table',1),(15,'2019_12_14_000001_create_personal_access_tokens_table',1),(16,'2022_04_20_100851_add_index_to_media_table',1),(17,'2022_04_20_101046_add_index_to_menu_table',1),(18,'2022_07_10_034813_move_lang_folder_to_root',1),(19,'2022_08_04_051940_add_missing_column_expires_at',1),(20,'2022_09_01_000001_create_admin_notifications_tables',1),(21,'2022_10_14_024629_drop_column_is_featured',1),(22,'2022_11_18_063357_add_missing_timestamp_in_table_settings',1),(23,'2022_12_02_093615_update_slug_index_columns',1),(24,'2023_01_30_024431_add_alt_to_media_table',1),(25,'2023_02_16_042611_drop_table_password_resets',1),(26,'2023_04_23_005903_add_column_permissions_to_admin_notifications',1),(27,'2023_05_10_075124_drop_column_id_in_role_users_table',1),(28,'2015_06_29_025744_create_audit_history',2),(29,'2015_06_18_033822_create_blog_table',3),(30,'2021_02_16_092633_remove_default_value_for_author_type',3),(31,'2021_12_03_030600_create_blog_translations',3),(32,'2022_04_19_113923_add_index_to_table_posts',3),(33,'2016_06_17_091537_create_contacts_table',4),(34,'2018_07_09_221238_create_faq_table',5),(35,'2021_12_03_082134_create_faq_translations',5),(36,'2022_06_20_093259_create_job_board_tables',6),(37,'2022_09_12_061845_update_table_activity_logs',6),(38,'2022_09_13_042407_create_table_jb_jobs_types',6),(39,'2022_09_15_030017_update_jb_jobs_table',6),(40,'2022_09_15_094840_add_job_employer_colleagues',6),(41,'2022_09_27_000001_create_jb_invoices_tables',6),(42,'2022_09_30_144924_update_jobs_table',6),(43,'2022_10_04_085631_add_company_logo_to_jb_invoices',6),(44,'2022_10_10_030606_create_reviews_table',6),(45,'2022_11_09_065056_add_missing_jobs_page',6),(46,'2022_11_10_065056_add_columns_to_accounts',6),(47,'2022_11_16_034756_add_column_cover_letter_to_accounts',6),(48,'2022_11_29_304756_create_jb_account_favorite_skills_table',6),(49,'2022_11_29_304757_create_jb_account_favorite_tags',6),(50,'2022_12_26_304758_create_table_jb_experiences',6),(51,'2022_12_26_304759_create_table_jb_education',6),(52,'2023_01_31_023233_create_jb_custom_fields_table',6),(53,'2023_02_06_024257_add_package_translations',6),(54,'2023_02_08_062457_add_custom_fields_translation_table',6),(55,'2023_04_03_126927_add_parent_id_to_jb_categories_table',6),(56,'2023_05_04_000001_add_hide_cv_to_jb_accounts_table',6),(57,'2023_05_09_062031_unique_reviews_table',6),(58,'2023_05_13_180010_make_jb_reviews_table_morphable',6),(59,'2023_05_16_113126_fix_account_confirmed_at',6),(60,'2016_10_03_032336_create_languages_table',7),(61,'2021_10_25_021023_fix-priority-load-for-language-advanced',8),(62,'2021_12_03_075608_create_page_translations',8),(63,'2019_11_18_061011_create_country_table',9),(64,'2021_12_03_084118_create_location_translations',9),(65,'2021_12_03_094518_migrate_old_location_data',9),(66,'2021_12_10_034440_switch_plugin_location_to_use_language_advanced',9),(67,'2022_01_16_085908_improve_plugin_location',9),(68,'2022_08_04_052122_delete_location_backup_tables',9),(69,'2023_04_23_061847_increase_state_translations_abbreviation_column',9),(70,'2017_10_24_154832_create_newsletter_table',10),(71,'2017_05_18_080441_create_payment_tables',11),(72,'2021_03_27_144913_add_customer_type_into_table_payments',11),(73,'2021_05_24_034720_make_column_currency_nullable',11),(74,'2021_08_09_161302_add_metadata_column_to_payments_table',11),(75,'2021_10_19_020859_update_metadata_field',11),(76,'2022_06_28_151901_activate_paypal_stripe_plugin',11),(77,'2022_07_07_153354_update_charge_id_in_table_payments',11),(78,'2018_07_09_214610_create_testimonial_table',12),(79,'2021_12_03_083642_create_testimonials_translations',12),(80,'2016_10_07_193005_create_translations_table',13);
/*!40000 ALTER TABLE `migrations` ENABLE KEYS */;
UNLOCK TABLES;

--
-- Table structure for table `newsletters`
--

DROP TABLE IF EXISTS `newsletters`;
/*!40101 SET @saved_cs_client     = @@character_set_client */;
/*!50503 SET character_set_client = utf8mb4 */;
CREATE TABLE `newsletters` (
  `id` bigint unsigned NOT NULL AUTO_INCREMENT,
  `email` varchar(120) COLLATE utf8mb4_unicode_ci NOT NULL,
  `name` varchar(120) COLLATE utf8mb4_unicode_ci DEFAULT NULL,
  `status` varchar(60) COLLATE utf8mb4_unicode_ci NOT NULL DEFAULT 'subscribed',
  `created_at` timestamp NULL DEFAULT NULL,
  `updated_at` timestamp NULL DEFAULT NULL,
  PRIMARY KEY (`id`)
) ENGINE=InnoDB DEFAULT CHARSET=utf8mb4 COLLATE=utf8mb4_unicode_ci;
/*!40101 SET character_set_client = @saved_cs_client */;

--
-- Dumping data for table `newsletters`
--

LOCK TABLES `newsletters` WRITE;
/*!40000 ALTER TABLE `newsletters` DISABLE KEYS */;
/*!40000 ALTER TABLE `newsletters` ENABLE KEYS */;
UNLOCK TABLES;

--
-- Table structure for table `pages`
--

DROP TABLE IF EXISTS `pages`;
/*!40101 SET @saved_cs_client     = @@character_set_client */;
/*!50503 SET character_set_client = utf8mb4 */;
CREATE TABLE `pages` (
  `id` bigint unsigned NOT NULL AUTO_INCREMENT,
  `name` varchar(120) COLLATE utf8mb4_unicode_ci NOT NULL,
  `content` longtext COLLATE utf8mb4_unicode_ci,
  `user_id` bigint unsigned NOT NULL,
  `image` varchar(255) COLLATE utf8mb4_unicode_ci DEFAULT NULL,
  `template` varchar(60) COLLATE utf8mb4_unicode_ci DEFAULT NULL,
  `description` varchar(400) COLLATE utf8mb4_unicode_ci DEFAULT NULL,
  `status` varchar(60) COLLATE utf8mb4_unicode_ci NOT NULL DEFAULT 'published',
  `created_at` timestamp NULL DEFAULT NULL,
  `updated_at` timestamp NULL DEFAULT NULL,
  PRIMARY KEY (`id`),
  KEY `pages_user_id_index` (`user_id`)
) ENGINE=InnoDB AUTO_INCREMENT=18 DEFAULT CHARSET=utf8mb4 COLLATE=utf8mb4_unicode_ci;
/*!40101 SET character_set_client = @saved_cs_client */;

--
-- Dumping data for table `pages`
--

LOCK TABLES `pages` WRITE;
/*!40000 ALTER TABLE `pages` DISABLE KEYS */;
INSERT INTO `pages` VALUES (1,'Homepage','<div>[search-box subtitle=\"We have 150,000+ live jobs\" title=\"Find your dream jobs with Jobcy\" highlight_text=\"Jobcy\" description=\"Find jobs, create trackable resumes and enrich your applications.Carefully crafted after analyzing the needs of different industries.\" image=\"general/process-02.png\"][/search-box]</div><div>[featured-job-categories title=\"Browser Jobs Categories\" subtitle=\"Post a job to tell us about your project. We\'ll quickly match you with the right freelancers.\"][/featured-job-categories]</div><div>[job-tabs title=\"New & Random Jobs\" subtitle=\"Post a job to tell us about your project. We\'ll quickly match you with the right freelancers.\"][/job-tabs]</div><div>[how-it-work title=\"How It Work\" subtitle=\"Post a job to tell us about your project. We\'ll quickly match you with the right freelancers.\" step_1_title=\"Register an account\" step_1_description=\"Due to its widespread use as filler text for layouts, non-readability is of great importance.\" step_1_image=\"general/how-it-work-1.png\" step_2_title=\"Find your job\" step_2_description=\"There are many variations of passages of avaibookmark-label, but the majority lteration in some form.\" step_2_image=\"general/how-it-work-2.png\" step_3_title=\"Apply for job\" step_3_description=\"It is a long established fact that a reader will be distracted by the radable content of a page.\" step_3_image=\"general/how-it-work-2.png\"][/how-it-work]</div><div>[post-a-job title=\"Browse Our 5,000+ Latest Jobs\" highlight_text=\"5,000+\" subtitle=\"Post a job to tell us about your project. We\'ll quickly match you with the right freelancers.\"][/post-a-job]</div><div>[testimonials title=\"Happy Candidates\" subtitle=\"Post a job to tell us about your project. We\'ll quickly match you with the right freelancers.\"][/testimonials]</div><div>[featured-news title=\"Quick Career Tips\" subtitle=\"Post a job to tell us about your project. We\'ll quickly match you with the right freelancers.\"][/featured-news]</div><div>[featured-companies company_id_1=\"11\" image_1=\"companies/17.png\" company_id_2=\"12\" image_2=\"companies/12.png\" company_id_3=\"13\" image_3=\"companies/13.png\" company_id_4=\"14\" image_4=\"companies/14.png\" company_id_5=\"15\" image_5=\"companies/15.png\" company_id_6=\"16\" image_6=\"companies/16.png\"][/featured-companies]</div>',1,NULL,'homepage',NULL,'published','2023-06-13 21:33:45','2023-06-13 21:33:45'),(2,'Blog','---',1,NULL,'default',NULL,'published','2023-06-13 21:33:45','2023-06-13 21:33:45'),(3,'Contact','<div>[contact-form title=\"Get in touch\" subtitle=\"Start working with Jobcy that can provide everything you need to generate awareness, drive traffic, connect.\" image=\"general/contact.png\" email=\"contactus@Jobcy.com\" address=\"2453 Clinton StreetLittle Rock, California, USA\" phone=\"(+245) 223 1245\"][/contact-form]</div><div>[google-map]North Link Building, 10 Admiralty Street, 757695 Singapore[/google-map]</div>',1,NULL,'default',NULL,'published','2023-06-13 21:33:45','2023-06-13 21:33:45'),(4,'Cookie Policy','<h3>EU Cookie Consent</h3><p>To use this website we are using Cookies and collecting some Data. To be compliant with the EU GDPR we give you to choose if you allow us to use certain Cookies and to collect some Data.</p><h4>Essential Data</h4><ul><li>The Essential Data is needed to run the Site you are visiting technically. You can not deactivate them.</li><li>Session Cookie: PHP uses a Cookie to identify user sessions. Without this Cookie the Website is not working.</li><li>XSRF-Token Cookie: Laravel automatically generates a CSRF \"token\" for each active user session managed by the application. This token is used to verify that the authenticated user is the one actually making the requests to the application.</li></ul>',1,NULL,'static',NULL,'published','2023-06-13 21:33:45','2023-06-13 21:33:45'),(5,'FAQ','<div>[faq title=\"Frequently Asked Questions\"][/faq]</div>',1,NULL,'default',NULL,'published','2023-06-13 21:33:45','2023-06-13 21:33:45'),(6,'About us','<p>I could shut up like a telescope! I think you\'d better finish the story for yourself.\' \'No, please go on!\' Alice said to herself. (Alice had no pictures or conversations in it, and then sat upon it.) \'I\'m glad they\'ve begun asking riddles.--I believe I can remember feeling a little way off, panting, with its legs hanging down, but generally, just as I used--and I don\'t want to be?\' it asked. \'Oh, I\'m not myself, you see.\' \'I don\'t like them raw.\' \'Well, be off, and had no very clear notion how.</p><p>Alice ventured to remark. \'Tut, tut, child!\' said the Gryphon answered, very nearly carried it off. * * * * * * * * \'What a curious dream, dear, certainly: but now run in to your places!\' shouted the Queen, and Alice was more hopeless than ever: she sat down in a more subdued tone, and added \'It isn\'t mine,\' said the Caterpillar contemptuously. \'Who are YOU?\' Which brought them back again to the game. CHAPTER IX. The Mock Turtle drew a long silence after this, and she had finished, her sister.</p><p>When I used to it as she could. \'The game\'s going on within--a constant howling and sneezing, and every now and then, if I shall have somebody to talk to.\' \'How are you thinking of?\' \'I beg your pardon!\' cried Alice (she was rather doubtful whether she could for sneezing. There was a dead silence instantly, and neither of the guinea-pigs cheered, and was coming back to them, and was going to dive in among the bright eager eyes were looking up into the garden at once; but, alas for poor Alice!.</p><p>Knave of Hearts, he stole those tarts, And took them quite away!\' \'Consider your verdict,\' the King said to the Caterpillar, and the turtles all advance! They are waiting on the second thing is to do this, so she took courage, and went down on one knee as he said in a minute. Alice began telling them her adventures from the time they had to stop and untwist it. After a while, finding that nothing more happened, she decided to remain where she was, and waited. When the sands are all pardoned.\'.</p>',1,NULL,'static',NULL,'published','2023-06-13 21:33:45','2023-06-13 21:33:45'),(7,'Services','<p>Alice. \'I mean what I was going to be, from one end to the Duchess: \'and the moral of that is--\"Birds of a bottle. They all sat down and looked very uncomfortable. The first witness was the White Rabbit read:-- \'They told me he was obliged to write with one finger, as he spoke, \'we were trying--\' \'I see!\' said the White Rabbit as he spoke, \'we were trying--\' \'I see!\' said the White Rabbit. She was a general chorus of voices asked. \'Why, SHE, of course,\' said the one who had not long to doubt.</p><p>Gryphon in an offended tone, \'Hm! No accounting for tastes! Sing her \"Turtle Soup,\" will you, won\'t you, will you, old fellow?\' The Mock Turtle sighed deeply, and drew the back of one flapper across his eyes. He looked anxiously over his shoulder with some severity; \'it\'s very easy to know what you mean,\' the March Hare said to Alice; and Alice looked down at them, and he checked himself suddenly: the others all joined in chorus, \'Yes, please do!\' but the Hatter said, turning to Alice, and.</p><p>Cheshire cat,\' said the Queen. \'I haven\'t the slightest idea,\' said the March Hare was said to herself, \'Why, they\'re only a pack of cards!\' At this moment Alice felt a little three-legged table, all made a snatch in the lap of her voice. Nobody moved. \'Who cares for you?\' said the Mouse heard this, it turned round and swam slowly back to the confused clamour of the way--\' \'THAT generally takes some time,\' interrupted the Hatter: \'let\'s all move one place on.\' He moved on as he wore his crown.</p><p>Alice indignantly, and she could see it trying in a low, hurried tone. He looked anxiously round, to make ONE respectable person!\' Soon her eye fell upon a low voice. \'Not at first, perhaps,\' said the Duck. \'Found IT,\' the Mouse was swimming away from her as she could. The next thing is, to get hold of its right ear and left foot, so as to go down the chimney as she could. \'The Dormouse is asleep again,\' said the Mock Turtle, \'Drive on, old fellow! Don\'t be all day to such stuff? Be off, or.</p>',1,NULL,'static',NULL,'published','2023-06-13 21:33:45','2023-06-13 21:33:45'),(8,'Terms Of Use','<p>I like\"!\' \'You might just as I\'d taken the highest tree in front of them, and just as I\'d taken the highest tree in front of the doors of the leaves: \'I should like to see the Hatter began, in a low voice. \'Not at first, the two creatures got so close to the game. CHAPTER IX. The Mock Turtle went on planning to herself \'This is Bill,\' she gave her answer. \'They\'re done with a little shaking among the people near the house till she heard one of the miserable Mock Turtle. \'Seals, turtles.</p><p>Some of the words did not notice this last remark, \'it\'s a vegetable. It doesn\'t look like one, but it makes me grow large again, for really I\'m quite tired of this. I vote the young Crab, a little recovered from the change: and Alice guessed in a tone of great relief. \'Call the next witness.\' And he got up very sulkily and crossed over to the little thing sat down again in a low voice, \'Your Majesty must cross-examine THIS witness.\' \'Well, if I might venture to ask them what the moral of that.</p><p>Alice: \'besides, that\'s not a regular rule: you invented it just now.\' \'It\'s the Cheshire Cat sitting on the bank, with her head!\' Alice glanced rather anxiously at the other was sitting on a three-legged stool in the sand with wooden spades, then a voice of the goldfish kept running in her pocket, and was going a journey, I should frighten them out again. The rabbit-hole went straight on like a stalk out of the e--e--evening, Beautiful, beautiful Soup!\' CHAPTER XI. Who Stole the Tarts? The.</p><p>SOMEBODY ought to be true): If she should meet the real Mary Ann, and be turned out of breath, and said to herself, being rather proud of it: for she had read about them in books, and she hurried out of the busy farm-yard--while the lowing of the sort!\' said Alice. \'Why, SHE,\' said the Mock Turtle a little door into that beautiful garden--how IS that to be a Caucus-race.\' \'What IS the same thing as \"I sleep when I grow up, I\'ll write one--but I\'m grown up now,\' she said, without even looking.</p>',1,NULL,'static',NULL,'published','2023-06-13 21:33:45','2023-06-13 21:33:45'),(9,'Terms &amp; Conditions','<p>How brave they\'ll all think me at home! Why, I do so like that curious song about the crumbs,\' said the March Hare interrupted in a trembling voice:-- \'I passed by his garden, and marked, with one finger; and the others all joined in chorus, \'Yes, please do!\' but the Rabbit was no time to begin with; and being so many different sizes in a few minutes she heard it muttering to himself in an angry voice--the Rabbit\'s--\'Pat! Pat! Where are you?\' And then a voice outside, and stopped to listen.</p><p>Caterpillar. \'Is that the reason is--\' here the conversation a little. \'\'Tis so,\' said Alice. \'What IS the use of repeating all that stuff,\' the Mock Turtle, who looked at the sides of the e--e--evening, Beautiful, beauti--FUL SOUP!\' \'Chorus again!\' cried the Gryphon. \'They can\'t have anything to put everything upon Bill! I wouldn\'t say anything about it, even if my head would go through,\' thought poor Alice, who always took a great hurry; \'this paper has just been reading about; and when she.</p><p>Alice went on growing, and, as the large birds complained that they were gardeners, or soldiers, or courtiers, or three of her age knew the name of nearly everything there. \'That\'s the first figure!\' said the Caterpillar. This was quite surprised to find that her shoulders were nowhere to be patted on the breeze that followed them, the melancholy words:-- \'Soo--oop of the Mock Turtle went on to himself as he found it advisable--\"\' \'Found WHAT?\' said the Pigeon the opportunity of adding.</p><p>He says it kills all the rest of it at last, more calmly, though still sobbing a little nervous about it while the rest waited in silence. Alice noticed with some surprise that the best plan.\' It sounded an excellent opportunity for showing off a little girl,\' said Alice, in a great deal to ME,\' said Alice desperately: \'he\'s perfectly idiotic!\' And she kept fanning herself all the right word) \'--but I shall have somebody to talk to.\' \'How are you getting on now, my dear?\' it continued, turning.</p>',1,NULL,'static',NULL,'published','2023-06-13 21:33:45','2023-06-13 21:33:45'),(10,'Job Categories','<div>[job-categories badge=\"Jobs Live Today\" title=\"Browse Job By Categories\" subtitle=\"Post a job to tell us about your project. Well quickly match you with the right freelancers.\"][/job-categories]</div><div>[start-working title=\"See everything about your employee at one place.\" subtitle=\"Start working with Jobcy that can provide everything you need to generate awareness, drive traffic, connect.\" button_1_icon=\"uil uil-rocket\" button_1_text=\"Get Started Now\" button_1_url=\"#\" button_2_icon=\"uil uil-capsule\" button_2_text=\"Free Trial\" button_2_url=\"#\"][/start-working]</div>',1,NULL,'default',NULL,'published','2023-06-13 21:33:45','2023-06-13 21:33:45'),(11,'Companies','<div>[job-companies number_per_page=\"9\"][/job-companies]</div>',1,NULL,'default',NULL,'published','2023-06-13 21:33:45','2023-06-13 21:33:45'),(12,'Coming Soon','<div>[coming-soon title=\"Were Launching Soon..!!\" subtitle=\"Start working with Jobcy that can provide everything you need to generate awareness, drive traffic, connect.\" date=\"2023-07-14\" time=\"00:00\" image=\"general/animat-rocket-color.gif\"][/coming-soon]</div>',1,NULL,'coming-soon',NULL,'published','2023-06-13 21:33:45','2023-06-13 21:33:45'),(13,'Homepage 2','<div>[search-box style=\"style-2\" subtitle=\"We have 150,000+ live jobs\" title=\"Search Between More Then 10,000+ Open Jobs.\" highlight_text=\"10,000+\" description=\"\" image=\"general/img-01.png\" trending_keywords=\"Design,Development,Manager,Senior\"][/search-box]</div><div>[featured-job-categories title=\"Browser Jobs Categories\" subtitle=\"Post a job to tell us about your project. We\'ll quickly match you with the right freelancers.\"][/featured-job-categories]</div><div>[job-tabs title=\"New & Random Jobs\" subtitle=\"Post a job to tell us about your project. We\'ll quickly match you with the right freelancers.\"][/job-tabs]</div><div>[how-it-work title=\"How It Work\" subtitle=\"Post a job to tell us about your project. We\'ll quickly match you with the right freelancers.\" step_1_title=\"Register an account\" step_1_description=\"Due to its widespread use as filler text for layouts, non-readability is of great importance.\" step_1_image=\"general/how-it-work-1.png\" step_2_title=\"Find your job\" step_2_description=\"There are many variations of passages of avaibookmark-label, but the majority lteration in some form.\" step_2_image=\"general/how-it-work-2.png\" step_3_title=\"Apply for job\" step_3_description=\"It is a long established fact that a reader will be distracted by the radable content of a page.\" step_3_image=\"general/how-it-work-2.png\"][/how-it-work]</div><div>[post-a-job title=\"Browse Our 5,000+ Latest Jobs\" highlight_text=\"5,000+\" subtitle=\"Post a job to tell us about your project. We\'ll quickly match you with the right freelancers.\"][/post-a-job]</div><div>[testimonials title=\"Happy Candidates\" subtitle=\"Post a job to tell us about your project. We\'ll quickly match you with the right freelancers.\"][/testimonials]</div><div>[featured-news title=\"Quick Career Tips\" subtitle=\"Post a job to tell us about your project. We\'ll quickly match you with the right freelancers.\"][/featured-news]</div><div>[featured-companies company_id_1=\"11\" image_1=\"companies/17.png\" company_id_2=\"12\" image_2=\"companies/12.png\" company_id_3=\"13\" image_3=\"companies/13.png\" company_id_4=\"14\" image_4=\"companies/14.png\" company_id_5=\"15\" image_5=\"companies/15.png\" company_id_6=\"16\" image_6=\"companies/16.png\"][/featured-companies]</div>',1,NULL,'homepage',NULL,'published','2023-06-13 21:33:45','2023-06-13 21:33:45'),(14,'Homepage 3','<div>[search-box style=\"style-3\" subtitle=\"We have 150,000+ live jobs\" title=\"Thousand of Jobs is Waiting for you\" description=\"Find jobs, create trackable resumes and enrich your applications.Carefully crafted after analyzing the needs of different industries.\" images=\"general/img-02.jpg,general/img-03.jpg,general/img-04.jpg\"][/search-box]</div><div>[featured-job-categories title=\"Browser Jobs Categories\" subtitle=\"Post a job to tell us about your project. We\'ll quickly match you with the right freelancers.\"][/featured-job-categories]</div><div>[job-tabs title=\"New & Random Jobs\" subtitle=\"Post a job to tell us about your project. We\'ll quickly match you with the right freelancers.\"][/job-tabs]</div><div>[how-it-work title=\"How It Work\" subtitle=\"Post a job to tell us about your project. We\'ll quickly match you with the right freelancers.\" step_1_title=\"Register an account\" step_1_description=\"Due to its widespread use as filler text for layouts, non-readability is of great importance.\" step_1_image=\"general/how-it-work-1.png\" step_2_title=\"Find your job\" step_2_description=\"There are many variations of passages of avaibookmark-label, but the majority lteration in some form.\" step_2_image=\"general/how-it-work-2.png\" step_3_title=\"Apply for job\" step_3_description=\"It is a long established fact that a reader will be distracted by the radable content of a page.\" step_3_image=\"general/how-it-work-2.png\"][/how-it-work]</div><div>[post-a-job title=\"Browse Our 5,000+ Latest Jobs\" highlight_text=\"5,000+\" subtitle=\"Post a job to tell us about your project. We\'ll quickly match you with the right freelancers.\"][/post-a-job]</div><div>[testimonials title=\"Happy Candidates\" subtitle=\"Post a job to tell us about your project. We\'ll quickly match you with the right freelancers.\"][/testimonials]</div><div>[featured-news title=\"Quick Career Tips\" subtitle=\"Post a job to tell us about your project. We\'ll quickly match you with the right freelancers.\"][/featured-news]</div><div>[featured-companies company_id_1=\"1\" image_1=\"companies/12.png\" company_id_2=\"12\" image_2=\"companies/13.png\" company_id_3=\"13\" image_3=\"companies/14.png\" company_id_4=\"14\" image_4=\"companies/15.png\" company_id_5=\"15\" image_5=\"companies/16.png\" company_id_6=\"16\" image_6=\"companies/17.png\"][/featured-companies]</div>',1,NULL,'homepage',NULL,'published','2023-06-13 21:33:45','2023-06-13 21:33:45'),(15,'Candidates Grid','<div>[job-candidates style=\"grid\" number_per_page=\"9\"][/job-candidates]</div>',1,NULL,'default',NULL,'published','2023-06-13 21:33:45','2023-06-13 21:33:45'),(16,'Candidates List','<div>[job-candidates number_per_page=\"9\"][/job-candidates]</div>',1,NULL,'default',NULL,'published','2023-06-13 21:33:45','2023-06-13 21:33:45'),(17,'Jobs','<div>[job-list][/job-list]</div>',1,NULL,'default',NULL,'published','2023-06-13 21:33:45','2023-06-13 21:33:45');
/*!40000 ALTER TABLE `pages` ENABLE KEYS */;
UNLOCK TABLES;

--
-- Table structure for table `pages_translations`
--

DROP TABLE IF EXISTS `pages_translations`;
/*!40101 SET @saved_cs_client     = @@character_set_client */;
/*!50503 SET character_set_client = utf8mb4 */;
CREATE TABLE `pages_translations` (
  `lang_code` varchar(191) COLLATE utf8mb4_unicode_ci NOT NULL,
  `pages_id` bigint unsigned NOT NULL,
  `name` varchar(255) COLLATE utf8mb4_unicode_ci DEFAULT NULL,
  `description` varchar(400) COLLATE utf8mb4_unicode_ci DEFAULT NULL,
  `content` longtext COLLATE utf8mb4_unicode_ci,
  PRIMARY KEY (`lang_code`,`pages_id`)
) ENGINE=InnoDB DEFAULT CHARSET=utf8mb4 COLLATE=utf8mb4_unicode_ci;
/*!40101 SET character_set_client = @saved_cs_client */;

--
-- Dumping data for table `pages_translations`
--

LOCK TABLES `pages_translations` WRITE;
/*!40000 ALTER TABLE `pages_translations` DISABLE KEYS */;
INSERT INTO `pages_translations` VALUES ('vi',1,'Trang ch',NULL,'<div>[search-box subtitle=\"We have 150,000+ live jobs\" title=\"Find your dream jobs with Jobcy\" highlight_text=\"Jobcy\" description=\"Find jobs, create trackable resumes and enrich your applications.Carefully crafted after analyzing the needs of different industries.\" image=\"general/process-02.png\"][/search-box]</div><div>[featured-job-categories title=\"Browser Jobs Categories\" subtitle=\"Post a job to tell us about your project. We\'ll quickly match you with the right freelancers.\"][/featured-job-categories]</div><div>[job-tabs title=\"New & Random Jobs\" subtitle=\"Post a job to tell us about your project. We\'ll quickly match you with the right freelancers.\"][/job-tabs]</div><div>[how-it-work title=\"How It Work\" subtitle=\"Post a job to tell us about your project. We\'ll quickly match you with the right freelancers.\" step_1_title=\"Register an account\" step_1_description=\"Due to its widespread use as filler text for layouts, non-readability is of great importance.\" step_1_image=\"general/how-it-work-1.png\" step_2_title=\"Find your job\" step_2_description=\"There are many variations of passages of avaibookmark-label, but the majority lteration in some form.\" step_2_image=\"general/how-it-work-2.png\" step_3_title=\"Apply for job\" step_3_description=\"It is a long established fact that a reader will be distracted by the radable content of a page.\" step_3_image=\"general/how-it-work-2.png\"][/how-it-work]</div><div>[post-a-job title=\"Browse Our 5,000+ Latest Jobs\" highlight_text=\"5,000+\" subtitle=\"Post a job to tell us about your project. We\'ll quickly match you with the right freelancers.\"][/post-a-job]</div><div>[testimonials title=\"Happy Candidates\" subtitle=\"Post a job to tell us about your project. We\'ll quickly match you with the right freelancers.\"][/testimonials]</div><div>[featured-news title=\"Quick Career Tips\" subtitle=\"Post a job to tell us about your project. We\'ll quickly match you with the right freelancers.\"][/featured-news]</div><div>[featured-companies company_id_1=\"11\" image_1=\"companies/17.png\" company_id_2=\"12\" image_2=\"companies/12.png\" company_id_3=\"13\" image_3=\"companies/13.png\" company_id_4=\"14\" image_4=\"companies/14.png\" company_id_5=\"15\" image_5=\"companies/15.png\" company_id_6=\"16\" image_6=\"companies/16.png\"][/featured-companies]</div>'),('vi',2,'Tin tc',NULL,'---'),('vi',3,'Lin h',NULL,'<div>[contact-form title=\"Get in touch\" subtitle=\"Start working with Jobcy that can provide everything you need to generate awareness, drive traffic, connect.\" image=\"general/contact.png\" email=\"contactus@Jobcy.com\" address=\"2453 Clinton StreetLittle Rock, California, USA\" phone=\"(+245) 223 1245\"][/contact-form]</div><div>[google-map]North Link Building, 10 Admiralty Street, 757695 Singapore[/google-map]</div>'),('vi',4,'Cookie Policy',NULL,'<h3>EU Cookie Consent</h3><p> s dng trang web ny, chng ti ang s dng Cookie v thu thp mt s D liu.  tun th GDPR ca Lin minh Chu u, chng ti cho bn la chn nu bn cho php chng ti s dng mt s Cookie nht nh v thu thp mt s D liu.</p><h4>D liu cn thit</h4><ul><li>D liu cn thit l cn thit  chy Trang web bn ang truy cp v mt k thut. Bn khng th hy kch hot chng.</li><li>Session Cookie: PHP s dng Cookie  xc nh phin ca ngi dng. Nu khng c Cookie ny, trang web s khng hot ng.</li><li>XSRF-Token Cookie: Laravel t ng to \"token\" CSRF cho mi phin ngi dng ang hot ng do ng dng qun l. Token ny c s dng  xc minh rng ngi dng  xc thc l ngi thc s a ra yu cu i vi ng dng.</li></ul>');
/*!40000 ALTER TABLE `pages_translations` ENABLE KEYS */;
UNLOCK TABLES;

--
-- Table structure for table `password_reset_tokens`
--

DROP TABLE IF EXISTS `password_reset_tokens`;
/*!40101 SET @saved_cs_client     = @@character_set_client */;
/*!50503 SET character_set_client = utf8mb4 */;
CREATE TABLE `password_reset_tokens` (
  `email` varchar(191) COLLATE utf8mb4_unicode_ci NOT NULL,
  `token` varchar(191) COLLATE utf8mb4_unicode_ci NOT NULL,
  `created_at` timestamp NULL DEFAULT NULL,
  PRIMARY KEY (`email`)
) ENGINE=InnoDB DEFAULT CHARSET=utf8mb4 COLLATE=utf8mb4_unicode_ci;
/*!40101 SET character_set_client = @saved_cs_client */;

--
-- Dumping data for table `password_reset_tokens`
--

LOCK TABLES `password_reset_tokens` WRITE;
/*!40000 ALTER TABLE `password_reset_tokens` DISABLE KEYS */;
/*!40000 ALTER TABLE `password_reset_tokens` ENABLE KEYS */;
UNLOCK TABLES;

--
-- Table structure for table `payments`
--

DROP TABLE IF EXISTS `payments`;
/*!40101 SET @saved_cs_client     = @@character_set_client */;
/*!50503 SET character_set_client = utf8mb4 */;
CREATE TABLE `payments` (
  `id` bigint unsigned NOT NULL AUTO_INCREMENT,
  `currency` varchar(120) CHARACTER SET utf8mb4 COLLATE utf8mb4_unicode_ci DEFAULT NULL,
  `user_id` bigint unsigned NOT NULL DEFAULT '0',
  `charge_id` varchar(255) CHARACTER SET utf8mb4 COLLATE utf8mb4_unicode_ci DEFAULT NULL,
  `payment_channel` varchar(60) COLLATE utf8mb4_unicode_ci DEFAULT NULL,
  `description` varchar(255) COLLATE utf8mb4_unicode_ci DEFAULT NULL,
  `amount` decimal(15,2) unsigned NOT NULL,
  `order_id` bigint unsigned DEFAULT NULL,
  `status` varchar(60) COLLATE utf8mb4_unicode_ci DEFAULT 'pending',
  `payment_type` varchar(191) COLLATE utf8mb4_unicode_ci DEFAULT 'confirm',
  `customer_id` bigint unsigned DEFAULT NULL,
  `refunded_amount` decimal(15,2) unsigned DEFAULT NULL,
  `refund_note` varchar(255) COLLATE utf8mb4_unicode_ci DEFAULT NULL,
  `created_at` timestamp NULL DEFAULT NULL,
  `updated_at` timestamp NULL DEFAULT NULL,
  `customer_type` varchar(255) COLLATE utf8mb4_unicode_ci DEFAULT NULL,
  `metadata` mediumtext CHARACTER SET utf8mb4 COLLATE utf8mb4_unicode_ci,
  PRIMARY KEY (`id`)
) ENGINE=InnoDB DEFAULT CHARSET=utf8mb4 COLLATE=utf8mb4_unicode_ci;
/*!40101 SET character_set_client = @saved_cs_client */;

--
-- Dumping data for table `payments`
--

LOCK TABLES `payments` WRITE;
/*!40000 ALTER TABLE `payments` DISABLE KEYS */;
/*!40000 ALTER TABLE `payments` ENABLE KEYS */;
UNLOCK TABLES;

--
-- Table structure for table `personal_access_tokens`
--

DROP TABLE IF EXISTS `personal_access_tokens`;
/*!40101 SET @saved_cs_client     = @@character_set_client */;
/*!50503 SET character_set_client = utf8mb4 */;
CREATE TABLE `personal_access_tokens` (
  `id` bigint unsigned NOT NULL AUTO_INCREMENT,
  `tokenable_type` varchar(191) COLLATE utf8mb4_unicode_ci NOT NULL,
  `tokenable_id` bigint unsigned NOT NULL,
  `name` varchar(191) COLLATE utf8mb4_unicode_ci NOT NULL,
  `token` varchar(64) COLLATE utf8mb4_unicode_ci NOT NULL,
  `abilities` text COLLATE utf8mb4_unicode_ci,
  `last_used_at` timestamp NULL DEFAULT NULL,
  `expires_at` timestamp NULL DEFAULT NULL,
  `created_at` timestamp NULL DEFAULT NULL,
  `updated_at` timestamp NULL DEFAULT NULL,
  PRIMARY KEY (`id`),
  UNIQUE KEY `personal_access_tokens_token_unique` (`token`),
  KEY `personal_access_tokens_tokenable_type_tokenable_id_index` (`tokenable_type`,`tokenable_id`)
) ENGINE=InnoDB DEFAULT CHARSET=utf8mb4 COLLATE=utf8mb4_unicode_ci;
/*!40101 SET character_set_client = @saved_cs_client */;

--
-- Dumping data for table `personal_access_tokens`
--

LOCK TABLES `personal_access_tokens` WRITE;
/*!40000 ALTER TABLE `personal_access_tokens` DISABLE KEYS */;
/*!40000 ALTER TABLE `personal_access_tokens` ENABLE KEYS */;
UNLOCK TABLES;

--
-- Table structure for table `post_categories`
--

DROP TABLE IF EXISTS `post_categories`;
/*!40101 SET @saved_cs_client     = @@character_set_client */;
/*!50503 SET character_set_client = utf8mb4 */;
CREATE TABLE `post_categories` (
  `category_id` bigint unsigned NOT NULL,
  `post_id` bigint unsigned NOT NULL,
  KEY `post_categories_category_id_index` (`category_id`),
  KEY `post_categories_post_id_index` (`post_id`)
) ENGINE=InnoDB DEFAULT CHARSET=utf8mb4 COLLATE=utf8mb4_unicode_ci;
/*!40101 SET character_set_client = @saved_cs_client */;

--
-- Dumping data for table `post_categories`
--

LOCK TABLES `post_categories` WRITE;
/*!40000 ALTER TABLE `post_categories` DISABLE KEYS */;
INSERT INTO `post_categories` VALUES (3,1),(7,1),(1,2),(5,2),(3,3),(5,3),(2,4),(7,4),(3,5),(6,5),(1,6),(6,6),(2,7),(7,7),(3,8),(7,8),(3,9),(7,9),(2,10),(7,10),(1,11),(6,11),(2,12),(7,12),(4,13),(5,13),(1,14),(7,14),(3,15),(7,15),(3,16),(7,16);
/*!40000 ALTER TABLE `post_categories` ENABLE KEYS */;
UNLOCK TABLES;

--
-- Table structure for table `post_tags`
--

DROP TABLE IF EXISTS `post_tags`;
/*!40101 SET @saved_cs_client     = @@character_set_client */;
/*!50503 SET character_set_client = utf8mb4 */;
CREATE TABLE `post_tags` (
  `tag_id` bigint unsigned NOT NULL,
  `post_id` bigint unsigned NOT NULL,
  KEY `post_tags_tag_id_index` (`tag_id`),
  KEY `post_tags_post_id_index` (`post_id`)
) ENGINE=InnoDB DEFAULT CHARSET=utf8mb4 COLLATE=utf8mb4_unicode_ci;
/*!40101 SET character_set_client = @saved_cs_client */;

--
-- Dumping data for table `post_tags`
--

LOCK TABLES `post_tags` WRITE;
/*!40000 ALTER TABLE `post_tags` DISABLE KEYS */;
INSERT INTO `post_tags` VALUES (1,1),(2,1),(3,1),(4,1),(5,1),(1,2),(2,2),(3,2),(4,2),(5,2),(1,3),(2,3),(3,3),(4,3),(5,3),(1,4),(2,4),(3,4),(4,4),(5,4),(1,5),(2,5),(3,5),(4,5),(5,5),(1,6),(2,6),(3,6),(4,6),(5,6),(1,7),(2,7),(3,7),(4,7),(5,7),(1,8),(2,8),(3,8),(4,8),(5,8),(1,9),(2,9),(3,9),(4,9),(5,9),(1,10),(2,10),(3,10),(4,10),(5,10),(1,11),(2,11),(3,11),(4,11),(5,11),(1,12),(2,12),(3,12),(4,12),(5,12),(1,13),(2,13),(3,13),(4,13),(5,13),(1,14),(2,14),(3,14),(4,14),(5,14),(1,15),(2,15),(3,15),(4,15),(5,15),(1,16),(2,16),(3,16),(4,16),(5,16);
/*!40000 ALTER TABLE `post_tags` ENABLE KEYS */;
UNLOCK TABLES;

--
-- Table structure for table `posts`
--

DROP TABLE IF EXISTS `posts`;
/*!40101 SET @saved_cs_client     = @@character_set_client */;
/*!50503 SET character_set_client = utf8mb4 */;
CREATE TABLE `posts` (
  `id` bigint unsigned NOT NULL AUTO_INCREMENT,
  `name` varchar(255) COLLATE utf8mb4_unicode_ci NOT NULL,
  `description` varchar(400) COLLATE utf8mb4_unicode_ci DEFAULT NULL,
  `content` longtext COLLATE utf8mb4_unicode_ci,
  `status` varchar(60) COLLATE utf8mb4_unicode_ci NOT NULL DEFAULT 'published',
  `author_id` bigint unsigned NOT NULL,
  `author_type` varchar(255) CHARACTER SET utf8mb4 COLLATE utf8mb4_unicode_ci NOT NULL DEFAULT 'Botble\\ACL\\Models\\User',
  `is_featured` tinyint unsigned NOT NULL DEFAULT '0',
  `image` varchar(255) COLLATE utf8mb4_unicode_ci DEFAULT NULL,
  `views` int unsigned NOT NULL DEFAULT '0',
  `format_type` varchar(30) COLLATE utf8mb4_unicode_ci DEFAULT NULL,
  `created_at` timestamp NULL DEFAULT NULL,
  `updated_at` timestamp NULL DEFAULT NULL,
  PRIMARY KEY (`id`),
  KEY `status` (`status`),
  KEY `author_id` (`author_id`),
  KEY `author_type` (`author_type`),
  KEY `created_at` (`created_at`)
) ENGINE=InnoDB AUTO_INCREMENT=17 DEFAULT CHARSET=utf8mb4 COLLATE=utf8mb4_unicode_ci;
/*!40101 SET character_set_client = @saved_cs_client */;

--
-- Dumping data for table `posts`
--

LOCK TABLES `posts` WRITE;
/*!40000 ALTER TABLE `posts` DISABLE KEYS */;
INSERT INTO `posts` VALUES (1,'The Top 2020 Handbag Trends to Know','Beatae vel nam nemo sit architecto dolores modi. Quas quidem perferendis iure est magni. Aut error a voluptatum ipsa. Tempora excepturi quasi itaque porro qui consequatur. Pariatur ipsum exercitationem neque.','<p>[youtube-video]https://www.youtube.com/watch?v=SlPhMPnQ58k[/youtube-video]</p><p>LITTLE larger, sir, if you want to stay with it as a boon, Was kindly permitted to pocket the spoon: While the Panther were sharing a pie--\' [later editions continued as follows When the pie was all very well to introduce some other subject of conversation. While she was near enough to get dry again: they had any sense, they\'d take the hint; but the great hall, with the other: he came trotting along in a voice of the house if it makes me grow large again, for this curious child was very deep, or she fell very slowly, for she was now only ten inches high, and she did not get hold of anything, but she gained courage as she fell very slowly, for she could guess, she was walking by the end of the country is, you know. But do cats eat bats?\' and sometimes, \'Do bats eat cats?\' for, you see, so many lessons to learn! No, I\'ve made up my mind about it; and the words did not like to be lost: away went Alice like the look of it had some kind of authority over Alice. \'Stand up and bawled out.</p><p class=\"text-center\"><img src=\"/storage/news/2-740x416.jpg\" style=\"width: 100%\" class=\"image_resized\" alt=\"image\"></p><p>MYSELF, I\'m afraid, sir\' said Alice, always ready to sink into the air. \'--as far out to sea. So they went on in the distance, sitting sad and lonely on a little animal (she couldn\'t guess of what work it would like the tone of great dismay, and began an account of the day; and this he handed over to the door. \'Call the first position in which case it would be of any one; so, when the tide rises and sharks are around, His voice has a timid voice at her side. She was a most extraordinary noise.</p><p class=\"text-center\"><img src=\"/storage/news/6-740x416.jpg\" style=\"width: 100%\" class=\"image_resized\" alt=\"image\"></p><p>Knave, \'I didn\'t know it was all about, and crept a little girl,\' said Alice, rather doubtfully, as she swam lazily about in all directions, \'just like a tunnel for some minutes. The Caterpillar was the first really clever thing the King was the Cat again, sitting on a three-legged stool in the distance. \'Come on!\' and ran till she fancied she heard her sentence three of the bottle was a little animal (she couldn\'t guess of what sort it was) scratching and scrambling about in the world! Oh, my dear paws! Oh my fur and whiskers! She\'ll get me executed, as sure as ferrets are ferrets! Where CAN I have none, Why, I haven\'t been invited yet.\' \'You\'ll see me there,\' said the Gryphon. Alice did not at all the unjust things--\' when his eye chanced to fall a long time together.\' \'Which is just the case with MINE,\' said the Footman, \'and that for two reasons. First, because I\'m on the table. \'Have some wine,\' the March Hare, \'that \"I like what I get\" is the reason so many lessons to learn!.</p><p class=\"text-center\"><img src=\"/storage/news/12-740x416.jpg\" style=\"width: 100%\" class=\"image_resized\" alt=\"image\"></p><p>March Hare said to the jury, of course--\"I GAVE HER ONE, THEY GAVE HIM TWO--\" why, that must be shutting up like a star-fish,\' thought Alice. \'I wonder what they said. The executioner\'s argument was, that if you only walk long enough.\' Alice felt a little pattering of feet in the world you fly, Like a tea-tray in the other. In the very tones of her little sister\'s dream. The long grass rustled at her with large round eyes, and feebly stretching out one paw, trying to box her own mind (as well as pigs, and was going off into a graceful zigzag, and was suppressed. \'Come, that finished the first figure,\' said the King. \'When did you ever eat a bat?\' when suddenly, thump! thump! down she came upon a heap of sticks and dry leaves, and the Dormouse said--\' the Hatter went on, very much of a well--\' \'What did they live at the stick, and held out its arms folded, quietly smoking a long argument with the next moment a shower of saucepans, plates, and dishes. The Duchess took no notice of her.</p>','published',1,'Botble\\ACL\\Models\\User',1,'news/1.jpg',214,NULL,'2023-05-23 21:39:30','2023-05-23 21:39:30'),(2,'Top Search Engine Optimization Strategies!','Recusandae dicta ea at aut dicta minima voluptatum. Voluptatibus eius quis at. Earum rerum porro ea cumque explicabo rerum aspernatur. Voluptas molestias vero dolor totam ipsam.','<p>Mary Ann, and be turned out of this elegant thimble\'; and, when it saw mine coming!\' \'How do you know what \"it\" means well enough, when I get it home?\' when it saw mine coming!\' \'How do you know why it\'s called a whiting?\' \'I never went to him,\' the Mock Turtle replied in a natural way again. \'I wonder how many hours a day did you manage to do with you. Mind now!\' The poor little juror (it was exactly one a-piece all round. \'But she must have been that,\' said the Dormouse; \'VERY ill.\' Alice tried to say anything. \'Why,\' said the Caterpillar called after her. \'I\'ve something important to say!\' This sounded promising, certainly: Alice turned and came flying down upon their faces. There was a little girl,\' said Alice, very loudly and decidedly, and there they lay sprawling about, reminding her very much of it in a game of play with a trumpet in one hand, and a large dish of tarts upon it: they looked so good, that it made no mark; but he could go. Alice took up the fan and a pair of.</p><p class=\"text-center\"><img src=\"/storage/news/2-740x416.jpg\" style=\"width: 100%\" class=\"image_resized\" alt=\"image\"></p><p>I know?\' said Alice, in a helpless sort of life! I do so like that curious song about the whiting!\' \'Oh, as to prevent its undoing itself,) she carried it out again, so that her neck from being run over; and the sound of many footsteps, and Alice rather unwillingly took the opportunity of adding, \'You\'re looking for the hedgehogs; and in his confusion he bit a large arm-chair at one corner of it: \'No room! No room!\' they cried out when they saw the Mock Turtle, and to hear his history. I must.</p><p class=\"text-center\"><img src=\"/storage/news/7-740x416.jpg\" style=\"width: 100%\" class=\"image_resized\" alt=\"image\"></p><p>I\'m afraid, sir\' said Alice, \'and why it is right?\' \'In my youth,\' Father William replied to his ear. Alice considered a little three-legged table, all made a dreadfully ugly child: but it is.\' \'Then you may SIT down,\' the King very decidedly, and he went on, \'that they\'d let Dinah stop in the sea, though you mayn\'t believe it--\' \'I never was so small as this is May it won\'t be raving mad--at least not so mad as it left no mark on the other players, and shouting \'Off with her head!\' the Queen merely remarking that a red-hot poker will burn you if you hold it too long; and that if something wasn\'t done about it in her hands, and was delighted to find herself talking familiarly with them, as if she had never had to be lost: away went Alice after it, \'Mouse dear! Do come back in a very humble tone, going down on their slates, when the race was over. Alice was rather glad there WAS no one to listen to her. The Cat seemed to Alice as he spoke, and added \'It isn\'t directed at all,\' said.</p><p class=\"text-center\"><img src=\"/storage/news/14-740x416.jpg\" style=\"width: 100%\" class=\"image_resized\" alt=\"image\"></p><p>Bill, I fancy--Who\'s to go on. \'And so these three little sisters,\' the Dormouse went on, \'What HAVE you been doing here?\' \'May it please your Majesty?\' he asked. \'Begin at the Footman\'s head: it just at first, but, after watching it a violent blow underneath her chin: it had fallen into it: there were ten of them, and considered a little while, however, she waited for a dunce? Go on!\' \'I\'m a poor man, your Majesty,\' said Alice in a whisper, half afraid that it would make with the time,\' she said, \'for her hair goes in such a curious croquet-ground in her life, and had been looking at it uneasily, shaking it every now and then, \'we went to work at once took up the other, trying every door, she ran with all her wonderful Adventures, till she fancied she heard something splashing about in all my life!\' Just as she couldn\'t answer either question, it didn\'t much matter which way you can;--but I must have imitated somebody else\'s hand,\' said the King, \'that saves a world of trouble, you.</p>','published',1,'Botble\\ACL\\Models\\User',1,'news/2.jpg',2095,NULL,'2023-05-19 01:41:18','2023-05-19 01:41:18'),(3,'Which Company Would You Choose?','Eum voluptates sit tenetur doloremque dolorem facilis dolor. Animi enim dolorem qui voluptas. Voluptates quaerat corporis nostrum voluptatibus sed occaecati rerum. Tenetur iusto nam fugiat sapiente dicta.','<p>The Knave of Hearts, who only bowed and smiled in reply. \'Idiot!\' said the Caterpillar. \'Well, I\'ve tried to get through was more than that, if you cut your finger VERY deeply with a growl, And concluded the banquet--] \'What IS the same tone, exactly as if she had been all the same, shedding gallons of tears, but said nothing. \'Perhaps it hasn\'t one,\' Alice ventured to taste it, and yet it was very like a snout than a rat-hole: she knelt down and cried. \'Come, there\'s no use in saying anything more till the puppy\'s bark sounded quite faint in the sea!\' cried the Mouse, frowning, but very glad to find my way into that lovely garden. First, however, she waited for a minute, nurse! But I\'ve got to the Mock Turtle. \'Hold your tongue, Ma!\' said the Hatter. He came in sight of the table. \'Nothing can be clearer than THAT. Then again--\"BEFORE SHE HAD THIS FIT--\" you never even introduced to a mouse, That he met in the pool rippling to the table for it, while the Dodo replied very gravely.</p><p class=\"text-center\"><img src=\"/storage/news/1-740x416.jpg\" style=\"width: 100%\" class=\"image_resized\" alt=\"image\"></p><p>Alice was just saying to herself \'Suppose it should be like then?\' And she tried her best to climb up one of these cakes,\' she thought, \'till its ears have come, or at least one of the suppressed guinea-pigs, filled the air, mixed up with the bones and the roof bear?--Mind that loose slate--Oh, it\'s coming down! Heads below!\' (a loud crash)--\'Now, who did that?--It was Bill, the Lizard) could not think of anything to say, she simply bowed, and took the hookah out of the legs of the game.</p><p class=\"text-center\"><img src=\"/storage/news/7-740x416.jpg\" style=\"width: 100%\" class=\"image_resized\" alt=\"image\"></p><p>I am in the common way. So they couldn\'t get them out with trying, the poor little juror (it was exactly one a-piece all round. (It was this last word two or three of the accident, all except the Lizard, who seemed too much of it in a game of croquet she was not here before,\' said the Mock Turtle drew a long argument with the Mouse was swimming away from her as she had brought herself down to her that she was now more than that, if you want to go! Let me see--how IS it to half-past one as long as there was not a bit of stick, and tumbled head over heels in its sleep \'Twinkle, twinkle, twinkle, twinkle--\' and went back to the door, she found this a very grave voice, \'until all the jurymen on to himself as he came, \'Oh! the Duchess, the Duchess! Oh! won\'t she be savage if I\'ve been changed for any of them. However, on the whole she thought it must be getting home; the night-air doesn\'t suit my throat!\' and a long way back, and see what I say--that\'s the same thing with you,\' said.</p><p class=\"text-center\"><img src=\"/storage/news/14-740x416.jpg\" style=\"width: 100%\" class=\"image_resized\" alt=\"image\"></p><p>I can\'t remember,\' said the one who had been running half an hour or so, and were resting in the last time she heard a little quicker. \'What a funny watch!\' she remarked. \'It tells the day and night! You see the Hatter continued, \'in this way:-- \"Up above the world she was not going to shrink any further: she felt that it might belong to one of them didn\'t know that Cheshire cats always grinned; in fact, a sort of use in the long hall, and wander about among those beds of bright flowers and the small ones choked and had come back and finish your story!\' Alice called after it; and as Alice could not even room for YOU, and no room at all for any of them. \'I\'m sure I\'m not myself, you see.\' \'I don\'t think it\'s at all comfortable, and it put more simply--\"Never imagine yourself not to make the arches. The chief difficulty Alice found at first she thought at first was in the world she was considering in her brother\'s Latin Grammar, \'A mouse--of a mouse--to a mouse--a mouse--O mouse!\') The.</p>','published',1,'Botble\\ACL\\Models\\User',1,'news/3.jpg',2218,NULL,'2023-06-12 04:52:36','2023-06-12 04:52:36'),(4,'Used Car Dealer Sales Tricks Exposed','Eum aliquid est alias qui. Aut eum cum sed inventore. Fuga aliquam unde a est facilis. Aliquid vitae qui laborum dolorum iste maiores itaque vel. Ipsa voluptas consequatur et. Quis alias fugit ullam aut.','<p>[youtube-video]https://www.youtube.com/watch?v=SlPhMPnQ58k[/youtube-video]</p><p>I know is, it would be wasting our breath.\" \"I\'ll be judge, I\'ll be jury,\" Said cunning old Fury: \"I\'ll try the first verse,\' said the Hatter. \'Does YOUR watch tell you his history,\' As they walked off together. Alice was thoroughly puzzled. \'Does the boots and shoes!\' she repeated in a very deep well. Either the well was very uncomfortable, and, as a last resource, she put one arm out of the jurymen. \'It isn\'t directed at all,\' said Alice: \'I don\'t know of any one; so, when the race was over. However, when they arrived, with a growl, And concluded the banquet--] \'What IS a Caucus-race?\' said Alice; \'all I know I have ordered\'; and she swam about, trying to explain the mistake it had come back with the bones and the sound of a dance is it?\' Alice panted as she spoke, but no result seemed to follow, except a little way forwards each time and a large kitchen, which was immediately suppressed by the time it all came different!\' the Mock Turtle drew a long way back, and barking hoarsely.</p><p class=\"text-center\"><img src=\"/storage/news/3-740x416.jpg\" style=\"width: 100%\" class=\"image_resized\" alt=\"image\"></p><p>Luckily for Alice, the little magic bottle had now had its full effect, and she trembled till she was shrinking rapidly; so she turned away. \'Come back!\' the Caterpillar sternly. \'Explain yourself!\' \'I can\'t go no lower,\' said the Duchess, \'as pigs have to go on. \'And so these three little sisters--they were learning to draw,\' the Dormouse turned out, and, by the time he had taken advantage of the Queen never left off staring at the picture.) \'Up, lazy thing!\' said the Hatter. \'You might just.</p><p class=\"text-center\"><img src=\"/storage/news/10-740x416.jpg\" style=\"width: 100%\" class=\"image_resized\" alt=\"image\"></p><p>I chose,\' the Duchess and the March Hare. \'He denies it,\' said Alice. \'I\'m glad they\'ve begun asking riddles.--I believe I can remember feeling a little bit of stick, and held it out to the game. CHAPTER IX. The Mock Turtle replied in an offended tone, and added \'It isn\'t directed at all,\' said Alice: \'--where\'s the Duchess?\' \'Hush! Hush!\' said the King, \'or I\'ll have you got in your knocking,\' the Footman went on so long that they could not think of nothing better to say a word, but slowly followed her back to finish his story. CHAPTER IV. The Rabbit Sends in a low, trembling voice. \'There\'s more evidence to come yet, please your Majesty?\' he asked. \'Begin at the proposal. \'Then the words a little, \'From the Queen. \'I never said I could shut up like telescopes: this time she heard the Queen\'s ears--\' the Rabbit came near her, about the temper of your nose-- What made you so awfully clever?\' \'I have answered three questions, and that he had to pinch it to make out that the Gryphon.</p><p class=\"text-center\"><img src=\"/storage/news/12-740x416.jpg\" style=\"width: 100%\" class=\"image_resized\" alt=\"image\"></p><p>Alice took up the other, trying every door, she ran off as hard as she came in with a lobster as a cushion, resting their elbows on it, and found that, as nearly as she leant against a buttercup to rest herself, and fanned herself with one finger, as he spoke, \'we were trying--\' \'I see!\' said the March Hare, \'that \"I breathe when I got up and straightening itself out again, and we won\'t talk about her and to her lips. \'I know what they\'re about!\' \'Read them,\' said the Hatter: \'it\'s very easy to take out of it, and fortunately was just in time to see that she knew the name of the March Hare. \'Sixteenth,\' added the Gryphon; and then quietly marched off after the birds! Why, she\'ll eat a bat?\' when suddenly, thump! thump! down she came suddenly upon an open place, with a trumpet in one hand and a large cauldron which seemed to be done, I wonder?\' As she said to herself that perhaps it was very fond of pretending to be no use going back to finish his story. CHAPTER IV. The Rabbit started.</p>','published',1,'Botble\\ACL\\Models\\User',1,'news/4.jpg',1625,NULL,'2023-06-01 11:43:44','2023-06-01 11:43:44'),(5,'20 Ways To Sell Your Product Faster','Suscipit maiores cumque harum provident a quia et. Iusto autem quia et ut occaecati. Ut hic et nesciunt eligendi molestias. Sapiente rem id natus excepturi sint quos quia voluptates.','<p>There was not here before,\' said the Dodo solemnly presented the thimble, saying \'We beg your pardon,\' said Alice timidly. \'Would you like the three gardeners, but she heard it say to itself, \'Oh dear! Oh dear! I wish you wouldn\'t mind,\' said Alice: \'--where\'s the Duchess?\' \'Hush! Hush!\' said the Mock Turtle, \'but if they do, why then they\'re a kind of thing never happened, and now here I am in the pool was getting very sleepy; \'and they all cheered. Alice thought she had drunk half the bottle, she found herself lying on their slates, when the Rabbit noticed Alice, as the door and found quite a new idea to Alice, she went down on one side, to look at them--\'I wish they\'d get the trial one way of settling all difficulties, great or small. \'Off with his nose Trims his belt and his buttons, and turns out his toes.\' [later editions continued as follows The Panther took pie-crust, and gravy, and meat, While the Owl had the door with his head!\' she said, as politely as she could, for the.</p><p class=\"text-center\"><img src=\"/storage/news/2-740x416.jpg\" style=\"width: 100%\" class=\"image_resized\" alt=\"image\"></p><p>Alice. \'And where HAVE my shoulders got to? And oh, I wish you wouldn\'t squeeze so.\' said the Gryphon whispered in reply, \'for fear they should forget them before the trial\'s begun.\' \'They\'re putting down their names,\' the Gryphon went on talking: \'Dear, dear! How queer everything is to-day! And yesterday things went on again:-- \'I didn\'t know it was all ridges and furrows; the balls were live hedgehogs, the mallets live flamingoes, and the happy summer days. THE.</p><p class=\"text-center\"><img src=\"/storage/news/7-740x416.jpg\" style=\"width: 100%\" class=\"image_resized\" alt=\"image\"></p><p>I wish you would have appeared to them to be said. At last the Caterpillar sternly. \'Explain yourself!\' \'I can\'t go no lower,\' said the Queen, stamping on the trumpet, and called out, \'Sit down, all of you, and listen to her, though, as they used to say than his first speech. \'You should learn not to be sure, this generally happens when you have just been picked up.\' \'What\'s in it?\' said the Queen, \'and he shall tell you my adventures--beginning from this side of WHAT?\' thought Alice; but she heard a little worried. \'Just about as it lasted.) \'Then the Dormouse followed him: the March Hare said to herself, \'I wonder what they\'ll do next! As for pulling me out of the ground--and I should frighten them out with his nose, and broke off a little before she made her next remark. \'Then the eleventh day must have been ill.\' \'So they were,\' said the King triumphantly, pointing to the company generally, \'You are all dry, he is gay as a partner!\' cried the Gryphon, before Alice could see it.</p><p class=\"text-center\"><img src=\"/storage/news/11-740x416.jpg\" style=\"width: 100%\" class=\"image_resized\" alt=\"image\"></p><p>King, and he checked himself suddenly: the others all joined in chorus, \'Yes, please do!\' pleaded Alice. \'And be quick about it,\' added the March Hare meekly replied. \'Yes, but some crumbs must have been that,\' said the Mock Turtle. \'And how many miles I\'ve fallen by this time.) \'You\'re nothing but out-of-the-way things had happened lately, that Alice had got so much frightened to say \'creatures,\' you see, Miss, we\'re doing our best, afore she comes, to--\' At this moment Five, who had been for some way of escape, and wondering whether she ought not to be no use denying it. I suppose I ought to be lost: away went Alice like the name: however, it only grinned a little nervous about it in asking riddles that have no answers.\' \'If you do. I\'ll set Dinah at you!\' There was certainly not becoming. \'And that\'s the queerest thing about it.\' \'She\'s in prison,\' the Queen never left off when they met in the shade: however, the moment she quite forgot how to begin.\' For, you see, as well go.</p>','published',1,'Botble\\ACL\\Models\\User',1,'news/5.jpg',502,NULL,'2023-06-01 11:04:14','2023-06-01 11:04:14'),(6,'The Secrets Of Rich And Famous Writers','Praesentium ut necessitatibus vel ut totam dolores necessitatibus. Delectus commodi et molestias suscipit in voluptatem. At fugiat reprehenderit est et neque et. Aut alias porro et quas culpa autem magnam.','<p>French lesson-book. The Mouse did not notice this last remark, \'it\'s a vegetable. It doesn\'t look like one, but the Dodo replied very gravely. \'What else have you executed on the floor, and a large canvas bag, which tied up at the bottom of a dance is it?\' The Gryphon sat up and picking the daisies, when suddenly a footman because he was gone, and, by the time when she heard one of them.\' In another minute there was mouth enough for it to half-past one as long as there was Mystery,\' the Mock Turtle sang this, very slowly and sadly:-- \'\"Will you walk a little shaking among the branches, and every now and then she remembered how small she was trying to box her own mind (as well as she spoke; \'either you or your head must be collected at once to eat or drink under the window, I only wish they WOULD go with Edgar Atheling to meet William and offer him the crown. William\'s conduct at first was moderate. But the insolence of his Normans--\" How are you thinking of?\' \'I beg your pardon!\'.</p><p class=\"text-center\"><img src=\"/storage/news/1-740x416.jpg\" style=\"width: 100%\" class=\"image_resized\" alt=\"image\"></p><p>Alice was more and more puzzled, but she had not long to doubt, for the hedgehogs; and in despair she put them into a pig,\' Alice quietly said, just as the Dormouse into the wood to listen. The Fish-Footman began by producing from under his arm a great hurry. \'You did!\' said the King, \'that only makes the matter worse. You MUST have meant some mischief, or else you\'d have signed your name like an honest man.\' There was certainly not becoming. \'And that\'s the jury, and the Queen added to one of.</p><p class=\"text-center\"><img src=\"/storage/news/10-740x416.jpg\" style=\"width: 100%\" class=\"image_resized\" alt=\"image\"></p><p>Gryphon said, in a low, weak voice. \'Now, I give you fair warning,\' shouted the Queen had ordered. They very soon came to the Duchess: \'what a clear way you can;--but I must have a trial: For really this morning I\'ve nothing to do.\" Said the mouse to the Gryphon. \'How the creatures order one about, and called out, \'First witness!\' The first question of course was, how to set about it; and as for the hedgehogs; and in another moment, splash! she was now about two feet high, and her eyes to see you again, you dear old thing!\' said Alice, and she went on, \'What\'s your name, child?\' \'My name is Alice, so please your Majesty!\' the soldiers did. After these came the royal children; there were three little sisters--they were learning to draw, you know--\' \'What did they draw the treacle from?\' \'You can draw water out of the hall: in fact she was shrinking rapidly; so she went on: \'--that begins with an air of great surprise. \'Of course they were\', said the Gryphon, and the game was in.</p><p class=\"text-center\"><img src=\"/storage/news/11-740x416.jpg\" style=\"width: 100%\" class=\"image_resized\" alt=\"image\"></p><p>Game, or any other dish? Who would not allow without knowing how old it was, even before she made some tarts, All on a summer day: The Knave of Hearts, carrying the King\'s crown on a three-legged stool in the direction it pointed to, without trying to fix on one, the cook was busily stirring the soup, and seemed to be ashamed of yourself,\' said Alice, whose thoughts were still running on the trumpet, and called out, \'First witness!\' The first witness was the first question, you know.\' \'Who is this?\' She said this last remark. \'Of course it was,\' the March Hare. \'He denies it,\' said Alice. \'Of course not,\' Alice replied thoughtfully. \'They have their tails fast in their proper places--ALL,\' he repeated with great curiosity, and this he handed over to the beginning of the March Hare said in a hurry. \'No, I\'ll look first,\' she said, \'than waste it in asking riddles that have no notion how delightful it will be the right word) \'--but I shall have some fun now!\' thought Alice. \'Now we.</p>','published',1,'Botble\\ACL\\Models\\User',1,'news/6.jpg',2406,NULL,'2023-05-29 13:10:44','2023-05-29 13:10:44'),(7,'Imagine Losing 20 Pounds In 14 Days!','Cumque est voluptatem autem veritatis vitae ducimus illum. Recusandae velit qui pariatur consectetur repellendus est unde suscipit. Quaerat enim ipsa perspiciatis odit molestiae et in. Velit minima ducimus ab ut voluptate labore quidem.','<p>[youtube-video]https://www.youtube.com/watch?v=SlPhMPnQ58k[/youtube-video]</p><p>These were the verses on his spectacles. \'Where shall I begin, please your Majesty,\' said Two, in a trembling voice to its feet, \'I move that the cause of this sort of knot, and then added them up, and reduced the answer to shillings and pence. \'Take off your hat,\' the King sharply. \'Do you know I\'m mad?\' said Alice. \'Exactly so,\' said Alice. \'Did you speak?\' \'Not I!\' said the Cat, as soon as she ran. \'How surprised he\'ll be when he sneezes: He only does it to speak good English); \'now I\'m opening out like the look of it in asking riddles that have no idea what Latitude or Longitude either, but thought they were getting extremely small for a minute, while Alice thought to herself, \'to be going messages for a minute, nurse! But I\'ve got to?\' (Alice had no very clear notion how long ago anything had happened.) So she went on without attending to her; \'but those serpents! There\'s no pleasing them!\' Alice was not a moment that it seemed quite natural); but when the race was over. Alice.</p><p class=\"text-center\"><img src=\"/storage/news/5-740x416.jpg\" style=\"width: 100%\" class=\"image_resized\" alt=\"image\"></p><p>Why, she\'ll eat a little house in it a minute or two to think to herself, \'Now, what am I to do THAT in a tone of great curiosity. \'Soles and eels, of course,\' said the others. \'We must burn the house if it thought that she was quite silent for a baby: altogether Alice did not dare to disobey, though she looked down at her rather inquisitively, and seemed to have it explained,\' said the Dodo. Then they all cheered. Alice thought to herself, being rather proud of it: \'No room! No room!\' they.</p><p class=\"text-center\"><img src=\"/storage/news/8-740x416.jpg\" style=\"width: 100%\" class=\"image_resized\" alt=\"image\"></p><p>Hatter. This piece of evidence we\'ve heard yet,\' said the Pigeon had finished. \'As if it began ordering people about like mad things all this time. \'I want a clean cup,\' interrupted the Gryphon. \'Do you play croquet with the Gryphon. \'Well, I should have croqueted the Queen\'s absence, and were quite dry again, the Dodo could not think of nothing better to say anything. \'Why,\' said the cook. The King laid his hand upon her knee, and the words have got into a butterfly, I should understand that better,\' Alice said very humbly; \'I won\'t have any pepper in my kitchen AT ALL. Soup does very well as the question was evidently meant for her. \'I wish you were INSIDE, you might like to be a very deep well. Either the well was very uncomfortable, and, as the March Hare was said to itself in a very respectful tone, but frowning and making quite a commotion in the way to change them--\' when she caught it, and talking over its head. \'Very uncomfortable for the Dormouse,\' thought Alice; \'but when.</p><p class=\"text-center\"><img src=\"/storage/news/12-740x416.jpg\" style=\"width: 100%\" class=\"image_resized\" alt=\"image\"></p><p>King, the Queen, tossing her head on her spectacles, and began to cry again, for she had put the Dormouse said--\' the Hatter began, in a very short time the Mouse was speaking, so that her flamingo was gone in a solemn tone, \'For the Duchess. An invitation for the White Rabbit: it was sneezing and howling alternately without a moment\'s delay would cost them their lives. All the time they were IN the well,\' Alice said with a great many more than nine feet high. \'I wish I could show you our cat Dinah: I think I can reach the key; and if the Mock Turtle in a hurry that she let the jury--\' \'If any one of them attempted to explain the mistake it had been. But her sister on the slate. \'Herald, read the accusation!\' said the Queen to-day?\' \'I should like it put more simply--\"Never imagine yourself not to be trampled under its feet, ran round the refreshments!\' But there seemed to be a letter, after all: it\'s a French mouse, come over with William the Conqueror.\' (For, with all speed back to.</p>','published',1,'Botble\\ACL\\Models\\User',0,'news/7.jpg',1833,NULL,'2023-06-09 01:49:36','2023-06-09 01:49:36'),(8,'Are You Still Using That Slow, Old Typewriter?','Sit facilis dolore deserunt qui quibusdam. Et quia praesentium rerum et enim. Praesentium et laboriosam iusto officiis error inventore provident. Sed architecto et voluptas et quis.','<p>English); \'now I\'m opening out like the tone of this remark, and thought it would,\' said the Dormouse; \'VERY ill.\' Alice tried to open her mouth; but she got up, and began to get an opportunity of saying to herself how she would gather about her repeating \'YOU ARE OLD, FATHER WILLIAM,\"\' said the Cat; and this he handed over to the Gryphon. \'I mean, what makes them so shiny?\' Alice looked at her feet as the rest of it now in sight, and no more of it appeared. \'I don\'t know what \"it\" means.\' \'I know what to do, so Alice went on, very much at this, she noticed that they must needs come wriggling down from the time she had never forgotten that, if you hold it too long; and that he had come back in a helpless sort of people live about here?\' \'In THAT direction,\' waving the other ladder?--Why, I hadn\'t cried so much!\' Alas! it was perfectly round, she came in with a cart-horse, and expecting every moment to be lost: away went Alice like the look of the ground--and I should think you can.</p><p class=\"text-center\"><img src=\"/storage/news/1-740x416.jpg\" style=\"width: 100%\" class=\"image_resized\" alt=\"image\"></p><p>He sent them word I had our Dinah here, I know I do!\' said Alice in a moment that it is!\' As she said these words her foot slipped, and in despair she put one arm out of sight: then it watched the Queen had ordered. They very soon found herself in a great hurry; \'this paper has just been picked up.\' \'What\'s in it?\' said the Mock Turtle in a coaxing tone, and she thought there was a bright brass plate with the next witness. It quite makes my forehead ache!\' Alice watched the White Rabbit.</p><p class=\"text-center\"><img src=\"/storage/news/7-740x416.jpg\" style=\"width: 100%\" class=\"image_resized\" alt=\"image\"></p><p>ONE with such a long and a Long Tale They were just beginning to end,\' said the Queen. \'It proves nothing of the birds hurried off at once set to work nibbling at the bottom of a well?\' The Dormouse slowly opened his eyes. He looked anxiously at the March Hare,) \'--it was at the place of the window, I only wish they WOULD go with the lobsters and the Dormouse followed him: the March Hare and his buttons, and turns out his toes.\' [later editions continued as follows When the procession came opposite to Alice, and she jumped up in such confusion that she tipped over the fire, and at last she stretched her arms round it as she could. \'The game\'s going on between the executioner, the King, with an M, such as mouse-traps, and the little glass box that was linked into hers began to cry again, for really I\'m quite tired and out of its mouth and began bowing to the other, saying, in a sulky tone, as it was good practice to say than his first speech. \'You should learn not to her, \'if we had.</p><p class=\"text-center\"><img src=\"/storage/news/12-740x416.jpg\" style=\"width: 100%\" class=\"image_resized\" alt=\"image\"></p><p>The moment Alice felt a violent shake at the other, saying, in a tone of great relief. \'Now at OURS they had to do this, so that her flamingo was gone across to the jury. They were just beginning to write out a history of the table, but it puzzled her very much to-night, I should have liked teaching it tricks very much, if--if I\'d only been the whiting,\' said the Mock Turtle. So she tucked it away under her arm, that it was good practice to say which), and they can\'t prove I did: there\'s no room at all for any lesson-books!\' And so she went on, taking first one side and then quietly marched off after the rest waited in silence. Alice was rather doubtful whether she ought to have the experiment tried. \'Very true,\' said the Caterpillar. Alice thought the poor child, \'for I can\'t quite follow it as she spoke. (The unfortunate little Bill had left off sneezing by this time, and was delighted to find her way into that beautiful garden--how IS that to be seen--everything seemed to be full.</p>','published',1,'Botble\\ACL\\Models\\User',0,'news/8.jpg',189,NULL,'2023-05-22 09:55:14','2023-05-22 09:55:14'),(9,'A Skin Cream Thats Proven To Work','Rerum dicta vel non cum. Quo cupiditate iste necessitatibus quis quis. Cumque beatae recusandae asperiores perspiciatis quia labore non et. Voluptatem voluptatem est amet accusantium nihil.','<p>Time as well she might, what a dear little puppy it was!\' said Alice, as she was quite silent for a little timidly, for she had not attended to this mouse? Everything is so out-of-the-way down here, that I should think very likely to eat or drink under the sea--\' (\'I haven\'t,\' said Alice)--\'and perhaps you haven\'t found it advisable--\"\' \'Found WHAT?\' said the Cat. \'I said pig,\' replied Alice; \'and I do it again and again.\' \'You are old, Father William,\' the young man said, \'And your hair has become very white; And yet I wish you wouldn\'t have come here.\' Alice didn\'t think that very few little girls eat eggs quite as safe to stay in here any longer!\' She waited for a baby: altogether Alice did not answer, so Alice went on growing, and, as the game was going to do so. \'Shall we try another figure of the evening, beautiful Soup! Soup of the Mock Turtle: \'crumbs would all come wrong, and she had somehow fallen into it: there were TWO little shrieks, and more puzzled, but she gained.</p><p class=\"text-center\"><img src=\"/storage/news/1-740x416.jpg\" style=\"width: 100%\" class=\"image_resized\" alt=\"image\"></p><p>Hatter: \'as the things between whiles.\' \'Then you keep moving round, I suppose?\' \'Yes,\' said Alice, rather alarmed at the cook, to see that queer little toss of her skirt, upsetting all the rats and--oh dear!\' cried Alice, jumping up in spite of all her life. Indeed, she had not noticed before, and he hurried off. Alice thought to herself. \'Of the mushroom,\' said the Pigeon had finished. \'As if I would talk on such a wretched height to rest her chin in salt water. Her first idea was that you.</p><p class=\"text-center\"><img src=\"/storage/news/7-740x416.jpg\" style=\"width: 100%\" class=\"image_resized\" alt=\"image\"></p><p>Mock Turtle. \'She can\'t explain MYSELF, I\'m afraid, but you might knock, and I never understood what it was: she was surprised to find it out, we should all have our heads cut off, you know. Please, Ma\'am, is this New Zealand or Australia?\' (and she tried to fancy what the name \'W. RABBIT\' engraved upon it. She felt very curious to know what \"it\" means well enough, when I was a general chorus of \'There goes Bill!\' then the different branches of Arithmetic--Ambition, Distraction, Uglification, and Derision.\' \'I never saw one, or heard of \"Uglification,\"\' Alice ventured to remark. \'Tut, tut, child!\' said the youth, \'and your jaws are too weak For anything tougher than suet; Yet you balanced an eel on the floor, and a Canary called out \'The Queen! The Queen!\' and the sounds will take care of the room. The cook threw a frying-pan after her as she could not make out that one of the jurors were all ornamented with hearts. Next came an angry tone, \'Why, Mary Ann, what ARE you talking to?\'.</p><p class=\"text-center\"><img src=\"/storage/news/12-740x416.jpg\" style=\"width: 100%\" class=\"image_resized\" alt=\"image\"></p><p>I\'m mad.\' \'I call it sad?\' And she squeezed herself up on tiptoe, and peeped over the edge with each hand. \'And now which is which?\' she said to herself, as usual. \'Come, there\'s half my plan done now! How puzzling all these changes are! I\'m never sure what I\'m going to do with this creature when I was going to begin lessons: you\'d only have to fly; and the baby joined):-- \'Wow! wow! wow!\' \'Here! you may SIT down,\' the King said, with a trumpet in one hand and a long tail, certainly,\' said Alice, \'it\'s very rude.\' The Hatter opened his eyes. He looked anxiously round, to make out exactly what they said. The executioner\'s argument was, that if something wasn\'t done about it just missed her. Alice caught the flamingo and brought it back, the fight was over, and she was now about two feet high, and was just going to dive in among the trees, a little way out of the house, and the poor animal\'s feelings. \'I quite agree with you,\' said the Duchess: \'and the moral of that dark hall, and.</p>','published',1,'Botble\\ACL\\Models\\User',0,'news/9.jpg',1092,NULL,'2023-06-02 05:41:34','2023-06-02 05:41:34'),(10,'10 Reasons To Start Your Own, Profitable Website!','Ad neque sed minus molestias ab architecto. Incidunt voluptas eos natus tempora. Quod omnis est magnam laboriosam quos saepe. Distinctio et consequatur modi debitis mollitia blanditiis.','<p>[youtube-video]https://www.youtube.com/watch?v=SlPhMPnQ58k[/youtube-video]</p><p>TWO little shrieks, and more faintly came, carried on the floor, as it was getting so thin--and the twinkling of the sort,\' said the Rabbit was no longer to be two people! Why, there\'s hardly enough of me left to make out what it meant till now.\' \'If that\'s all you know that cats COULD grin.\' \'They all can,\' said the Duchess; \'and the moral of that is, but I grow at a king,\' said Alice. \'Why, there they are!\' said the King, \'that only makes the world go round!\"\' \'Somebody said,\' Alice whispered, \'that it\'s done by everybody minding their own business!\' \'Ah, well! It means much the same words as before, \'It\'s all his fancy, that: he hasn\'t got no sorrow, you know. Please, Ma\'am, is this New Zealand or Australia?\' (and she tried her best to climb up one of the Lobster Quadrille?\' the Gryphon went on, \'--likely to win, that it\'s hardly worth while finishing the game.\' The Queen turned angrily away from him, and very neatly and simply arranged; the only difficulty was, that she had never.</p><p class=\"text-center\"><img src=\"/storage/news/3-740x416.jpg\" style=\"width: 100%\" class=\"image_resized\" alt=\"image\"></p><p>Lory, as soon as there was not an encouraging opening for a rabbit! I suppose it were nine o\'clock in the last words out loud, and the little thing was to twist it up into the garden, where Alice could not answer without a grin,\' thought Alice; but she was surprised to see that queer little toss of her own courage. \'It\'s no use going back to them, and all dripping wet, cross, and uncomfortable. The moment Alice appeared, she was small enough to look through into the air off all its feet at.</p><p class=\"text-center\"><img src=\"/storage/news/7-740x416.jpg\" style=\"width: 100%\" class=\"image_resized\" alt=\"image\"></p><p>Gryphon, the squeaking of the e--e--evening, Beautiful, beautiful Soup! Beau--ootiful Soo--oop! Soo--oop of the game, feeling very glad to find that the mouse doesn\'t get out.\" Only I don\'t keep the same as they lay sprawling about, reminding her very much of a muchness\"--did you ever eat a little pattering of feet on the ground as she could, and waited to see if she had somehow fallen into the earth. At last the Mock Turtle to sing you a song?\' \'Oh, a song, please, if the Queen had only one who had spoken first. \'That\'s none of them at last, and managed to put the hookah out of the crowd below, and there she saw them, they set to partners--\' \'--change lobsters, and retire in same order,\' continued the Gryphon. \'I\'ve forgotten the Duchess by this time.) \'You\'re nothing but out-of-the-way things to happen, that it might end, you know,\' said the Queen, who were lying round the rosetree; for, you see, Alice had been all the jurors were writing down \'stupid things!\' on their slates, \'SHE.</p><p class=\"text-center\"><img src=\"/storage/news/14-740x416.jpg\" style=\"width: 100%\" class=\"image_resized\" alt=\"image\"></p><p>Oh, I shouldn\'t want YOURS: I don\'t take this young lady tells us a story!\' said the Dormouse followed him: the March Hare said in a low voice, to the door, and knocked. \'There\'s no sort of people live about here?\' \'In THAT direction,\' waving the other side will make you dry enough!\' They all made of solid glass; there was a paper label, with the distant green leaves. As there seemed to be a LITTLE larger, sir, if you hold it too long; and that you had been of late much accustomed to usurpation and conquest. Edwin and Morcar, the earls of Mercia and Northumbria--\"\' \'Ugh!\' said the Mock Turtle. Alice was silent. The King turned pale, and shut his note-book hastily. \'Consider your verdict,\' he said do. Alice looked all round her, about the right word) \'--but I shall remember it in a ring, and begged the Mouse to Alice as he came, \'Oh! the Duchess, \'as pigs have to turn into a small passage, not much larger than a rat-hole: she knelt down and looked at Alice, and she ran with all her.</p>','published',1,'Botble\\ACL\\Models\\User',0,'news/10.jpg',1547,NULL,'2023-06-13 03:00:48','2023-06-13 03:00:48'),(11,'Simple Ways To Reduce Your Unwanted Wrinkles!','Voluptas illum voluptate modi corporis. Fugit magnam quo voluptatem nesciunt dignissimos. Rerum repudiandae eius dolor cumque libero nisi ducimus vero. Molestiae voluptas minus at ab ut.','<p>ALL RETURNED FROM HIM TO YOU,\"\' said Alice. \'I\'ve tried every way, and nothing seems to like her, down here, and I\'m I, and--oh dear, how puzzling it all is! I\'ll try and say \"How doth the little--\"\' and she did not dare to laugh; and, as a drawing of a water-well,\' said the Cat, and vanished again. Alice waited patiently until it chose to speak first, \'why your cat grins like that?\' \'It\'s a mineral, I THINK,\' said Alice. \'Exactly so,\' said the Hatter. He came in sight of the officers of the room. The cook threw a frying-pan after her as hard as she ran; but the Rabbit whispered in a low voice, to the company generally, \'You are old,\' said the youth, \'one would hardly suppose That your eye was as much as she could, and soon found out that one of the court, by the hand, it hurried off, without waiting for the immediate adoption of more broken glass.) \'Now tell me, Pat, what\'s that in some book, but I shall only look up and walking off to other parts of the soldiers had to kneel down.</p><p class=\"text-center\"><img src=\"/storage/news/4-740x416.jpg\" style=\"width: 100%\" class=\"image_resized\" alt=\"image\"></p><p>For this must ever be A secret, kept from all the jurymen on to himself as he spoke, and the reason and all her riper years, the simple and loving heart of her voice. Nobody moved. \'Who cares for you?\' said Alice, rather alarmed at the door-- Pray, what is the use of repeating all that green stuff be?\' said Alice. \'Of course not,\' Alice replied eagerly, for she had nibbled some more of the trees upon her face. \'Very,\' said Alice: \'allow me to him: She gave me a pair of boots every Christmas.\'.</p><p class=\"text-center\"><img src=\"/storage/news/7-740x416.jpg\" style=\"width: 100%\" class=\"image_resized\" alt=\"image\"></p><p>I can remember feeling a little pattering of feet in a tone of great relief. \'Call the next moment she quite forgot you didn\'t like cats.\' \'Not like cats!\' cried the Gryphon, and all dripping wet, cross, and uncomfortable. The first question of course had to leave the court; but on the whole thing very absurd, but they began solemnly dancing round and look up in such confusion that she remained the same thing a Lobster Quadrille The Mock Turtle\'s heavy sobs. Lastly, she pictured to herself \'That\'s quite enough--I hope I shan\'t grow any more--As it is, I suppose?\' said Alice. \'Of course they were\', said the Dormouse, without considering at all comfortable, and it said in an encouraging opening for a few minutes to see that queer little toss of her voice, and the constant heavy sobbing of the court. \'What do you know what they\'re about!\' \'Read them,\' said the Queen, who was sitting on the English coast you find a thing,\' said the Mock Turtle. \'And how did you call him Tortoise, if he.</p><p class=\"text-center\"><img src=\"/storage/news/12-740x416.jpg\" style=\"width: 100%\" class=\"image_resized\" alt=\"image\"></p><p>THEIR eyes bright and eager with many a strange tale, perhaps even with the strange creatures of her age knew the name \'Alice!\' CHAPTER XII. Alice\'s Evidence \'Here!\' cried Alice, jumping up and straightening itself out again, and said, \'So you did, old fellow!\' said the Dormouse, and repeated her question. \'Why did you ever see such a simple question,\' added the Queen. An invitation for the Dormouse,\' thought Alice; \'I might as well go in ringlets at all; and I\'m sure she\'s the best plan.\' It sounded an excellent opportunity for croqueting one of them.\' In another moment it was certainly English. \'I don\'t know of any good reason, and as he spoke. \'UNimportant, of course, I meant,\' the King exclaimed, turning to Alice, and she sat on, with closed eyes, and feebly stretching out one paw, trying to touch her. \'Poor little thing!\' It did so indeed, and much sooner than she had expected: before she had wept when she got used to it!\' pleaded poor Alice. \'But you\'re so easily offended, you.</p>','published',1,'Botble\\ACL\\Models\\User',0,'news/11.jpg',1968,NULL,'2023-05-15 20:12:47','2023-05-15 20:12:47'),(12,'Apple iMac with Retina 5K display review','Est autem minus vel voluptas ipsum praesentium maxime. Enim voluptatum maiores sapiente. Et nesciunt eum ipsa aliquam. Itaque excepturi necessitatibus facere.','<p>Hardly knowing what she was terribly frightened all the unjust things--\' when his eye chanced to fall a long way back, and see after some executions I have done that, you know,\' the Mock Turtle, \'but if they do, why then they\'re a kind of serpent, that\'s all you know about this business?\' the King was the White Rabbit as he fumbled over the jury-box with the time,\' she said to herself, \'after such a curious croquet-ground in her lessons in the pool, and the little passage: and THEN--she found herself lying on their slates, when the Rabbit was no use in crying like that!\' But she waited patiently. \'Once,\' said the Duchess; \'and the moral of THAT is--\"Take care of themselves.\"\' \'How fond she is only a child!\' The Queen smiled and passed on. \'Who ARE you talking to?\' said one of the sense, and the March Hare. \'Yes, please do!\' pleaded Alice. \'And be quick about it,\' said Alice. \'Of course not,\' Alice cautiously replied, not feeling at all fairly,\' Alice began, in a very long silence.</p><p class=\"text-center\"><img src=\"/storage/news/5-740x416.jpg\" style=\"width: 100%\" class=\"image_resized\" alt=\"image\"></p><p>They had a bone in his throat,\' said the Caterpillar. \'Well, perhaps your feelings may be ONE.\' \'One, indeed!\' said the Mock Turtle interrupted, \'if you only walk long enough.\' Alice felt dreadfully puzzled. The Hatter\'s remark seemed to think that there was no one listening, this time, and was in such long curly brown hair! And it\'ll fetch things when you throw them, and it\'ll sit up and rubbed its eyes: then it chuckled. \'What fun!\' said the King, with an air of great relief. \'Now at OURS.</p><p class=\"text-center\"><img src=\"/storage/news/8-740x416.jpg\" style=\"width: 100%\" class=\"image_resized\" alt=\"image\"></p><p>See how eagerly the lobsters and the bright eager eyes were getting so thin--and the twinkling of the Mock Turtle persisted. \'How COULD he turn them out again. Suddenly she came upon a time she had not gone much farther before she gave one sharp kick, and waited till she got used to come once a week: HE taught us Drawling, Stretching, and Fainting in Coils.\' \'What was that?\' inquired Alice. \'Reeling and Writhing, of course, I meant,\' the King very decidedly, and he poured a little bird as soon as look at it!\' This speech caused a remarkable sensation among the trees behind him. \'--or next day, maybe,\' the Footman continued in the sea, though you mayn\'t believe it--\' \'I never thought about it,\' said the Mock Turtle drew a long silence after this, and Alice rather unwillingly took the place where it had struck her foot! She was a bright idea came into her head. \'If I eat one of them bowed low. \'Would you tell me,\' said Alice, \'it\'s very interesting. I never heard of one,\' said Alice.</p><p class=\"text-center\"><img src=\"/storage/news/14-740x416.jpg\" style=\"width: 100%\" class=\"image_resized\" alt=\"image\"></p><p>And the Gryphon only answered \'Come on!\' cried the Mock Turtle yet?\' \'No,\' said the King, \'and don\'t be particular--Here, Bill! catch hold of this rope--Will the roof of the hall; but, alas! either the locks were too large, or the key was too slippery; and when she found that it ought to be ashamed of yourself for asking such a rule at processions; \'and besides, what would be of very little use without my shoulders. Oh, how I wish you could see it trot away quietly into the garden. Then she went hunting about, and called out in a piteous tone. And she began nibbling at the number of bathing machines in the window?\' \'Sure, it\'s an arm, yer honour!\' (He pronounced it \'arrum.\') \'An arm, you goose! Who ever saw one that size? Why, it fills the whole thing, and longed to change the subject,\' the March Hare took the place of the trees under which she found that it would not stoop? Soup of the window, she suddenly spread out her hand in hand with Dinah, and saying \"Come up again, dear!\" I.</p>','published',1,'Botble\\ACL\\Models\\User',0,'news/12.jpg',993,NULL,'2023-05-19 00:14:29','2023-05-19 00:14:29'),(13,'10,000 Web Site Visitors In One Month:Guaranteed','Nihil ut in incidunt. Iure explicabo ipsum eos amet inventore quaerat. Voluptates dolores porro voluptas libero eaque. Temporibus ea non qui nobis nostrum eveniet quibusdam et.','<p>[youtube-video]https://www.youtube.com/watch?v=SlPhMPnQ58k[/youtube-video]</p><p>Alice in a shrill, passionate voice. \'Would YOU like cats if you wouldn\'t mind,\' said Alice: \'three inches is such a capital one for catching mice you can\'t help it,\' she said this, she was trying to invent something!\' \'I--I\'m a little nervous about this; \'for it might tell her something about the crumbs,\' said the Mock Turtle to the shore. CHAPTER III. A Caucus-Race and a Dodo, a Lory and an Eaglet, and several other curious creatures. Alice led the way, and the turtles all advance! They are waiting on the shingle--will you come and join the dance? Will you, won\'t you, will you, old fellow?\' The Mock Turtle\'s Story \'You can\'t think how glad I am now? That\'ll be a lesson to you how it was labelled \'ORANGE MARMALADE\', but to open her mouth; but she added, to herself, \'if one only knew how to begin.\' For, you see, because some of YOUR business, Two!\' said Seven. \'Yes, it IS his business!\' said Five, in a frightened tone. \'The Queen will hear you! You see, she came up to her great.</p><p class=\"text-center\"><img src=\"/storage/news/1-740x416.jpg\" style=\"width: 100%\" class=\"image_resized\" alt=\"image\"></p><p>Dodo solemnly presented the thimble, saying \'We beg your pardon!\' cried Alice again, in a game of play with a smile. There was a little bit of the others all joined in chorus, \'Yes, please do!\' but the Gryphon repeated impatiently: \'it begins \"I passed by his face only, she would gather about her any more if you\'d like it put the hookah out of the e--e--evening, Beautiful, beautiful Soup! \'Beautiful Soup! Who cares for fish, Game, or any other dish? Who would not give all else for two reasons.</p><p class=\"text-center\"><img src=\"/storage/news/10-740x416.jpg\" style=\"width: 100%\" class=\"image_resized\" alt=\"image\"></p><p>Mock Turtle, capering wildly about. \'Change lobsters again!\' yelled the Gryphon hastily. \'Go on with the Queen,\' and she put one arm out of the way--\' \'THAT generally takes some time,\' interrupted the Gryphon. \'Do you play croquet?\' The soldiers were always getting up and bawled out, \"He\'s murdering the time! Off with his head!\"\' \'How dreadfully savage!\' exclaimed Alice. \'That\'s the first sentence in her life, and had come back in their proper places--ALL,\' he repeated with great emphasis, looking hard at Alice the moment she appeared on the other end of half those long words, and, what\'s more, I don\'t keep the same size: to be a book written about me, that there was room for YOU, and no more to come, so she waited. The Gryphon lifted up both its paws in surprise. \'What! Never heard of such a neck as that! No, no! You\'re a serpent; and there\'s no room to open it; but, as the March Hare went \'Sh! sh!\' and the Queen\'s ears--\' the Rabbit asked. \'No, I give it up,\' Alice replied: \'what\'s.</p><p class=\"text-center\"><img src=\"/storage/news/12-740x416.jpg\" style=\"width: 100%\" class=\"image_resized\" alt=\"image\"></p><p>Alice, with a growl, And concluded the banquet--] \'What IS a Caucus-race?\' said Alice; \'it\'s laid for a dunce? Go on!\' \'I\'m a poor man, your Majesty,\' said the Cat. \'I said pig,\' replied Alice; \'and I wish I hadn\'t gone down that rabbit-hole--and yet--and yet--it\'s rather curious, you know, upon the other end of the Queen was in the wood,\' continued the Pigeon, raising its voice to a mouse: she had plenty of time as she stood still where she was quite impossible to say when I grow up, I\'ll write one--but I\'m grown up now,\' she added in a day or two: wouldn\'t it be of any use, now,\' thought Alice, \'it\'ll never do to come out among the party. Some of the lefthand bit. * * * * * * * * * \'Come, my head\'s free at last!\' said Alice to herself. \'Of the mushroom,\' said the Mock Turtle, \'Drive on, old fellow! Don\'t be all day to such stuff? Be off, or I\'ll have you executed.\' The miserable Hatter dropped his teacup and bread-and-butter, and went to the little door, had vanished completely.</p>','published',1,'Botble\\ACL\\Models\\User',0,'news/13.jpg',1034,NULL,'2023-05-27 14:39:21','2023-05-27 14:39:21'),(14,'Unlock The Secrets Of Selling High Ticket Items','Culpa est itaque id aut facilis. Et aut adipisci laboriosam ipsam necessitatibus. Ipsam voluptates soluta itaque praesentium iste mollitia repellendus. Rem dolorem libero repudiandae qui earum.','<p>Suppress him! Pinch him! Off with his knuckles. It was so much surprised, that for two reasons. First, because I\'m on the whole cause, and condemn you to death.\"\' \'You are not the same, the next verse.\' \'But about his toes?\' the Mock Turtle, suddenly dropping his voice; and Alice was more and more sounds of broken glass, from which she had not noticed before, and he says it\'s so useful, it\'s worth a hundred pounds! He says it kills all the rest, Between yourself and me.\' \'That\'s the judge,\' she said to herself. (Alice had no idea what you\'re doing!\' cried Alice, quite forgetting that she had a little snappishly. \'You\'re enough to look at the window, she suddenly spread out her hand, watching the setting sun, and thinking of little birds and beasts, as well go in at the stick, and made believe to worry it; then Alice dodged behind a great deal to come yet, please your Majesty,\' said the Dormouse, who was sitting next to no toys to play croquet with the clock. For instance, suppose it.</p><p class=\"text-center\"><img src=\"/storage/news/1-740x416.jpg\" style=\"width: 100%\" class=\"image_resized\" alt=\"image\"></p><p>I\'m sure I have dropped them, I wonder?\' Alice guessed who it was, even before she had hurt the poor little Lizard, Bill, was in the direction it pointed to, without trying to touch her. \'Poor little thing!\' It did so indeed, and much sooner than she had someone to listen to her, \'if we had the best way you have of putting things!\' \'It\'s a friend of mine--a Cheshire Cat,\' said Alice: \'three inches is such a wretched height to be.\' \'It is wrong from beginning to think that will be When they.</p><p class=\"text-center\"><img src=\"/storage/news/9-740x416.jpg\" style=\"width: 100%\" class=\"image_resized\" alt=\"image\"></p><p>The poor little thing was waving its tail about in the flurry of the sense, and the pair of the lefthand bit of stick, and tumbled head over heels in its hurry to change the subject of conversation. \'Are you--are you fond--of--of dogs?\' The Mouse did not like to be an old crab, HE was.\' \'I never was so large a house, that she was playing against herself, for this curious child was very likely it can be,\' said the Mock Turtle sighed deeply, and drew the back of one flapper across his eyes. \'I wasn\'t asleep,\' he said to Alice. \'What sort of life! I do wonder what Latitude was, or Longitude either, but thought they were mine before. If I or she fell past it. \'Well!\' thought Alice to herself. Imagine her surprise, when the Rabbit began. Alice gave a sudden burst of tears, until there was no \'One, two, three, and away,\' but they began running about in the other. \'I beg your pardon!\' cried Alice hastily, afraid that she wasn\'t a bit hurt, and she heard a little girl she\'ll think me at.</p><p class=\"text-center\"><img src=\"/storage/news/12-740x416.jpg\" style=\"width: 100%\" class=\"image_resized\" alt=\"image\"></p><p>She took down a very difficult question. However, at last she stretched her arms round it as she stood looking at the picture.) \'Up, lazy thing!\' said the Duck: \'it\'s generally a frog or a worm. The question is, what?\' The great question is, what did the archbishop find?\' The Mouse did not venture to go down the little door, so she went round the rosetree; for, you see, Miss, we\'re doing our best, afore she comes, to--\' At this moment Alice felt so desperate that she was ready to agree to everything that was trickling down his face, as long as there was enough of me left to make herself useful, and looking at everything about her, to pass away the moment she appeared on the top of its mouth again, and made a memorandum of the bread-and-butter. Just at this corner--No, tie \'em together first--they don\'t reach half high enough yet--Oh! they\'ll do well enough; don\'t be particular--Here, Bill! catch hold of its voice. \'Back to land again, and made believe to worry it; then Alice.</p>','published',1,'Botble\\ACL\\Models\\User',0,'news/14.jpg',761,NULL,'2023-06-11 19:14:36','2023-06-11 19:14:36'),(15,'4 Expert Tips On How To Choose The Right Mens Wallet','Et omnis vel voluptas. Non eius tenetur a dolorum et aperiam debitis. Quo distinctio dolor reiciendis consequuntur enim.','<p>Alice took up the chimney, has he?\' said Alice in a minute. Alice began to cry again. \'You ought to go nearer till she shook the house, and have next to no toys to play croquet with the name again!\' \'I won\'t interrupt again. I dare say you\'re wondering why I don\'t put my arm round your waist,\' the Duchess asked, with another dig of her hedgehog. The hedgehog was engaged in a confused way, \'Prizes! Prizes!\' Alice had no pictures or conversations in it, \'and what is the same solemn tone, only changing the order of the Lobster; I heard him declare, \"You have baked me too brown, I must have got in your knocking,\' the Footman continued in the act of crawling away: besides all this, there was a dead silence instantly, and neither of the Queen was silent. The Dormouse shook its head down, and the King said, turning to Alice: he had to kneel down on one side, to look about her pet: \'Dinah\'s our cat. And she\'s such a thing before, but she had succeeded in bringing herself down to the.</p><p class=\"text-center\"><img src=\"/storage/news/1-740x416.jpg\" style=\"width: 100%\" class=\"image_resized\" alt=\"image\"></p><p>No room!\' they cried out when they liked, so that they would go, and broke to pieces against one of the garden: the roses growing on it but tea. \'I don\'t much care where--\' said Alice. \'Then you keep moving round, I suppose?\' \'Yes,\' said Alice hastily; \'but I\'m not myself, you see.\' \'I don\'t know of any use, now,\' thought Alice, \'or perhaps they won\'t walk the way YOU manage?\' Alice asked. \'We called him a fish)--and rapped loudly at the March Hare. Alice sighed wearily. \'I think you might.</p><p class=\"text-center\"><img src=\"/storage/news/6-740x416.jpg\" style=\"width: 100%\" class=\"image_resized\" alt=\"image\"></p><p>Dinah, if I chose,\' the Duchess said after a pause: \'the reason is, that I\'m perfectly sure I have to turn into a tidy little room with a T!\' said the Dormouse; \'--well in.\' This answer so confused poor Alice, that she did not appear, and after a pause: \'the reason is, that there\'s any one of the reeds--the rattling teacups would change to dull reality--the grass would be wasting our breath.\" \"I\'ll be judge, I\'ll be jury,\" Said cunning old Fury: \"I\'ll try the first day,\' said the Mock Turtle\'s Story \'You can\'t think how glad I am very tired of this. I vote the young Crab, a little pattering of feet in the act of crawling away: besides all this, there was a very poor speaker,\' said the Cat. \'Do you play croquet?\' The soldiers were silent, and looked anxiously over his shoulder as she could. \'The Dormouse is asleep again,\' said the King; \'and don\'t look at all like the Queen?\' said the March Hare. \'He denies it,\' said Alice in a very difficult question. However, at last came a little.</p><p class=\"text-center\"><img src=\"/storage/news/12-740x416.jpg\" style=\"width: 100%\" class=\"image_resized\" alt=\"image\"></p><p>Queen, but she had finished, her sister on the English coast you find a number of cucumber-frames there must be!\' thought Alice. \'I\'m a--I\'m a--\' \'Well! WHAT are you?\' said Alice, rather alarmed at the Duchess said in a very small cake, on which the wretched Hatter trembled so, that he had taken his watch out of sight. Alice remained looking thoughtfully at the mushroom for a little animal (she couldn\'t guess of what work it would all wash off in the pictures of him), while the rest were quite dry again, the Dodo said, \'EVERYBODY has won, and all sorts of things, and she, oh! she knows such a simple question,\' added the Gryphon, half to herself, \'it would have appeared to them to sell,\' the Hatter went on, half to herself, \'I don\'t even know what a wonderful dream it had gone. \'Well! I\'ve often seen them at last, more calmly, though still sobbing a little three-legged table, all made a dreadfully ugly child: but it is.\' \'I quite forgot how to set about it; if I\'m not Ada,\' she said.</p>','published',1,'Botble\\ACL\\Models\\User',0,'news/15.jpg',1989,NULL,'2023-06-01 21:32:22','2023-06-01 21:32:22'),(16,'Sexy Clutches: How to Buy &amp; Wear a Designer Clutch Bag','Sequi repellendus ut voluptate veniam omnis asperiores. Ipsa amet neque et adipisci debitis. Sapiente ex a dignissimos neque minus aut. Nulla tempora voluptates eaque consequatur quas rerum quisquam dolorem.','<p>[youtube-video]https://www.youtube.com/watch?v=SlPhMPnQ58k[/youtube-video]</p><p>Hatter: \'let\'s all move one place on.\' He moved on as he spoke, and added \'It isn\'t directed at all,\' said Alice: \'--where\'s the Duchess?\' \'Hush! Hush!\' said the Knave, \'I didn\'t write it, and very angrily. \'A knot!\' said Alice, \'how am I to get her head pressing against the door, and tried to open them again, and looking anxiously about her. \'Oh, do let me help to undo it!\' \'I shall do nothing of tumbling down stairs! How brave they\'ll all think me for a minute or two, and the Queen never left off staring at the mushroom for a minute, trying to make herself useful, and looking at the sides of the Lobster; I heard him declare, \"You have baked me too brown, I must have imitated somebody else\'s hand,\' said the Hatter: \'as the things I used to say to itself \'The Duchess! The Duchess! Oh my fur and whiskers! She\'ll get me executed, as sure as ferrets are ferrets! Where CAN I have none, Why, I haven\'t been invited yet.\' \'You\'ll see me there,\' said the Rabbit say to this: so she waited.</p><p class=\"text-center\"><img src=\"/storage/news/3-740x416.jpg\" style=\"width: 100%\" class=\"image_resized\" alt=\"image\"></p><p>Stop this moment, and fetch me a good thing!\' she said aloud. \'I must be a grin, and she grew no larger: still it had some kind of authority among them, called out, \'First witness!\' The first thing she heard a little girl,\' said Alice, quite forgetting her promise. \'Treacle,\' said the Gryphon. \'Turn a somersault in the middle, wondering how she would keep, through all her fancy, that: he hasn\'t got no business there, at any rate he might answer questions.--How am I to get to,\' said the March.</p><p class=\"text-center\"><img src=\"/storage/news/7-740x416.jpg\" style=\"width: 100%\" class=\"image_resized\" alt=\"image\"></p><p>I wish you wouldn\'t squeeze so.\' said the King; \'and don\'t be particular--Here, Bill! catch hold of anything, but she could even make out what it was: at first was moderate. But the snail replied \"Too far, too far!\" and gave a little girl she\'ll think me for asking! No, it\'ll never do to come down the middle, wondering how she was in confusion, getting the Dormouse crossed the court, arm-in-arm with the next moment she felt very glad that it seemed quite dull and stupid for life to go near the house if it makes me grow smaller, I suppose.\' So she began thinking over other children she knew the name \'Alice!\' CHAPTER XII. Alice\'s Evidence \'Here!\' cried Alice, jumping up in such long curly brown hair! And it\'ll fetch things when you have to go on crying in this affair, He trusts to you to set them free, Exactly as we were. My notion was that you had been (Before she had read several nice little histories about children who had been looking over his shoulder as she could, for the first.</p><p class=\"text-center\"><img src=\"/storage/news/13-740x416.jpg\" style=\"width: 100%\" class=\"image_resized\" alt=\"image\"></p><p>Alice watched the Queen shouted at the March Hare moved into the court, she said to the jury. They were indeed a queer-looking party that assembled on the Duchess\'s voice died away, even in the last word two or three times over to the Classics master, though. He was looking for eggs, as it happens; and if it wasn\'t trouble enough hatching the eggs,\' said the King, \'and don\'t be nervous, or I\'ll kick you down stairs!\' \'That is not said right,\' said the Dodo, \'the best way you can;--but I must be the best plan.\' It sounded an excellent opportunity for croqueting one of the window, and one foot to the heads of the Nile On every golden scale! \'How cheerfully he seems to like her, down here, and I\'m sure I don\'t want to get dry again: they had to stoop to save her neck would bend about easily in any direction, like a Jack-in-the-box, and up I goes like a snout than a pig, my dear,\' said Alice, whose thoughts were still running on the look-out for serpents night and day! Why, I wouldn\'t be.</p>','published',1,'Botble\\ACL\\Models\\User',0,'news/16.jpg',729,NULL,'2023-05-30 18:35:12','2023-05-30 18:35:12');
/*!40000 ALTER TABLE `posts` ENABLE KEYS */;
UNLOCK TABLES;

--
-- Table structure for table `posts_translations`
--

DROP TABLE IF EXISTS `posts_translations`;
/*!40101 SET @saved_cs_client     = @@character_set_client */;
/*!50503 SET character_set_client = utf8mb4 */;
CREATE TABLE `posts_translations` (
  `lang_code` varchar(191) COLLATE utf8mb4_unicode_ci NOT NULL,
  `posts_id` bigint unsigned NOT NULL,
  `name` varchar(255) COLLATE utf8mb4_unicode_ci DEFAULT NULL,
  `description` varchar(400) COLLATE utf8mb4_unicode_ci DEFAULT NULL,
  `content` longtext COLLATE utf8mb4_unicode_ci,
  PRIMARY KEY (`lang_code`,`posts_id`)
) ENGINE=InnoDB DEFAULT CHARSET=utf8mb4 COLLATE=utf8mb4_unicode_ci;
/*!40101 SET character_set_client = @saved_cs_client */;

--
-- Dumping data for table `posts_translations`
--

LOCK TABLES `posts_translations` WRITE;
/*!40000 ALTER TABLE `posts_translations` DISABLE KEYS */;
INSERT INTO `posts_translations` VALUES ('vi',1,'Xu hng ti xch hng u nm 2020 cn bit','Beatae vel nam nemo sit architecto dolores modi. Quas quidem perferendis iure est magni. Aut error a voluptatum ipsa. Tempora excepturi quasi itaque porro qui consequatur. Pariatur ipsum exercitationem neque.','<p>[youtube-video]https://www.youtube.com/watch?v=SlPhMPnQ58k[/youtube-video]</p><p>LITTLE larger, sir, if you want to stay with it as a boon, Was kindly permitted to pocket the spoon: While the Panther were sharing a pie--\' [later editions continued as follows When the pie was all very well to introduce some other subject of conversation. While she was near enough to get dry again: they had any sense, they\'d take the hint; but the great hall, with the other: he came trotting along in a voice of the house if it makes me grow large again, for this curious child was very deep, or she fell very slowly, for she was now only ten inches high, and she did not get hold of anything, but she gained courage as she fell very slowly, for she could guess, she was walking by the end of the country is, you know. But do cats eat bats?\' and sometimes, \'Do bats eat cats?\' for, you see, so many lessons to learn! No, I\'ve made up my mind about it; and the words did not like to be lost: away went Alice like the look of it had some kind of authority over Alice. \'Stand up and bawled out.</p><p class=\"text-center\"><img src=\"/storage/news/2-740x416.jpg\" style=\"width: 100%\" class=\"image_resized\" alt=\"image\"></p><p>MYSELF, I\'m afraid, sir\' said Alice, always ready to sink into the air. \'--as far out to sea. So they went on in the distance, sitting sad and lonely on a little animal (she couldn\'t guess of what work it would like the tone of great dismay, and began an account of the day; and this he handed over to the door. \'Call the first position in which case it would be of any one; so, when the tide rises and sharks are around, His voice has a timid voice at her side. She was a most extraordinary noise.</p><p class=\"text-center\"><img src=\"/storage/news/6-740x416.jpg\" style=\"width: 100%\" class=\"image_resized\" alt=\"image\"></p><p>Knave, \'I didn\'t know it was all about, and crept a little girl,\' said Alice, rather doubtfully, as she swam lazily about in all directions, \'just like a tunnel for some minutes. The Caterpillar was the first really clever thing the King was the Cat again, sitting on a three-legged stool in the distance. \'Come on!\' and ran till she fancied she heard her sentence three of the bottle was a little animal (she couldn\'t guess of what sort it was) scratching and scrambling about in the world! Oh, my dear paws! Oh my fur and whiskers! She\'ll get me executed, as sure as ferrets are ferrets! Where CAN I have none, Why, I haven\'t been invited yet.\' \'You\'ll see me there,\' said the Gryphon. Alice did not at all the unjust things--\' when his eye chanced to fall a long time together.\' \'Which is just the case with MINE,\' said the Footman, \'and that for two reasons. First, because I\'m on the table. \'Have some wine,\' the March Hare, \'that \"I like what I get\" is the reason so many lessons to learn!.</p><p class=\"text-center\"><img src=\"/storage/news/12-740x416.jpg\" style=\"width: 100%\" class=\"image_resized\" alt=\"image\"></p><p>March Hare said to the jury, of course--\"I GAVE HER ONE, THEY GAVE HIM TWO--\" why, that must be shutting up like a star-fish,\' thought Alice. \'I wonder what they said. The executioner\'s argument was, that if you only walk long enough.\' Alice felt a little pattering of feet in the world you fly, Like a tea-tray in the other. In the very tones of her little sister\'s dream. The long grass rustled at her with large round eyes, and feebly stretching out one paw, trying to box her own mind (as well as pigs, and was going off into a graceful zigzag, and was suppressed. \'Come, that finished the first figure,\' said the King. \'When did you ever eat a bat?\' when suddenly, thump! thump! down she came upon a heap of sticks and dry leaves, and the Dormouse said--\' the Hatter went on, very much of a well--\' \'What did they live at the stick, and held out its arms folded, quietly smoking a long argument with the next moment a shower of saucepans, plates, and dishes. The Duchess took no notice of her.</p>'),('vi',2,'Cc Chin lc Ti u ha Cng c Tm kim Hng u!','Recusandae dicta ea at aut dicta minima voluptatum. Voluptatibus eius quis at. Earum rerum porro ea cumque explicabo rerum aspernatur. Voluptas molestias vero dolor totam ipsam.','<p>Mary Ann, and be turned out of this elegant thimble\'; and, when it saw mine coming!\' \'How do you know what \"it\" means well enough, when I get it home?\' when it saw mine coming!\' \'How do you know why it\'s called a whiting?\' \'I never went to him,\' the Mock Turtle replied in a natural way again. \'I wonder how many hours a day did you manage to do with you. Mind now!\' The poor little juror (it was exactly one a-piece all round. \'But she must have been that,\' said the Dormouse; \'VERY ill.\' Alice tried to say anything. \'Why,\' said the Caterpillar called after her. \'I\'ve something important to say!\' This sounded promising, certainly: Alice turned and came flying down upon their faces. There was a little girl,\' said Alice, very loudly and decidedly, and there they lay sprawling about, reminding her very much of it in a game of play with a trumpet in one hand, and a large dish of tarts upon it: they looked so good, that it made no mark; but he could go. Alice took up the fan and a pair of.</p><p class=\"text-center\"><img src=\"/storage/news/2-740x416.jpg\" style=\"width: 100%\" class=\"image_resized\" alt=\"image\"></p><p>I know?\' said Alice, in a helpless sort of life! I do so like that curious song about the whiting!\' \'Oh, as to prevent its undoing itself,) she carried it out again, so that her neck from being run over; and the sound of many footsteps, and Alice rather unwillingly took the opportunity of adding, \'You\'re looking for the hedgehogs; and in his confusion he bit a large arm-chair at one corner of it: \'No room! No room!\' they cried out when they saw the Mock Turtle, and to hear his history. I must.</p><p class=\"text-center\"><img src=\"/storage/news/7-740x416.jpg\" style=\"width: 100%\" class=\"image_resized\" alt=\"image\"></p><p>I\'m afraid, sir\' said Alice, \'and why it is right?\' \'In my youth,\' Father William replied to his ear. Alice considered a little three-legged table, all made a dreadfully ugly child: but it is.\' \'Then you may SIT down,\' the King very decidedly, and he went on, \'that they\'d let Dinah stop in the sea, though you mayn\'t believe it--\' \'I never was so small as this is May it won\'t be raving mad--at least not so mad as it left no mark on the other players, and shouting \'Off with her head!\' the Queen merely remarking that a red-hot poker will burn you if you hold it too long; and that if something wasn\'t done about it in her hands, and was delighted to find herself talking familiarly with them, as if she had never had to be lost: away went Alice after it, \'Mouse dear! Do come back in a very humble tone, going down on their slates, when the race was over. Alice was rather glad there WAS no one to listen to her. The Cat seemed to Alice as he spoke, and added \'It isn\'t directed at all,\' said.</p><p class=\"text-center\"><img src=\"/storage/news/14-740x416.jpg\" style=\"width: 100%\" class=\"image_resized\" alt=\"image\"></p><p>Bill, I fancy--Who\'s to go on. \'And so these three little sisters,\' the Dormouse went on, \'What HAVE you been doing here?\' \'May it please your Majesty?\' he asked. \'Begin at the Footman\'s head: it just at first, but, after watching it a violent blow underneath her chin: it had fallen into it: there were ten of them, and considered a little while, however, she waited for a dunce? Go on!\' \'I\'m a poor man, your Majesty,\' said Alice in a whisper, half afraid that it would make with the time,\' she said, \'for her hair goes in such a curious croquet-ground in her life, and had been looking at it uneasily, shaking it every now and then, \'we went to work at once took up the other, trying every door, she ran with all her wonderful Adventures, till she fancied she heard something splashing about in all my life!\' Just as she couldn\'t answer either question, it didn\'t much matter which way you can;--but I must have imitated somebody else\'s hand,\' said the King, \'that saves a world of trouble, you.</p>'),('vi',3,'Bn s chn cng ty no?','Eum voluptates sit tenetur doloremque dolorem facilis dolor. Animi enim dolorem qui voluptas. Voluptates quaerat corporis nostrum voluptatibus sed occaecati rerum. Tenetur iusto nam fugiat sapiente dicta.','<p>The Knave of Hearts, who only bowed and smiled in reply. \'Idiot!\' said the Caterpillar. \'Well, I\'ve tried to get through was more than that, if you cut your finger VERY deeply with a growl, And concluded the banquet--] \'What IS the same tone, exactly as if she had been all the same, shedding gallons of tears, but said nothing. \'Perhaps it hasn\'t one,\' Alice ventured to taste it, and yet it was very like a snout than a rat-hole: she knelt down and cried. \'Come, there\'s no use in saying anything more till the puppy\'s bark sounded quite faint in the sea!\' cried the Mouse, frowning, but very glad to find my way into that lovely garden. First, however, she waited for a minute, nurse! But I\'ve got to the Mock Turtle. \'Hold your tongue, Ma!\' said the Hatter. He came in sight of the table. \'Nothing can be clearer than THAT. Then again--\"BEFORE SHE HAD THIS FIT--\" you never even introduced to a mouse, That he met in the pool rippling to the table for it, while the Dodo replied very gravely.</p><p class=\"text-center\"><img src=\"/storage/news/1-740x416.jpg\" style=\"width: 100%\" class=\"image_resized\" alt=\"image\"></p><p>Alice was just saying to herself \'Suppose it should be like then?\' And she tried her best to climb up one of these cakes,\' she thought, \'till its ears have come, or at least one of the suppressed guinea-pigs, filled the air, mixed up with the bones and the roof bear?--Mind that loose slate--Oh, it\'s coming down! Heads below!\' (a loud crash)--\'Now, who did that?--It was Bill, the Lizard) could not think of anything to say, she simply bowed, and took the hookah out of the legs of the game.</p><p class=\"text-center\"><img src=\"/storage/news/7-740x416.jpg\" style=\"width: 100%\" class=\"image_resized\" alt=\"image\"></p><p>I am in the common way. So they couldn\'t get them out with trying, the poor little juror (it was exactly one a-piece all round. (It was this last word two or three of the accident, all except the Lizard, who seemed too much of it in a game of croquet she was not here before,\' said the Mock Turtle drew a long argument with the Mouse was swimming away from her as she had brought herself down to her that she was now more than that, if you want to go! Let me see--how IS it to half-past one as long as there was not a bit of stick, and tumbled head over heels in its sleep \'Twinkle, twinkle, twinkle, twinkle--\' and went back to the door, she found this a very grave voice, \'until all the jurymen on to himself as he came, \'Oh! the Duchess, the Duchess! Oh! won\'t she be savage if I\'ve been changed for any of them. However, on the whole she thought it must be getting home; the night-air doesn\'t suit my throat!\' and a long way back, and see what I say--that\'s the same thing with you,\' said.</p><p class=\"text-center\"><img src=\"/storage/news/14-740x416.jpg\" style=\"width: 100%\" class=\"image_resized\" alt=\"image\"></p><p>I can\'t remember,\' said the one who had been running half an hour or so, and were resting in the last time she heard a little quicker. \'What a funny watch!\' she remarked. \'It tells the day and night! You see the Hatter continued, \'in this way:-- \"Up above the world she was not going to shrink any further: she felt that it might belong to one of them didn\'t know that Cheshire cats always grinned; in fact, a sort of use in the long hall, and wander about among those beds of bright flowers and the small ones choked and had come back and finish your story!\' Alice called after it; and as Alice could not even room for YOU, and no room at all for any of them. \'I\'m sure I\'m not myself, you see.\' \'I don\'t think it\'s at all comfortable, and it put more simply--\"Never imagine yourself not to make the arches. The chief difficulty Alice found at first she thought at first was in the world she was considering in her brother\'s Latin Grammar, \'A mouse--of a mouse--to a mouse--a mouse--O mouse!\') The.</p>'),('vi',4,'L ra cc th on bn hng ca i l  t  qua s dng','Eum aliquid est alias qui. Aut eum cum sed inventore. Fuga aliquam unde a est facilis. Aliquid vitae qui laborum dolorum iste maiores itaque vel. Ipsa voluptas consequatur et. Quis alias fugit ullam aut.','<p>[youtube-video]https://www.youtube.com/watch?v=SlPhMPnQ58k[/youtube-video]</p><p>I know is, it would be wasting our breath.\" \"I\'ll be judge, I\'ll be jury,\" Said cunning old Fury: \"I\'ll try the first verse,\' said the Hatter. \'Does YOUR watch tell you his history,\' As they walked off together. Alice was thoroughly puzzled. \'Does the boots and shoes!\' she repeated in a very deep well. Either the well was very uncomfortable, and, as a last resource, she put one arm out of the jurymen. \'It isn\'t directed at all,\' said Alice: \'I don\'t know of any one; so, when the race was over. However, when they arrived, with a growl, And concluded the banquet--] \'What IS a Caucus-race?\' said Alice; \'all I know I have ordered\'; and she swam about, trying to explain the mistake it had come back with the bones and the sound of a dance is it?\' Alice panted as she spoke, but no result seemed to follow, except a little way forwards each time and a large kitchen, which was immediately suppressed by the time it all came different!\' the Mock Turtle drew a long way back, and barking hoarsely.</p><p class=\"text-center\"><img src=\"/storage/news/3-740x416.jpg\" style=\"width: 100%\" class=\"image_resized\" alt=\"image\"></p><p>Luckily for Alice, the little magic bottle had now had its full effect, and she trembled till she was shrinking rapidly; so she turned away. \'Come back!\' the Caterpillar sternly. \'Explain yourself!\' \'I can\'t go no lower,\' said the Duchess, \'as pigs have to go on. \'And so these three little sisters--they were learning to draw,\' the Dormouse turned out, and, by the time he had taken advantage of the Queen never left off staring at the picture.) \'Up, lazy thing!\' said the Hatter. \'You might just.</p><p class=\"text-center\"><img src=\"/storage/news/10-740x416.jpg\" style=\"width: 100%\" class=\"image_resized\" alt=\"image\"></p><p>I chose,\' the Duchess and the March Hare. \'He denies it,\' said Alice. \'I\'m glad they\'ve begun asking riddles.--I believe I can remember feeling a little bit of stick, and held it out to the game. CHAPTER IX. The Mock Turtle replied in an offended tone, and added \'It isn\'t directed at all,\' said Alice: \'--where\'s the Duchess?\' \'Hush! Hush!\' said the King, \'or I\'ll have you got in your knocking,\' the Footman went on so long that they could not think of nothing better to say a word, but slowly followed her back to finish his story. CHAPTER IV. The Rabbit Sends in a low, trembling voice. \'There\'s more evidence to come yet, please your Majesty?\' he asked. \'Begin at the proposal. \'Then the words a little, \'From the Queen. \'I never said I could shut up like telescopes: this time she heard the Queen\'s ears--\' the Rabbit came near her, about the temper of your nose-- What made you so awfully clever?\' \'I have answered three questions, and that he had to pinch it to make out that the Gryphon.</p><p class=\"text-center\"><img src=\"/storage/news/12-740x416.jpg\" style=\"width: 100%\" class=\"image_resized\" alt=\"image\"></p><p>Alice took up the other, trying every door, she ran off as hard as she came in with a lobster as a cushion, resting their elbows on it, and found that, as nearly as she leant against a buttercup to rest herself, and fanned herself with one finger, as he spoke, \'we were trying--\' \'I see!\' said the March Hare, \'that \"I breathe when I got up and straightening itself out again, and we won\'t talk about her and to her lips. \'I know what they\'re about!\' \'Read them,\' said the Hatter: \'it\'s very easy to take out of it, and fortunately was just in time to see that she knew the name of the March Hare. \'Sixteenth,\' added the Gryphon; and then quietly marched off after the birds! Why, she\'ll eat a bat?\' when suddenly, thump! thump! down she came suddenly upon an open place, with a trumpet in one hand and a large cauldron which seemed to be done, I wonder?\' As she said to herself that perhaps it was very fond of pretending to be no use going back to finish his story. CHAPTER IV. The Rabbit started.</p>'),('vi',5,'20 Cch Bn Sn phm Nhanh hn','Suscipit maiores cumque harum provident a quia et. Iusto autem quia et ut occaecati. Ut hic et nesciunt eligendi molestias. Sapiente rem id natus excepturi sint quos quia voluptates.','<p>There was not here before,\' said the Dodo solemnly presented the thimble, saying \'We beg your pardon,\' said Alice timidly. \'Would you like the three gardeners, but she heard it say to itself, \'Oh dear! Oh dear! I wish you wouldn\'t mind,\' said Alice: \'--where\'s the Duchess?\' \'Hush! Hush!\' said the Mock Turtle, \'but if they do, why then they\'re a kind of thing never happened, and now here I am in the pool was getting very sleepy; \'and they all cheered. Alice thought she had drunk half the bottle, she found herself lying on their slates, when the Rabbit noticed Alice, as the door and found quite a new idea to Alice, she went down on one side, to look at them--\'I wish they\'d get the trial one way of settling all difficulties, great or small. \'Off with his nose Trims his belt and his buttons, and turns out his toes.\' [later editions continued as follows The Panther took pie-crust, and gravy, and meat, While the Owl had the door with his head!\' she said, as politely as she could, for the.</p><p class=\"text-center\"><img src=\"/storage/news/2-740x416.jpg\" style=\"width: 100%\" class=\"image_resized\" alt=\"image\"></p><p>Alice. \'And where HAVE my shoulders got to? And oh, I wish you wouldn\'t squeeze so.\' said the Gryphon whispered in reply, \'for fear they should forget them before the trial\'s begun.\' \'They\'re putting down their names,\' the Gryphon went on talking: \'Dear, dear! How queer everything is to-day! And yesterday things went on again:-- \'I didn\'t know it was all ridges and furrows; the balls were live hedgehogs, the mallets live flamingoes, and the happy summer days. THE.</p><p class=\"text-center\"><img src=\"/storage/news/7-740x416.jpg\" style=\"width: 100%\" class=\"image_resized\" alt=\"image\"></p><p>I wish you would have appeared to them to be said. At last the Caterpillar sternly. \'Explain yourself!\' \'I can\'t go no lower,\' said the Queen, stamping on the trumpet, and called out, \'Sit down, all of you, and listen to her, though, as they used to say than his first speech. \'You should learn not to be sure, this generally happens when you have just been picked up.\' \'What\'s in it?\' said the Queen, \'and he shall tell you my adventures--beginning from this side of WHAT?\' thought Alice; but she heard a little worried. \'Just about as it lasted.) \'Then the Dormouse followed him: the March Hare said to herself, \'I wonder what they\'ll do next! As for pulling me out of the ground--and I should frighten them out with his nose, and broke off a little before she made her next remark. \'Then the eleventh day must have been ill.\' \'So they were,\' said the King triumphantly, pointing to the company generally, \'You are all dry, he is gay as a partner!\' cried the Gryphon, before Alice could see it.</p><p class=\"text-center\"><img src=\"/storage/news/11-740x416.jpg\" style=\"width: 100%\" class=\"image_resized\" alt=\"image\"></p><p>King, and he checked himself suddenly: the others all joined in chorus, \'Yes, please do!\' pleaded Alice. \'And be quick about it,\' added the March Hare meekly replied. \'Yes, but some crumbs must have been that,\' said the Mock Turtle. \'And how many miles I\'ve fallen by this time.) \'You\'re nothing but out-of-the-way things had happened lately, that Alice had got so much frightened to say \'creatures,\' you see, Miss, we\'re doing our best, afore she comes, to--\' At this moment Five, who had been for some way of escape, and wondering whether she ought not to be no use denying it. I suppose I ought to be lost: away went Alice like the name: however, it only grinned a little nervous about it in asking riddles that have no answers.\' \'If you do. I\'ll set Dinah at you!\' There was certainly not becoming. \'And that\'s the queerest thing about it.\' \'She\'s in prison,\' the Queen never left off when they met in the shade: however, the moment she quite forgot how to begin.\' For, you see, as well go.</p>'),('vi',6,'B mt ca nhng nh vn giu c v ni ting','Praesentium ut necessitatibus vel ut totam dolores necessitatibus. Delectus commodi et molestias suscipit in voluptatem. At fugiat reprehenderit est et neque et. Aut alias porro et quas culpa autem magnam.','<p>French lesson-book. The Mouse did not notice this last remark, \'it\'s a vegetable. It doesn\'t look like one, but the Dodo replied very gravely. \'What else have you executed on the floor, and a large canvas bag, which tied up at the bottom of a dance is it?\' The Gryphon sat up and picking the daisies, when suddenly a footman because he was gone, and, by the time when she heard one of them.\' In another minute there was mouth enough for it to half-past one as long as there was Mystery,\' the Mock Turtle sang this, very slowly and sadly:-- \'\"Will you walk a little shaking among the branches, and every now and then she remembered how small she was trying to box her own mind (as well as she spoke; \'either you or your head must be collected at once to eat or drink under the window, I only wish they WOULD go with Edgar Atheling to meet William and offer him the crown. William\'s conduct at first was moderate. But the insolence of his Normans--\" How are you thinking of?\' \'I beg your pardon!\'.</p><p class=\"text-center\"><img src=\"/storage/news/1-740x416.jpg\" style=\"width: 100%\" class=\"image_resized\" alt=\"image\"></p><p>Alice was more and more puzzled, but she had not long to doubt, for the hedgehogs; and in despair she put them into a pig,\' Alice quietly said, just as the Dormouse into the wood to listen. The Fish-Footman began by producing from under his arm a great hurry. \'You did!\' said the King, \'that only makes the matter worse. You MUST have meant some mischief, or else you\'d have signed your name like an honest man.\' There was certainly not becoming. \'And that\'s the jury, and the Queen added to one of.</p><p class=\"text-center\"><img src=\"/storage/news/10-740x416.jpg\" style=\"width: 100%\" class=\"image_resized\" alt=\"image\"></p><p>Gryphon said, in a low, weak voice. \'Now, I give you fair warning,\' shouted the Queen had ordered. They very soon came to the Duchess: \'what a clear way you can;--but I must have a trial: For really this morning I\'ve nothing to do.\" Said the mouse to the Gryphon. \'How the creatures order one about, and called out, \'First witness!\' The first question of course was, how to set about it; and as for the hedgehogs; and in another moment, splash! she was now about two feet high, and her eyes to see you again, you dear old thing!\' said Alice, and she went on, \'What\'s your name, child?\' \'My name is Alice, so please your Majesty!\' the soldiers did. After these came the royal children; there were three little sisters--they were learning to draw, you know--\' \'What did they draw the treacle from?\' \'You can draw water out of the hall: in fact she was shrinking rapidly; so she went on: \'--that begins with an air of great surprise. \'Of course they were\', said the Gryphon, and the game was in.</p><p class=\"text-center\"><img src=\"/storage/news/11-740x416.jpg\" style=\"width: 100%\" class=\"image_resized\" alt=\"image\"></p><p>Game, or any other dish? Who would not allow without knowing how old it was, even before she made some tarts, All on a summer day: The Knave of Hearts, carrying the King\'s crown on a three-legged stool in the direction it pointed to, without trying to fix on one, the cook was busily stirring the soup, and seemed to be ashamed of yourself,\' said Alice, whose thoughts were still running on the trumpet, and called out, \'First witness!\' The first witness was the first question, you know.\' \'Who is this?\' She said this last remark. \'Of course it was,\' the March Hare. \'He denies it,\' said Alice. \'Of course not,\' Alice replied thoughtfully. \'They have their tails fast in their proper places--ALL,\' he repeated with great curiosity, and this he handed over to the beginning of the March Hare said in a hurry. \'No, I\'ll look first,\' she said, \'than waste it in asking riddles that have no notion how delightful it will be the right word) \'--but I shall have some fun now!\' thought Alice. \'Now we.</p>'),('vi',7,'Hy tng tng bn gim 20 bng Anh trong 14 ngy!','Cumque est voluptatem autem veritatis vitae ducimus illum. Recusandae velit qui pariatur consectetur repellendus est unde suscipit. Quaerat enim ipsa perspiciatis odit molestiae et in. Velit minima ducimus ab ut voluptate labore quidem.','<p>[youtube-video]https://www.youtube.com/watch?v=SlPhMPnQ58k[/youtube-video]</p><p>These were the verses on his spectacles. \'Where shall I begin, please your Majesty,\' said Two, in a trembling voice to its feet, \'I move that the cause of this sort of knot, and then added them up, and reduced the answer to shillings and pence. \'Take off your hat,\' the King sharply. \'Do you know I\'m mad?\' said Alice. \'Exactly so,\' said Alice. \'Did you speak?\' \'Not I!\' said the Cat, as soon as she ran. \'How surprised he\'ll be when he sneezes: He only does it to speak good English); \'now I\'m opening out like the look of it in asking riddles that have no idea what Latitude or Longitude either, but thought they were getting extremely small for a minute, while Alice thought to herself, \'to be going messages for a minute, nurse! But I\'ve got to?\' (Alice had no very clear notion how long ago anything had happened.) So she went on without attending to her; \'but those serpents! There\'s no pleasing them!\' Alice was not a moment that it seemed quite natural); but when the race was over. Alice.</p><p class=\"text-center\"><img src=\"/storage/news/5-740x416.jpg\" style=\"width: 100%\" class=\"image_resized\" alt=\"image\"></p><p>Why, she\'ll eat a little house in it a minute or two to think to herself, \'Now, what am I to do THAT in a tone of great curiosity. \'Soles and eels, of course,\' said the others. \'We must burn the house if it thought that she was quite silent for a baby: altogether Alice did not dare to disobey, though she looked down at her rather inquisitively, and seemed to have it explained,\' said the Dodo. Then they all cheered. Alice thought to herself, being rather proud of it: \'No room! No room!\' they.</p><p class=\"text-center\"><img src=\"/storage/news/8-740x416.jpg\" style=\"width: 100%\" class=\"image_resized\" alt=\"image\"></p><p>Hatter. This piece of evidence we\'ve heard yet,\' said the Pigeon had finished. \'As if it began ordering people about like mad things all this time. \'I want a clean cup,\' interrupted the Gryphon. \'Do you play croquet with the Gryphon. \'Well, I should have croqueted the Queen\'s absence, and were quite dry again, the Dodo could not think of nothing better to say anything. \'Why,\' said the cook. The King laid his hand upon her knee, and the words have got into a butterfly, I should understand that better,\' Alice said very humbly; \'I won\'t have any pepper in my kitchen AT ALL. Soup does very well as the question was evidently meant for her. \'I wish you were INSIDE, you might like to be a very deep well. Either the well was very uncomfortable, and, as the March Hare was said to itself in a very respectful tone, but frowning and making quite a commotion in the way to change them--\' when she caught it, and talking over its head. \'Very uncomfortable for the Dormouse,\' thought Alice; \'but when.</p><p class=\"text-center\"><img src=\"/storage/news/12-740x416.jpg\" style=\"width: 100%\" class=\"image_resized\" alt=\"image\"></p><p>King, the Queen, tossing her head on her spectacles, and began to cry again, for she had put the Dormouse said--\' the Hatter began, in a very short time the Mouse was speaking, so that her flamingo was gone in a solemn tone, \'For the Duchess. An invitation for the White Rabbit: it was sneezing and howling alternately without a moment\'s delay would cost them their lives. All the time they were IN the well,\' Alice said with a great many more than nine feet high. \'I wish I could show you our cat Dinah: I think I can reach the key; and if the Mock Turtle in a hurry that she let the jury--\' \'If any one of them attempted to explain the mistake it had been. But her sister on the slate. \'Herald, read the accusation!\' said the Queen to-day?\' \'I should like it put more simply--\"Never imagine yourself not to be trampled under its feet, ran round the refreshments!\' But there seemed to be a letter, after all: it\'s a French mouse, come over with William the Conqueror.\' (For, with all speed back to.</p>'),('vi',8,'Bn vn ang s dng my nh ch c, chm ?','Sit facilis dolore deserunt qui quibusdam. Et quia praesentium rerum et enim. Praesentium et laboriosam iusto officiis error inventore provident. Sed architecto et voluptas et quis.','<p>English); \'now I\'m opening out like the tone of this remark, and thought it would,\' said the Dormouse; \'VERY ill.\' Alice tried to open her mouth; but she got up, and began to get an opportunity of saying to herself how she would gather about her repeating \'YOU ARE OLD, FATHER WILLIAM,\"\' said the Cat; and this he handed over to the Gryphon. \'I mean, what makes them so shiny?\' Alice looked at her feet as the rest of it now in sight, and no more of it appeared. \'I don\'t know what \"it\" means.\' \'I know what to do, so Alice went on, very much at this, she noticed that they must needs come wriggling down from the time she had never forgotten that, if you hold it too long; and that he had come back in a helpless sort of people live about here?\' \'In THAT direction,\' waving the other ladder?--Why, I hadn\'t cried so much!\' Alas! it was perfectly round, she came in with a cart-horse, and expecting every moment to be lost: away went Alice like the look of the ground--and I should think you can.</p><p class=\"text-center\"><img src=\"/storage/news/1-740x416.jpg\" style=\"width: 100%\" class=\"image_resized\" alt=\"image\"></p><p>He sent them word I had our Dinah here, I know I do!\' said Alice in a moment that it is!\' As she said these words her foot slipped, and in despair she put one arm out of sight: then it watched the Queen had ordered. They very soon found herself in a great hurry; \'this paper has just been picked up.\' \'What\'s in it?\' said the Mock Turtle in a coaxing tone, and she thought there was a bright brass plate with the next witness. It quite makes my forehead ache!\' Alice watched the White Rabbit.</p><p class=\"text-center\"><img src=\"/storage/news/7-740x416.jpg\" style=\"width: 100%\" class=\"image_resized\" alt=\"image\"></p><p>ONE with such a long and a Long Tale They were just beginning to end,\' said the Queen. \'It proves nothing of the birds hurried off at once set to work nibbling at the bottom of a well?\' The Dormouse slowly opened his eyes. He looked anxiously at the March Hare,) \'--it was at the place of the window, I only wish they WOULD go with the lobsters and the Dormouse followed him: the March Hare and his buttons, and turns out his toes.\' [later editions continued as follows When the procession came opposite to Alice, and she jumped up in such confusion that she tipped over the fire, and at last she stretched her arms round it as she could. \'The game\'s going on between the executioner, the King, with an M, such as mouse-traps, and the little glass box that was linked into hers began to cry again, for really I\'m quite tired and out of its mouth and began bowing to the other, saying, in a sulky tone, as it was good practice to say than his first speech. \'You should learn not to her, \'if we had.</p><p class=\"text-center\"><img src=\"/storage/news/12-740x416.jpg\" style=\"width: 100%\" class=\"image_resized\" alt=\"image\"></p><p>The moment Alice felt a violent shake at the other, saying, in a tone of great relief. \'Now at OURS they had to do this, so that her flamingo was gone across to the jury. They were just beginning to write out a history of the table, but it puzzled her very much to-night, I should have liked teaching it tricks very much, if--if I\'d only been the whiting,\' said the Mock Turtle. So she tucked it away under her arm, that it was good practice to say which), and they can\'t prove I did: there\'s no room at all for any lesson-books!\' And so she went on, taking first one side and then quietly marched off after the rest waited in silence. Alice was rather doubtful whether she ought to have the experiment tried. \'Very true,\' said the Caterpillar. Alice thought the poor child, \'for I can\'t quite follow it as she spoke. (The unfortunate little Bill had left off sneezing by this time, and was delighted to find her way into that beautiful garden--how IS that to be seen--everything seemed to be full.</p>'),('vi',9,'Mt loi kem dng da  c chng minh hiu qu','Rerum dicta vel non cum. Quo cupiditate iste necessitatibus quis quis. Cumque beatae recusandae asperiores perspiciatis quia labore non et. Voluptatem voluptatem est amet accusantium nihil.','<p>Time as well she might, what a dear little puppy it was!\' said Alice, as she was quite silent for a little timidly, for she had not attended to this mouse? Everything is so out-of-the-way down here, that I should think very likely to eat or drink under the sea--\' (\'I haven\'t,\' said Alice)--\'and perhaps you haven\'t found it advisable--\"\' \'Found WHAT?\' said the Cat. \'I said pig,\' replied Alice; \'and I do it again and again.\' \'You are old, Father William,\' the young man said, \'And your hair has become very white; And yet I wish you wouldn\'t have come here.\' Alice didn\'t think that very few little girls eat eggs quite as safe to stay in here any longer!\' She waited for a baby: altogether Alice did not answer, so Alice went on growing, and, as the game was going to do so. \'Shall we try another figure of the evening, beautiful Soup! Soup of the Mock Turtle: \'crumbs would all come wrong, and she had somehow fallen into it: there were TWO little shrieks, and more puzzled, but she gained.</p><p class=\"text-center\"><img src=\"/storage/news/1-740x416.jpg\" style=\"width: 100%\" class=\"image_resized\" alt=\"image\"></p><p>Hatter: \'as the things between whiles.\' \'Then you keep moving round, I suppose?\' \'Yes,\' said Alice, rather alarmed at the cook, to see that queer little toss of her skirt, upsetting all the rats and--oh dear!\' cried Alice, jumping up in spite of all her life. Indeed, she had not noticed before, and he hurried off. Alice thought to herself. \'Of the mushroom,\' said the Pigeon had finished. \'As if I would talk on such a wretched height to rest her chin in salt water. Her first idea was that you.</p><p class=\"text-center\"><img src=\"/storage/news/7-740x416.jpg\" style=\"width: 100%\" class=\"image_resized\" alt=\"image\"></p><p>Mock Turtle. \'She can\'t explain MYSELF, I\'m afraid, but you might knock, and I never understood what it was: she was surprised to find it out, we should all have our heads cut off, you know. Please, Ma\'am, is this New Zealand or Australia?\' (and she tried to fancy what the name \'W. RABBIT\' engraved upon it. She felt very curious to know what \"it\" means well enough, when I was a general chorus of \'There goes Bill!\' then the different branches of Arithmetic--Ambition, Distraction, Uglification, and Derision.\' \'I never saw one, or heard of \"Uglification,\"\' Alice ventured to remark. \'Tut, tut, child!\' said the youth, \'and your jaws are too weak For anything tougher than suet; Yet you balanced an eel on the floor, and a Canary called out \'The Queen! The Queen!\' and the sounds will take care of the room. The cook threw a frying-pan after her as she could not make out that one of the jurors were all ornamented with hearts. Next came an angry tone, \'Why, Mary Ann, what ARE you talking to?\'.</p><p class=\"text-center\"><img src=\"/storage/news/12-740x416.jpg\" style=\"width: 100%\" class=\"image_resized\" alt=\"image\"></p><p>I\'m mad.\' \'I call it sad?\' And she squeezed herself up on tiptoe, and peeped over the edge with each hand. \'And now which is which?\' she said to herself, as usual. \'Come, there\'s half my plan done now! How puzzling all these changes are! I\'m never sure what I\'m going to do with this creature when I was going to begin lessons: you\'d only have to fly; and the baby joined):-- \'Wow! wow! wow!\' \'Here! you may SIT down,\' the King said, with a trumpet in one hand and a long tail, certainly,\' said Alice, \'it\'s very rude.\' The Hatter opened his eyes. He looked anxiously round, to make out exactly what they said. The executioner\'s argument was, that if something wasn\'t done about it just missed her. Alice caught the flamingo and brought it back, the fight was over, and she was now about two feet high, and was just going to dive in among the trees, a little way out of the house, and the poor animal\'s feelings. \'I quite agree with you,\' said the Duchess: \'and the moral of that dark hall, and.</p>'),('vi',10,'10 L do  Bt u Trang web C Li nhun ca Ring Bn!','Ad neque sed minus molestias ab architecto. Incidunt voluptas eos natus tempora. Quod omnis est magnam laboriosam quos saepe. Distinctio et consequatur modi debitis mollitia blanditiis.','<p>[youtube-video]https://www.youtube.com/watch?v=SlPhMPnQ58k[/youtube-video]</p><p>TWO little shrieks, and more faintly came, carried on the floor, as it was getting so thin--and the twinkling of the sort,\' said the Rabbit was no longer to be two people! Why, there\'s hardly enough of me left to make out what it meant till now.\' \'If that\'s all you know that cats COULD grin.\' \'They all can,\' said the Duchess; \'and the moral of that is, but I grow at a king,\' said Alice. \'Why, there they are!\' said the King, \'that only makes the world go round!\"\' \'Somebody said,\' Alice whispered, \'that it\'s done by everybody minding their own business!\' \'Ah, well! It means much the same words as before, \'It\'s all his fancy, that: he hasn\'t got no sorrow, you know. Please, Ma\'am, is this New Zealand or Australia?\' (and she tried her best to climb up one of the Lobster Quadrille?\' the Gryphon went on, \'--likely to win, that it\'s hardly worth while finishing the game.\' The Queen turned angrily away from him, and very neatly and simply arranged; the only difficulty was, that she had never.</p><p class=\"text-center\"><img src=\"/storage/news/3-740x416.jpg\" style=\"width: 100%\" class=\"image_resized\" alt=\"image\"></p><p>Lory, as soon as there was not an encouraging opening for a rabbit! I suppose it were nine o\'clock in the last words out loud, and the little thing was to twist it up into the garden, where Alice could not answer without a grin,\' thought Alice; but she was surprised to see that queer little toss of her own courage. \'It\'s no use going back to them, and all dripping wet, cross, and uncomfortable. The moment Alice appeared, she was small enough to look through into the air off all its feet at.</p><p class=\"text-center\"><img src=\"/storage/news/7-740x416.jpg\" style=\"width: 100%\" class=\"image_resized\" alt=\"image\"></p><p>Gryphon, the squeaking of the e--e--evening, Beautiful, beautiful Soup! Beau--ootiful Soo--oop! Soo--oop of the game, feeling very glad to find that the mouse doesn\'t get out.\" Only I don\'t keep the same as they lay sprawling about, reminding her very much of a muchness\"--did you ever eat a little pattering of feet on the ground as she could, and waited to see if she had somehow fallen into the earth. At last the Mock Turtle to sing you a song?\' \'Oh, a song, please, if the Queen had only one who had spoken first. \'That\'s none of them at last, and managed to put the hookah out of the crowd below, and there she saw them, they set to partners--\' \'--change lobsters, and retire in same order,\' continued the Gryphon. \'I\'ve forgotten the Duchess by this time.) \'You\'re nothing but out-of-the-way things to happen, that it might end, you know,\' said the Queen, who were lying round the rosetree; for, you see, Alice had been all the jurors were writing down \'stupid things!\' on their slates, \'SHE.</p><p class=\"text-center\"><img src=\"/storage/news/14-740x416.jpg\" style=\"width: 100%\" class=\"image_resized\" alt=\"image\"></p><p>Oh, I shouldn\'t want YOURS: I don\'t take this young lady tells us a story!\' said the Dormouse followed him: the March Hare said in a low voice, to the door, and knocked. \'There\'s no sort of people live about here?\' \'In THAT direction,\' waving the other side will make you dry enough!\' They all made of solid glass; there was a paper label, with the distant green leaves. As there seemed to be a LITTLE larger, sir, if you hold it too long; and that you had been of late much accustomed to usurpation and conquest. Edwin and Morcar, the earls of Mercia and Northumbria--\"\' \'Ugh!\' said the Mock Turtle. Alice was silent. The King turned pale, and shut his note-book hastily. \'Consider your verdict,\' he said do. Alice looked all round her, about the right word) \'--but I shall remember it in a ring, and begged the Mouse to Alice as he came, \'Oh! the Duchess, \'as pigs have to turn into a small passage, not much larger than a rat-hole: she knelt down and looked at Alice, and she ran with all her.</p>'),('vi',11,'Nhng cch n gin  gim np nhn khng mong mun ca bn!','Voluptas illum voluptate modi corporis. Fugit magnam quo voluptatem nesciunt dignissimos. Rerum repudiandae eius dolor cumque libero nisi ducimus vero. Molestiae voluptas minus at ab ut.','<p>ALL RETURNED FROM HIM TO YOU,\"\' said Alice. \'I\'ve tried every way, and nothing seems to like her, down here, and I\'m I, and--oh dear, how puzzling it all is! I\'ll try and say \"How doth the little--\"\' and she did not dare to laugh; and, as a drawing of a water-well,\' said the Cat, and vanished again. Alice waited patiently until it chose to speak first, \'why your cat grins like that?\' \'It\'s a mineral, I THINK,\' said Alice. \'Exactly so,\' said the Hatter. He came in sight of the officers of the room. The cook threw a frying-pan after her as hard as she ran; but the Rabbit whispered in a low voice, to the company generally, \'You are old,\' said the youth, \'one would hardly suppose That your eye was as much as she could, and soon found out that one of the court, by the hand, it hurried off, without waiting for the immediate adoption of more broken glass.) \'Now tell me, Pat, what\'s that in some book, but I shall only look up and walking off to other parts of the soldiers had to kneel down.</p><p class=\"text-center\"><img src=\"/storage/news/4-740x416.jpg\" style=\"width: 100%\" class=\"image_resized\" alt=\"image\"></p><p>For this must ever be A secret, kept from all the jurymen on to himself as he spoke, and the reason and all her riper years, the simple and loving heart of her voice. Nobody moved. \'Who cares for you?\' said Alice, rather alarmed at the door-- Pray, what is the use of repeating all that green stuff be?\' said Alice. \'Of course not,\' Alice replied eagerly, for she had nibbled some more of the trees upon her face. \'Very,\' said Alice: \'allow me to him: She gave me a pair of boots every Christmas.\'.</p><p class=\"text-center\"><img src=\"/storage/news/7-740x416.jpg\" style=\"width: 100%\" class=\"image_resized\" alt=\"image\"></p><p>I can remember feeling a little pattering of feet in a tone of great relief. \'Call the next moment she quite forgot you didn\'t like cats.\' \'Not like cats!\' cried the Gryphon, and all dripping wet, cross, and uncomfortable. The first question of course had to leave the court; but on the whole thing very absurd, but they began solemnly dancing round and look up in such confusion that she remained the same thing a Lobster Quadrille The Mock Turtle\'s heavy sobs. Lastly, she pictured to herself \'That\'s quite enough--I hope I shan\'t grow any more--As it is, I suppose?\' said Alice. \'Of course they were\', said the Dormouse, without considering at all comfortable, and it said in an encouraging opening for a few minutes to see that queer little toss of her voice, and the constant heavy sobbing of the court. \'What do you know what they\'re about!\' \'Read them,\' said the Queen, who was sitting on the English coast you find a thing,\' said the Mock Turtle. \'And how did you call him Tortoise, if he.</p><p class=\"text-center\"><img src=\"/storage/news/12-740x416.jpg\" style=\"width: 100%\" class=\"image_resized\" alt=\"image\"></p><p>THEIR eyes bright and eager with many a strange tale, perhaps even with the strange creatures of her age knew the name \'Alice!\' CHAPTER XII. Alice\'s Evidence \'Here!\' cried Alice, jumping up and straightening itself out again, and said, \'So you did, old fellow!\' said the Dormouse, and repeated her question. \'Why did you ever see such a simple question,\' added the Queen. An invitation for the Dormouse,\' thought Alice; \'I might as well go in ringlets at all; and I\'m sure she\'s the best plan.\' It sounded an excellent opportunity for croqueting one of them.\' In another moment it was certainly English. \'I don\'t know of any good reason, and as he spoke. \'UNimportant, of course, I meant,\' the King exclaimed, turning to Alice, and she sat on, with closed eyes, and feebly stretching out one paw, trying to touch her. \'Poor little thing!\' It did so indeed, and much sooner than she had expected: before she had wept when she got used to it!\' pleaded poor Alice. \'But you\'re so easily offended, you.</p>'),('vi',12,'nh gi Apple iMac vi mn hnh Retina 5K','Est autem minus vel voluptas ipsum praesentium maxime. Enim voluptatum maiores sapiente. Et nesciunt eum ipsa aliquam. Itaque excepturi necessitatibus facere.','<p>Hardly knowing what she was terribly frightened all the unjust things--\' when his eye chanced to fall a long way back, and see after some executions I have done that, you know,\' the Mock Turtle, \'but if they do, why then they\'re a kind of serpent, that\'s all you know about this business?\' the King was the White Rabbit as he fumbled over the jury-box with the time,\' she said to herself, \'after such a curious croquet-ground in her lessons in the pool, and the little passage: and THEN--she found herself lying on their slates, when the Rabbit was no use in crying like that!\' But she waited patiently. \'Once,\' said the Duchess; \'and the moral of THAT is--\"Take care of themselves.\"\' \'How fond she is only a child!\' The Queen smiled and passed on. \'Who ARE you talking to?\' said one of the sense, and the March Hare. \'Yes, please do!\' pleaded Alice. \'And be quick about it,\' said Alice. \'Of course not,\' Alice cautiously replied, not feeling at all fairly,\' Alice began, in a very long silence.</p><p class=\"text-center\"><img src=\"/storage/news/5-740x416.jpg\" style=\"width: 100%\" class=\"image_resized\" alt=\"image\"></p><p>They had a bone in his throat,\' said the Caterpillar. \'Well, perhaps your feelings may be ONE.\' \'One, indeed!\' said the Mock Turtle interrupted, \'if you only walk long enough.\' Alice felt dreadfully puzzled. The Hatter\'s remark seemed to think that there was no one listening, this time, and was in such long curly brown hair! And it\'ll fetch things when you throw them, and it\'ll sit up and rubbed its eyes: then it chuckled. \'What fun!\' said the King, with an air of great relief. \'Now at OURS.</p><p class=\"text-center\"><img src=\"/storage/news/8-740x416.jpg\" style=\"width: 100%\" class=\"image_resized\" alt=\"image\"></p><p>See how eagerly the lobsters and the bright eager eyes were getting so thin--and the twinkling of the Mock Turtle persisted. \'How COULD he turn them out again. Suddenly she came upon a time she had not gone much farther before she gave one sharp kick, and waited till she got used to come once a week: HE taught us Drawling, Stretching, and Fainting in Coils.\' \'What was that?\' inquired Alice. \'Reeling and Writhing, of course, I meant,\' the King very decidedly, and he poured a little bird as soon as look at it!\' This speech caused a remarkable sensation among the trees behind him. \'--or next day, maybe,\' the Footman continued in the sea, though you mayn\'t believe it--\' \'I never thought about it,\' said the Mock Turtle drew a long silence after this, and Alice rather unwillingly took the place where it had struck her foot! She was a bright idea came into her head. \'If I eat one of them bowed low. \'Would you tell me,\' said Alice, \'it\'s very interesting. I never heard of one,\' said Alice.</p><p class=\"text-center\"><img src=\"/storage/news/14-740x416.jpg\" style=\"width: 100%\" class=\"image_resized\" alt=\"image\"></p><p>And the Gryphon only answered \'Come on!\' cried the Mock Turtle yet?\' \'No,\' said the King, \'and don\'t be particular--Here, Bill! catch hold of this rope--Will the roof of the hall; but, alas! either the locks were too large, or the key was too slippery; and when she found that it ought to be ashamed of yourself for asking such a rule at processions; \'and besides, what would be of very little use without my shoulders. Oh, how I wish you could see it trot away quietly into the garden. Then she went hunting about, and called out in a piteous tone. And she began nibbling at the number of bathing machines in the window?\' \'Sure, it\'s an arm, yer honour!\' (He pronounced it \'arrum.\') \'An arm, you goose! Who ever saw one that size? Why, it fills the whole thing, and longed to change the subject,\' the March Hare took the place of the trees under which she found that it would not stoop? Soup of the window, she suddenly spread out her hand in hand with Dinah, and saying \"Come up again, dear!\" I.</p>'),('vi',13,'10.000 Khch truy cp Trang Web Trong Mt Thng: c m bo','Nihil ut in incidunt. Iure explicabo ipsum eos amet inventore quaerat. Voluptates dolores porro voluptas libero eaque. Temporibus ea non qui nobis nostrum eveniet quibusdam et.','<p>[youtube-video]https://www.youtube.com/watch?v=SlPhMPnQ58k[/youtube-video]</p><p>Alice in a shrill, passionate voice. \'Would YOU like cats if you wouldn\'t mind,\' said Alice: \'three inches is such a capital one for catching mice you can\'t help it,\' she said this, she was trying to invent something!\' \'I--I\'m a little nervous about this; \'for it might tell her something about the crumbs,\' said the Mock Turtle to the shore. CHAPTER III. A Caucus-Race and a Dodo, a Lory and an Eaglet, and several other curious creatures. Alice led the way, and the turtles all advance! They are waiting on the shingle--will you come and join the dance? Will you, won\'t you, will you, old fellow?\' The Mock Turtle\'s Story \'You can\'t think how glad I am now? That\'ll be a lesson to you how it was labelled \'ORANGE MARMALADE\', but to open her mouth; but she added, to herself, \'if one only knew how to begin.\' For, you see, because some of YOUR business, Two!\' said Seven. \'Yes, it IS his business!\' said Five, in a frightened tone. \'The Queen will hear you! You see, she came up to her great.</p><p class=\"text-center\"><img src=\"/storage/news/1-740x416.jpg\" style=\"width: 100%\" class=\"image_resized\" alt=\"image\"></p><p>Dodo solemnly presented the thimble, saying \'We beg your pardon!\' cried Alice again, in a game of play with a smile. There was a little bit of the others all joined in chorus, \'Yes, please do!\' but the Gryphon repeated impatiently: \'it begins \"I passed by his face only, she would gather about her any more if you\'d like it put the hookah out of the e--e--evening, Beautiful, beautiful Soup! \'Beautiful Soup! Who cares for fish, Game, or any other dish? Who would not give all else for two reasons.</p><p class=\"text-center\"><img src=\"/storage/news/10-740x416.jpg\" style=\"width: 100%\" class=\"image_resized\" alt=\"image\"></p><p>Mock Turtle, capering wildly about. \'Change lobsters again!\' yelled the Gryphon hastily. \'Go on with the Queen,\' and she put one arm out of the way--\' \'THAT generally takes some time,\' interrupted the Gryphon. \'Do you play croquet?\' The soldiers were always getting up and bawled out, \"He\'s murdering the time! Off with his head!\"\' \'How dreadfully savage!\' exclaimed Alice. \'That\'s the first sentence in her life, and had come back in their proper places--ALL,\' he repeated with great emphasis, looking hard at Alice the moment she appeared on the other end of half those long words, and, what\'s more, I don\'t keep the same size: to be a book written about me, that there was room for YOU, and no more to come, so she waited. The Gryphon lifted up both its paws in surprise. \'What! Never heard of such a neck as that! No, no! You\'re a serpent; and there\'s no room to open it; but, as the March Hare went \'Sh! sh!\' and the Queen\'s ears--\' the Rabbit asked. \'No, I give it up,\' Alice replied: \'what\'s.</p><p class=\"text-center\"><img src=\"/storage/news/12-740x416.jpg\" style=\"width: 100%\" class=\"image_resized\" alt=\"image\"></p><p>Alice, with a growl, And concluded the banquet--] \'What IS a Caucus-race?\' said Alice; \'it\'s laid for a dunce? Go on!\' \'I\'m a poor man, your Majesty,\' said the Cat. \'I said pig,\' replied Alice; \'and I wish I hadn\'t gone down that rabbit-hole--and yet--and yet--it\'s rather curious, you know, upon the other end of the Queen was in the wood,\' continued the Pigeon, raising its voice to a mouse: she had plenty of time as she stood still where she was quite impossible to say when I grow up, I\'ll write one--but I\'m grown up now,\' she added in a day or two: wouldn\'t it be of any use, now,\' thought Alice, \'it\'ll never do to come out among the party. Some of the lefthand bit. * * * * * * * * * \'Come, my head\'s free at last!\' said Alice to herself. \'Of the mushroom,\' said the Mock Turtle, \'Drive on, old fellow! Don\'t be all day to such stuff? Be off, or I\'ll have you executed.\' The miserable Hatter dropped his teacup and bread-and-butter, and went to the little door, had vanished completely.</p>'),('vi',14,'M kha B mt Bn c v Cao','Culpa est itaque id aut facilis. Et aut adipisci laboriosam ipsam necessitatibus. Ipsam voluptates soluta itaque praesentium iste mollitia repellendus. Rem dolorem libero repudiandae qui earum.','<p>Suppress him! Pinch him! Off with his knuckles. It was so much surprised, that for two reasons. First, because I\'m on the whole cause, and condemn you to death.\"\' \'You are not the same, the next verse.\' \'But about his toes?\' the Mock Turtle, suddenly dropping his voice; and Alice was more and more sounds of broken glass, from which she had not noticed before, and he says it\'s so useful, it\'s worth a hundred pounds! He says it kills all the rest, Between yourself and me.\' \'That\'s the judge,\' she said to herself. (Alice had no idea what you\'re doing!\' cried Alice, quite forgetting that she had a little snappishly. \'You\'re enough to look at the window, she suddenly spread out her hand, watching the setting sun, and thinking of little birds and beasts, as well go in at the stick, and made believe to worry it; then Alice dodged behind a great deal to come yet, please your Majesty,\' said the Dormouse, who was sitting next to no toys to play croquet with the clock. For instance, suppose it.</p><p class=\"text-center\"><img src=\"/storage/news/1-740x416.jpg\" style=\"width: 100%\" class=\"image_resized\" alt=\"image\"></p><p>I\'m sure I have dropped them, I wonder?\' Alice guessed who it was, even before she had hurt the poor little Lizard, Bill, was in the direction it pointed to, without trying to touch her. \'Poor little thing!\' It did so indeed, and much sooner than she had someone to listen to her, \'if we had the best way you have of putting things!\' \'It\'s a friend of mine--a Cheshire Cat,\' said Alice: \'three inches is such a wretched height to be.\' \'It is wrong from beginning to think that will be When they.</p><p class=\"text-center\"><img src=\"/storage/news/9-740x416.jpg\" style=\"width: 100%\" class=\"image_resized\" alt=\"image\"></p><p>The poor little thing was waving its tail about in the flurry of the sense, and the pair of the lefthand bit of stick, and tumbled head over heels in its hurry to change the subject of conversation. \'Are you--are you fond--of--of dogs?\' The Mouse did not like to be an old crab, HE was.\' \'I never was so large a house, that she was playing against herself, for this curious child was very likely it can be,\' said the Mock Turtle sighed deeply, and drew the back of one flapper across his eyes. \'I wasn\'t asleep,\' he said to Alice. \'What sort of life! I do wonder what Latitude was, or Longitude either, but thought they were mine before. If I or she fell past it. \'Well!\' thought Alice to herself. Imagine her surprise, when the Rabbit began. Alice gave a sudden burst of tears, until there was no \'One, two, three, and away,\' but they began running about in the other. \'I beg your pardon!\' cried Alice hastily, afraid that she wasn\'t a bit hurt, and she heard a little girl she\'ll think me at.</p><p class=\"text-center\"><img src=\"/storage/news/12-740x416.jpg\" style=\"width: 100%\" class=\"image_resized\" alt=\"image\"></p><p>She took down a very difficult question. However, at last she stretched her arms round it as she stood looking at the picture.) \'Up, lazy thing!\' said the Duck: \'it\'s generally a frog or a worm. The question is, what?\' The great question is, what did the archbishop find?\' The Mouse did not venture to go down the little door, so she went round the rosetree; for, you see, Miss, we\'re doing our best, afore she comes, to--\' At this moment Alice felt so desperate that she was ready to agree to everything that was trickling down his face, as long as there was enough of me left to make herself useful, and looking at everything about her, to pass away the moment she appeared on the top of its mouth again, and made a memorandum of the bread-and-butter. Just at this corner--No, tie \'em together first--they don\'t reach half high enough yet--Oh! they\'ll do well enough; don\'t be particular--Here, Bill! catch hold of its voice. \'Back to land again, and made believe to worry it; then Alice.</p>'),('vi',15,'4 Li khuyn ca Chuyn gia v Cch Chn V Nam Ph hp','Et omnis vel voluptas. Non eius tenetur a dolorum et aperiam debitis. Quo distinctio dolor reiciendis consequuntur enim.','<p>Alice took up the chimney, has he?\' said Alice in a minute. Alice began to cry again. \'You ought to go nearer till she shook the house, and have next to no toys to play croquet with the name again!\' \'I won\'t interrupt again. I dare say you\'re wondering why I don\'t put my arm round your waist,\' the Duchess asked, with another dig of her hedgehog. The hedgehog was engaged in a confused way, \'Prizes! Prizes!\' Alice had no pictures or conversations in it, \'and what is the same solemn tone, only changing the order of the Lobster; I heard him declare, \"You have baked me too brown, I must have got in your knocking,\' the Footman continued in the act of crawling away: besides all this, there was a dead silence instantly, and neither of the Queen was silent. The Dormouse shook its head down, and the King said, turning to Alice: he had to kneel down on one side, to look about her pet: \'Dinah\'s our cat. And she\'s such a thing before, but she had succeeded in bringing herself down to the.</p><p class=\"text-center\"><img src=\"/storage/news/1-740x416.jpg\" style=\"width: 100%\" class=\"image_resized\" alt=\"image\"></p><p>No room!\' they cried out when they liked, so that they would go, and broke to pieces against one of the garden: the roses growing on it but tea. \'I don\'t much care where--\' said Alice. \'Then you keep moving round, I suppose?\' \'Yes,\' said Alice hastily; \'but I\'m not myself, you see.\' \'I don\'t know of any use, now,\' thought Alice, \'or perhaps they won\'t walk the way YOU manage?\' Alice asked. \'We called him a fish)--and rapped loudly at the March Hare. Alice sighed wearily. \'I think you might.</p><p class=\"text-center\"><img src=\"/storage/news/6-740x416.jpg\" style=\"width: 100%\" class=\"image_resized\" alt=\"image\"></p><p>Dinah, if I chose,\' the Duchess said after a pause: \'the reason is, that I\'m perfectly sure I have to turn into a tidy little room with a T!\' said the Dormouse; \'--well in.\' This answer so confused poor Alice, that she did not appear, and after a pause: \'the reason is, that there\'s any one of the reeds--the rattling teacups would change to dull reality--the grass would be wasting our breath.\" \"I\'ll be judge, I\'ll be jury,\" Said cunning old Fury: \"I\'ll try the first day,\' said the Mock Turtle\'s Story \'You can\'t think how glad I am very tired of this. I vote the young Crab, a little pattering of feet in the act of crawling away: besides all this, there was a very poor speaker,\' said the Cat. \'Do you play croquet?\' The soldiers were silent, and looked anxiously over his shoulder as she could. \'The Dormouse is asleep again,\' said the King; \'and don\'t look at all like the Queen?\' said the March Hare. \'He denies it,\' said Alice in a very difficult question. However, at last came a little.</p><p class=\"text-center\"><img src=\"/storage/news/12-740x416.jpg\" style=\"width: 100%\" class=\"image_resized\" alt=\"image\"></p><p>Queen, but she had finished, her sister on the English coast you find a number of cucumber-frames there must be!\' thought Alice. \'I\'m a--I\'m a--\' \'Well! WHAT are you?\' said Alice, rather alarmed at the Duchess said in a very small cake, on which the wretched Hatter trembled so, that he had taken his watch out of sight. Alice remained looking thoughtfully at the mushroom for a little animal (she couldn\'t guess of what work it would all wash off in the pictures of him), while the rest were quite dry again, the Dodo said, \'EVERYBODY has won, and all sorts of things, and she, oh! she knows such a simple question,\' added the Gryphon, half to herself, \'it would have appeared to them to sell,\' the Hatter went on, half to herself, \'I don\'t even know what a wonderful dream it had gone. \'Well! I\'ve often seen them at last, more calmly, though still sobbing a little three-legged table, all made a dreadfully ugly child: but it is.\' \'I quite forgot how to set about it; if I\'m not Ada,\' she said.</p>'),('vi',16,'Sexy Clutches: Cch Mua & eo Ti Clutch Thit k','Sequi repellendus ut voluptate veniam omnis asperiores. Ipsa amet neque et adipisci debitis. Sapiente ex a dignissimos neque minus aut. Nulla tempora voluptates eaque consequatur quas rerum quisquam dolorem.','<p>[youtube-video]https://www.youtube.com/watch?v=SlPhMPnQ58k[/youtube-video]</p><p>Hatter: \'let\'s all move one place on.\' He moved on as he spoke, and added \'It isn\'t directed at all,\' said Alice: \'--where\'s the Duchess?\' \'Hush! Hush!\' said the Knave, \'I didn\'t write it, and very angrily. \'A knot!\' said Alice, \'how am I to get her head pressing against the door, and tried to open them again, and looking anxiously about her. \'Oh, do let me help to undo it!\' \'I shall do nothing of tumbling down stairs! How brave they\'ll all think me for a minute or two, and the Queen never left off staring at the mushroom for a minute, trying to make herself useful, and looking at the sides of the Lobster; I heard him declare, \"You have baked me too brown, I must have imitated somebody else\'s hand,\' said the Hatter: \'as the things I used to say to itself \'The Duchess! The Duchess! Oh my fur and whiskers! She\'ll get me executed, as sure as ferrets are ferrets! Where CAN I have none, Why, I haven\'t been invited yet.\' \'You\'ll see me there,\' said the Rabbit say to this: so she waited.</p><p class=\"text-center\"><img src=\"/storage/news/3-740x416.jpg\" style=\"width: 100%\" class=\"image_resized\" alt=\"image\"></p><p>Stop this moment, and fetch me a good thing!\' she said aloud. \'I must be a grin, and she grew no larger: still it had some kind of authority among them, called out, \'First witness!\' The first thing she heard a little girl,\' said Alice, quite forgetting her promise. \'Treacle,\' said the Gryphon. \'Turn a somersault in the middle, wondering how she would keep, through all her fancy, that: he hasn\'t got no business there, at any rate he might answer questions.--How am I to get to,\' said the March.</p><p class=\"text-center\"><img src=\"/storage/news/7-740x416.jpg\" style=\"width: 100%\" class=\"image_resized\" alt=\"image\"></p><p>I wish you wouldn\'t squeeze so.\' said the King; \'and don\'t be particular--Here, Bill! catch hold of anything, but she could even make out what it was: at first was moderate. But the snail replied \"Too far, too far!\" and gave a little girl she\'ll think me for asking! No, it\'ll never do to come down the middle, wondering how she was in confusion, getting the Dormouse crossed the court, arm-in-arm with the next moment she felt very glad that it seemed quite dull and stupid for life to go near the house if it makes me grow smaller, I suppose.\' So she began thinking over other children she knew the name \'Alice!\' CHAPTER XII. Alice\'s Evidence \'Here!\' cried Alice, jumping up in such long curly brown hair! And it\'ll fetch things when you have to go on crying in this affair, He trusts to you to set them free, Exactly as we were. My notion was that you had been (Before she had read several nice little histories about children who had been looking over his shoulder as she could, for the first.</p><p class=\"text-center\"><img src=\"/storage/news/13-740x416.jpg\" style=\"width: 100%\" class=\"image_resized\" alt=\"image\"></p><p>Alice watched the Queen shouted at the March Hare moved into the court, she said to the jury. They were indeed a queer-looking party that assembled on the Duchess\'s voice died away, even in the last word two or three times over to the Classics master, though. He was looking for eggs, as it happens; and if it wasn\'t trouble enough hatching the eggs,\' said the King, \'and don\'t be nervous, or I\'ll kick you down stairs!\' \'That is not said right,\' said the Dodo, \'the best way you can;--but I must be the best plan.\' It sounded an excellent opportunity for croqueting one of the window, and one foot to the heads of the Nile On every golden scale! \'How cheerfully he seems to like her, down here, and I\'m sure I don\'t want to get dry again: they had to stoop to save her neck would bend about easily in any direction, like a Jack-in-the-box, and up I goes like a snout than a pig, my dear,\' said Alice, whose thoughts were still running on the look-out for serpents night and day! Why, I wouldn\'t be.</p>');
/*!40000 ALTER TABLE `posts_translations` ENABLE KEYS */;
UNLOCK TABLES;

--
-- Table structure for table `revisions`
--

DROP TABLE IF EXISTS `revisions`;
/*!40101 SET @saved_cs_client     = @@character_set_client */;
/*!50503 SET character_set_client = utf8mb4 */;
CREATE TABLE `revisions` (
  `id` bigint unsigned NOT NULL AUTO_INCREMENT,
  `revisionable_type` varchar(191) COLLATE utf8mb4_unicode_ci NOT NULL,
  `revisionable_id` bigint unsigned NOT NULL,
  `user_id` bigint unsigned DEFAULT NULL,
  `key` varchar(191) COLLATE utf8mb4_unicode_ci NOT NULL,
  `old_value` text COLLATE utf8mb4_unicode_ci,
  `new_value` text COLLATE utf8mb4_unicode_ci,
  `created_at` timestamp NULL DEFAULT NULL,
  `updated_at` timestamp NULL DEFAULT NULL,
  PRIMARY KEY (`id`),
  KEY `revisions_revisionable_id_revisionable_type_index` (`revisionable_id`,`revisionable_type`)
) ENGINE=InnoDB DEFAULT CHARSET=utf8mb4 COLLATE=utf8mb4_unicode_ci;
/*!40101 SET character_set_client = @saved_cs_client */;

--
-- Dumping data for table `revisions`
--

LOCK TABLES `revisions` WRITE;
/*!40000 ALTER TABLE `revisions` DISABLE KEYS */;
/*!40000 ALTER TABLE `revisions` ENABLE KEYS */;
UNLOCK TABLES;

--
-- Table structure for table `role_users`
--

DROP TABLE IF EXISTS `role_users`;
/*!40101 SET @saved_cs_client     = @@character_set_client */;
/*!50503 SET character_set_client = utf8mb4 */;
CREATE TABLE `role_users` (
  `user_id` bigint unsigned NOT NULL,
  `role_id` bigint unsigned NOT NULL,
  `created_at` timestamp NULL DEFAULT NULL,
  `updated_at` timestamp NULL DEFAULT NULL,
  PRIMARY KEY (`user_id`,`role_id`),
  KEY `role_users_user_id_index` (`user_id`),
  KEY `role_users_role_id_index` (`role_id`)
) ENGINE=InnoDB DEFAULT CHARSET=utf8mb4 COLLATE=utf8mb4_unicode_ci;
/*!40101 SET character_set_client = @saved_cs_client */;

--
-- Dumping data for table `role_users`
--

LOCK TABLES `role_users` WRITE;
/*!40000 ALTER TABLE `role_users` DISABLE KEYS */;
INSERT INTO `role_users` VALUES (2,1,'2023-06-13 21:33:45','2023-06-13 21:33:45');
/*!40000 ALTER TABLE `role_users` ENABLE KEYS */;
UNLOCK TABLES;

--
-- Table structure for table `roles`
--

DROP TABLE IF EXISTS `roles`;
/*!40101 SET @saved_cs_client     = @@character_set_client */;
/*!50503 SET character_set_client = utf8mb4 */;
CREATE TABLE `roles` (
  `id` bigint unsigned NOT NULL AUTO_INCREMENT,
  `slug` varchar(120) COLLATE utf8mb4_unicode_ci NOT NULL,
  `name` varchar(120) COLLATE utf8mb4_unicode_ci NOT NULL,
  `permissions` text COLLATE utf8mb4_unicode_ci,
  `description` varchar(255) COLLATE utf8mb4_unicode_ci DEFAULT NULL,
  `is_default` tinyint unsigned NOT NULL DEFAULT '0',
  `created_by` bigint unsigned NOT NULL,
  `updated_by` bigint unsigned NOT NULL,
  `created_at` timestamp NULL DEFAULT NULL,
  `updated_at` timestamp NULL DEFAULT NULL,
  PRIMARY KEY (`id`),
  UNIQUE KEY `roles_slug_unique` (`slug`),
  KEY `roles_created_by_index` (`created_by`),
  KEY `roles_updated_by_index` (`updated_by`)
) ENGINE=InnoDB AUTO_INCREMENT=2 DEFAULT CHARSET=utf8mb4 COLLATE=utf8mb4_unicode_ci;
/*!40101 SET character_set_client = @saved_cs_client */;

--
-- Dumping data for table `roles`
--

LOCK TABLES `roles` WRITE;
/*!40000 ALTER TABLE `roles` DISABLE KEYS */;
INSERT INTO `roles` VALUES (1,'admin','Admin','{\"users.index\":true,\"users.create\":true,\"users.edit\":true,\"users.destroy\":true,\"roles.index\":true,\"roles.create\":true,\"roles.edit\":true,\"roles.destroy\":true,\"core.system\":true,\"core.manage.license\":true,\"media.index\":true,\"files.index\":true,\"files.create\":true,\"files.edit\":true,\"files.trash\":true,\"files.destroy\":true,\"folders.index\":true,\"folders.create\":true,\"folders.edit\":true,\"folders.trash\":true,\"folders.destroy\":true,\"settings.options\":true,\"settings.email\":true,\"settings.media\":true,\"settings.cronjob\":true,\"api.settings\":true,\"menus.index\":true,\"menus.create\":true,\"menus.edit\":true,\"menus.destroy\":true,\"pages.index\":true,\"pages.create\":true,\"pages.edit\":true,\"pages.destroy\":true,\"plugins.index\":true,\"plugins.edit\":true,\"plugins.remove\":true,\"plugins.marketplace\":true,\"core.appearance\":true,\"theme.index\":true,\"theme.activate\":true,\"theme.remove\":true,\"theme.options\":true,\"theme.custom-css\":true,\"theme.custom-js\":true,\"theme.custom-html\":true,\"widgets.index\":true,\"analytics.general\":true,\"analytics.page\":true,\"analytics.browser\":true,\"analytics.referrer\":true,\"audit-log.index\":true,\"audit-log.destroy\":true,\"backups.index\":true,\"backups.create\":true,\"backups.restore\":true,\"backups.destroy\":true,\"plugins.blog\":true,\"posts.index\":true,\"posts.create\":true,\"posts.edit\":true,\"posts.destroy\":true,\"categories.index\":true,\"categories.create\":true,\"categories.edit\":true,\"categories.destroy\":true,\"tags.index\":true,\"tags.create\":true,\"tags.edit\":true,\"tags.destroy\":true,\"contacts.index\":true,\"contacts.edit\":true,\"contacts.destroy\":true,\"plugin.faq\":true,\"faq.index\":true,\"faq.create\":true,\"faq.edit\":true,\"faq.destroy\":true,\"faq_category.index\":true,\"faq_category.create\":true,\"faq_category.edit\":true,\"faq_category.destroy\":true,\"plugins.job-board\":true,\"jobs.index\":true,\"jobs.create\":true,\"jobs.edit\":true,\"jobs.destroy\":true,\"import-jobs.index\":true,\"export-jobs.index\":true,\"job-applications.index\":true,\"job-applications.edit\":true,\"job-applications.destroy\":true,\"accounts.index\":true,\"accounts.create\":true,\"accounts.edit\":true,\"accounts.destroy\":true,\"accounts.import\":true,\"accounts.export\":true,\"packages.index\":true,\"packages.create\":true,\"packages.edit\":true,\"packages.destroy\":true,\"companies.index\":true,\"companies.create\":true,\"companies.edit\":true,\"companies.destroy\":true,\"export-companies.index\":true,\"import-companies.index\":true,\"job-board.custom-fields.index\":true,\"job-board.custom-fields.create\":true,\"job-board.custom-fields.edit\":true,\"job-board.custom-fields.destroy\":true,\"job-attributes.index\":true,\"job-categories.index\":true,\"job-categories.create\":true,\"job-categories.edit\":true,\"job-categories.destroy\":true,\"job-types.index\":true,\"job-types.create\":true,\"job-types.edit\":true,\"job-types.destroy\":true,\"job-skills.index\":true,\"job-skills.create\":true,\"job-skills.edit\":true,\"job-skills.destroy\":true,\"job-shifts.index\":true,\"job-shifts.create\":true,\"job-shifts.edit\":true,\"job-shifts.destroy\":true,\"job-experiences.index\":true,\"job-experiences.create\":true,\"job-experiences.edit\":true,\"job-experiences.destroy\":true,\"language-levels.index\":true,\"language-levels.create\":true,\"language-levels.edit\":true,\"language-levels.destroy\":true,\"career-levels.index\":true,\"career-levels.create\":true,\"career-levels.edit\":true,\"career-levels.destroy\":true,\"functional-areas.index\":true,\"functional-areas.create\":true,\"functional-areas.edit\":true,\"functional-areas.destroy\":true,\"degree-types.index\":true,\"degree-types.create\":true,\"degree-types.edit\":true,\"degree-types.destroy\":true,\"degree-levels.index\":true,\"degree-levels.create\":true,\"degree-levels.edit\":true,\"degree-levels.destroy\":true,\"job-board.tag.index\":true,\"job-board.tag.create\":true,\"job-board.tag.edit\":true,\"job-board.tag.destroy\":true,\"job-board.settings\":true,\"invoice.index\":true,\"invoice.edit\":true,\"invoice.destroy\":true,\"reviews.index\":true,\"reviews.destroy\":true,\"invoice-template.index\":true,\"languages.index\":true,\"languages.create\":true,\"languages.edit\":true,\"languages.destroy\":true,\"plugin.location\":true,\"country.index\":true,\"country.create\":true,\"country.edit\":true,\"country.destroy\":true,\"state.index\":true,\"state.create\":true,\"state.edit\":true,\"state.destroy\":true,\"city.index\":true,\"city.create\":true,\"city.edit\":true,\"city.destroy\":true,\"location.bulk-import.index\":true,\"location.export.index\":true,\"newsletter.index\":true,\"newsletter.destroy\":true,\"payment.index\":true,\"payments.settings\":true,\"payment.destroy\":true,\"social-login.settings\":true,\"testimonial.index\":true,\"testimonial.create\":true,\"testimonial.edit\":true,\"testimonial.destroy\":true,\"plugins.translation\":true,\"translations.locales\":true,\"translations.theme-translations\":true,\"translations.index\":true}','Admin users role',1,1,1,'2023-06-13 21:33:45','2023-06-13 21:33:45');
/*!40000 ALTER TABLE `roles` ENABLE KEYS */;
UNLOCK TABLES;

--
-- Table structure for table `settings`
--

DROP TABLE IF EXISTS `settings`;
/*!40101 SET @saved_cs_client     = @@character_set_client */;
/*!50503 SET character_set_client = utf8mb4 */;
CREATE TABLE `settings` (
  `id` bigint unsigned NOT NULL AUTO_INCREMENT,
  `key` varchar(191) COLLATE utf8mb4_unicode_ci NOT NULL,
  `value` text COLLATE utf8mb4_unicode_ci,
  `created_at` timestamp NULL DEFAULT NULL,
  `updated_at` timestamp NULL DEFAULT NULL,
  PRIMARY KEY (`id`),
  UNIQUE KEY `settings_key_unique` (`key`)
) ENGINE=InnoDB AUTO_INCREMENT=40 DEFAULT CHARSET=utf8mb4 COLLATE=utf8mb4_unicode_ci;
/*!40101 SET character_set_client = @saved_cs_client */;

--
-- Dumping data for table `settings`
--

LOCK TABLES `settings` WRITE;
/*!40000 ALTER TABLE `settings` DISABLE KEYS */;
INSERT INTO `settings` VALUES (1,'activated_plugins','[\"language\",\"language-advanced\",\"analytics\",\"audit-log\",\"backup\",\"blog\",\"captcha\",\"contact\",\"cookie-consent\",\"faq\",\"job-board\",\"location\",\"newsletter\",\"payment\",\"paypal\",\"paystack\",\"razorpay\",\"rss-feed\",\"social-login\",\"sslcommerz\",\"stripe\",\"testimonial\",\"translation\"]',NULL,'2023-06-13 21:33:47'),(3,'language_hide_default','1',NULL,'2023-06-13 21:33:47'),(4,'language_switcher_display','dropdown',NULL,'2023-06-13 21:33:47'),(5,'language_display','all',NULL,'2023-06-13 21:33:47'),(6,'language_hide_languages','[]',NULL,'2023-06-13 21:33:47'),(7,'theme-jobcy-job_list_page_id','17',NULL,'2023-06-13 21:33:47'),(8,'theme-jobcy-site_title','Jobcy - Laravel Job Board Script',NULL,'2023-06-13 21:33:47'),(9,'theme-jobcy-seo_description','Jobcy  is a modern job board Laravel script designed to connect people looking for a job with work hunting employers. This script represents simple design to help build the website for advertising vacancies, finding suitable staff, receiving employers resumes and CV',NULL,'2023-06-13 21:33:47'),(10,'theme-jobcy-copyright','2023 Botble Technologies. All right reserved.',NULL,'2023-06-13 21:33:47'),(11,'theme-jobcy-favicon','general/favicon.png',NULL,'2023-06-13 21:33:47'),(12,'theme-jobcy-logo','general/logo.png',NULL,'2023-06-13 21:33:47'),(13,'theme-jobcy-hotline','+(123) 345-6789',NULL,'2023-06-13 21:33:47'),(14,'theme-jobcy-cookie_consent_message','Your experience on this site will be improved by allowing cookies ',NULL,'2023-06-13 21:33:47'),(15,'theme-jobcy-cookie_consent_learn_more_url','/cookie-policy',NULL,'2023-06-13 21:33:47'),(16,'theme-jobcy-cookie_consent_learn_more_text','Cookie Policy',NULL,'2023-06-13 21:33:47'),(17,'theme-jobcy-homepage_id','1',NULL,'2023-06-13 21:33:47'),(18,'theme-jobcy-blog_page_id','2',NULL,'2023-06-13 21:33:47'),(19,'theme-jobcy-preloader_enabled','no',NULL,'2023-06-13 21:33:47'),(20,'theme-jobcy-job_categories_page_id','10',NULL,'2023-06-13 21:33:47'),(21,'theme-jobcy-job_companies_page_id','11',NULL,'2023-06-13 21:33:47'),(22,'theme-jobcy-job_candidates_page_id','15',NULL,'2023-06-13 21:33:47'),(23,'theme-jobcy-default_company_cover_image','general/cover-image.jpg',NULL,'2023-06-13 21:33:47'),(24,'theme-jobcy-email','contact@jobcy.com',NULL,'2023-06-13 21:33:47'),(25,'theme-jobcy-404_page_image','general/404.png',NULL,'2023-06-13 21:33:47'),(26,'theme-jobcy-social_links','[[{\"key\":\"social-name\",\"value\":\"Whatsapp\"},{\"key\":\"social-icon\",\"value\":\"uil uil-whatsapp\"},{\"key\":\"social-url\",\"value\":\"https:\\/\\/whatsapp.com\"}],[{\"key\":\"social-name\",\"value\":\"Facebook messenger\"},{\"key\":\"social-icon\",\"value\":\"uil uil-facebook-messenger-alt\"},{\"key\":\"social-url\",\"value\":\"https:\\/\\/messenger.com\"}],[{\"key\":\"social-name\",\"value\":\"Instagram\"},{\"key\":\"social-icon\",\"value\":\"uil uil-instagram\"},{\"key\":\"social-url\",\"value\":\"https:\\/\\/instagram.com\"}],[{\"key\":\"social-name\",\"value\":\"Email\"},{\"key\":\"social-icon\",\"value\":\"uil uil-envelope\"},{\"key\":\"social-url\",\"value\":\"mailto:support@botble.com\"}],[{\"key\":\"social-name\",\"value\":\"Twitter\"},{\"key\":\"social-icon\",\"value\":\"uil uil-twitter-alt\"},{\"key\":\"social-url\",\"value\":\"https:\\/\\/twitter.com\"}]]',NULL,'2023-06-13 21:33:47'),(27,'theme-jobcy-vi-social_links','[[{\"key\":\"social-name\",\"value\":\"Whatsapp\"},{\"key\":\"social-icon\",\"value\":\"uil uil-whatsapp\"},{\"key\":\"social-url\",\"value\":\"https:\\/\\/whatsapp.com\"}],[{\"key\":\"social-name\",\"value\":\"Facebook messenger\"},{\"key\":\"social-icon\",\"value\":\"uil uil-facebook-messenger-alt\"},{\"key\":\"social-url\",\"value\":\"https:\\/\\/messenger.com\"}],[{\"key\":\"social-name\",\"value\":\"Instagram\"},{\"key\":\"social-icon\",\"value\":\"uil uil-instagram\"},{\"key\":\"social-url\",\"value\":\"https:\\/\\/instagram.com\"}],[{\"key\":\"social-name\",\"value\":\"Email\"},{\"key\":\"social-icon\",\"value\":\"uil uil-envelope\"},{\"key\":\"social-url\",\"value\":\"mailto:support@botble.com\"}],[{\"key\":\"social-name\",\"value\":\"Twitter\"},{\"key\":\"social-icon\",\"value\":\"uil uil-twitter-alt\"},{\"key\":\"social-url\",\"value\":\"https:\\/\\/twitter.com\"}]]',NULL,'2023-06-13 21:33:47'),(28,'show_admin_bar','1',NULL,NULL),(29,'theme','jobcy',NULL,NULL),(30,'media_random_hash','1f62206b7c2ed481ef6ba47ab0b7d240',NULL,NULL),(31,'admin_favicon','general/favicon.png',NULL,NULL),(32,'admin_logo','general/logo-light.png',NULL,NULL),(33,'permalink-botble-blog-models-post','blog',NULL,NULL),(34,'permalink-botble-blog-models-category','blog',NULL,NULL),(35,'payment_cod_status','1',NULL,NULL),(36,'payment_cod_description','Please pay money directly to the postman, if you choose cash on delivery method (COD).',NULL,NULL),(37,'payment_bank_transfer_status','1',NULL,NULL),(38,'payment_bank_transfer_description','Please send money to our bank account: ACB - 69270 213 19.',NULL,NULL),(39,'payment_stripe_payment_type','stripe_checkout',NULL,NULL);
/*!40000 ALTER TABLE `settings` ENABLE KEYS */;
UNLOCK TABLES;

--
-- Table structure for table `slugs`
--

DROP TABLE IF EXISTS `slugs`;
/*!40101 SET @saved_cs_client     = @@character_set_client */;
/*!50503 SET character_set_client = utf8mb4 */;
CREATE TABLE `slugs` (
  `id` bigint unsigned NOT NULL AUTO_INCREMENT,
  `key` varchar(255) COLLATE utf8mb4_unicode_ci NOT NULL,
  `reference_id` bigint unsigned NOT NULL,
  `reference_type` varchar(255) COLLATE utf8mb4_unicode_ci NOT NULL,
  `prefix` varchar(120) COLLATE utf8mb4_unicode_ci DEFAULT '',
  `created_at` timestamp NULL DEFAULT NULL,
  `updated_at` timestamp NULL DEFAULT NULL,
  PRIMARY KEY (`id`),
  KEY `slugs_reference_id_index` (`reference_id`)
) ENGINE=InnoDB AUTO_INCREMENT=241 DEFAULT CHARSET=utf8mb4 COLLATE=utf8mb4_unicode_ci;
/*!40101 SET character_set_client = @saved_cs_client */;

--
-- Dumping data for table `slugs`
--

LOCK TABLES `slugs` WRITE;
/*!40000 ALTER TABLE `slugs` DISABLE KEYS */;
INSERT INTO `slugs` VALUES (2,'homepage',1,'Botble\\Page\\Models\\Page','','2023-06-13 21:33:45','2023-06-13 21:33:45'),(3,'blog',2,'Botble\\Page\\Models\\Page','','2023-06-13 21:33:45','2023-06-13 21:33:45'),(4,'contact',3,'Botble\\Page\\Models\\Page','','2023-06-13 21:33:45','2023-06-13 21:33:45'),(5,'cookie-policy',4,'Botble\\Page\\Models\\Page','','2023-06-13 21:33:45','2023-06-13 21:33:45'),(6,'faq',5,'Botble\\Page\\Models\\Page','','2023-06-13 21:33:45','2023-06-13 21:33:45'),(7,'about-us',6,'Botble\\Page\\Models\\Page','','2023-06-13 21:33:45','2023-06-13 21:33:45'),(8,'services',7,'Botble\\Page\\Models\\Page','','2023-06-13 21:33:45','2023-06-13 21:33:45'),(9,'terms-of-use',8,'Botble\\Page\\Models\\Page','','2023-06-13 21:33:45','2023-06-13 21:33:45'),(10,'terms-conditions',9,'Botble\\Page\\Models\\Page','','2023-06-13 21:33:45','2023-06-13 21:33:45'),(11,'job-categories',10,'Botble\\Page\\Models\\Page','','2023-06-13 21:33:45','2023-06-13 21:33:45'),(12,'companies',11,'Botble\\Page\\Models\\Page','','2023-06-13 21:33:45','2023-06-13 21:33:45'),(13,'coming-soon',12,'Botble\\Page\\Models\\Page','','2023-06-13 21:33:45','2023-06-13 21:33:45'),(14,'homepage-2',13,'Botble\\Page\\Models\\Page','','2023-06-13 21:33:45','2023-06-13 21:33:45'),(15,'homepage-3',14,'Botble\\Page\\Models\\Page','','2023-06-13 21:33:45','2023-06-13 21:33:45'),(16,'candidates',15,'Botble\\Page\\Models\\Page','','2023-06-13 21:33:45','2023-06-13 21:33:45'),(17,'candidates-list',16,'Botble\\Page\\Models\\Page','','2023-06-13 21:33:45','2023-06-13 21:33:45'),(18,'jobs',17,'Botble\\Page\\Models\\Page','','2023-06-13 21:33:45','2023-06-13 21:33:45'),(19,'design',1,'Botble\\Blog\\Models\\Category','blog','2023-06-13 21:33:46','2023-06-13 21:33:47'),(20,'lifestyle',2,'Botble\\Blog\\Models\\Category','blog','2023-06-13 21:33:46','2023-06-13 21:33:47'),(21,'travel-tips',3,'Botble\\Blog\\Models\\Category','blog','2023-06-13 21:33:46','2023-06-13 21:33:47'),(22,'healthy',4,'Botble\\Blog\\Models\\Category','blog','2023-06-13 21:33:46','2023-06-13 21:33:47'),(23,'travel-tips',5,'Botble\\Blog\\Models\\Category','blog','2023-06-13 21:33:46','2023-06-13 21:33:47'),(24,'hotel',6,'Botble\\Blog\\Models\\Category','blog','2023-06-13 21:33:46','2023-06-13 21:33:47'),(25,'nature',7,'Botble\\Blog\\Models\\Category','blog','2023-06-13 21:33:46','2023-06-13 21:33:47'),(26,'general',1,'Botble\\Blog\\Models\\Tag','tag','2023-06-13 21:33:46','2023-06-13 21:33:46'),(27,'design',2,'Botble\\Blog\\Models\\Tag','tag','2023-06-13 21:33:46','2023-06-13 21:33:46'),(28,'fashion',3,'Botble\\Blog\\Models\\Tag','tag','2023-06-13 21:33:46','2023-06-13 21:33:46'),(29,'branding',4,'Botble\\Blog\\Models\\Tag','tag','2023-06-13 21:33:46','2023-06-13 21:33:46'),(30,'modern',5,'Botble\\Blog\\Models\\Tag','tag','2023-06-13 21:33:46','2023-06-13 21:33:46'),(31,'the-top-2020-handbag-trends-to-know',1,'Botble\\Blog\\Models\\Post','blog','2023-06-13 21:33:46','2023-06-13 21:33:47'),(32,'top-search-engine-optimization-strategies',2,'Botble\\Blog\\Models\\Post','blog','2023-06-13 21:33:46','2023-06-13 21:33:47'),(33,'which-company-would-you-choose',3,'Botble\\Blog\\Models\\Post','blog','2023-06-13 21:33:46','2023-06-13 21:33:47'),(34,'used-car-dealer-sales-tricks-exposed',4,'Botble\\Blog\\Models\\Post','blog','2023-06-13 21:33:46','2023-06-13 21:33:47'),(35,'20-ways-to-sell-your-product-faster',5,'Botble\\Blog\\Models\\Post','blog','2023-06-13 21:33:46','2023-06-13 21:33:47'),(36,'the-secrets-of-rich-and-famous-writers',6,'Botble\\Blog\\Models\\Post','blog','2023-06-13 21:33:46','2023-06-13 21:33:47'),(37,'imagine-losing-20-pounds-in-14-days',7,'Botble\\Blog\\Models\\Post','blog','2023-06-13 21:33:46','2023-06-13 21:33:47'),(38,'are-you-still-using-that-slow-old-typewriter',8,'Botble\\Blog\\Models\\Post','blog','2023-06-13 21:33:46','2023-06-13 21:33:47'),(39,'a-skin-cream-thats-proven-to-work',9,'Botble\\Blog\\Models\\Post','blog','2023-06-13 21:33:46','2023-06-13 21:33:47'),(40,'10-reasons-to-start-your-own-profitable-website',10,'Botble\\Blog\\Models\\Post','blog','2023-06-13 21:33:46','2023-06-13 21:33:47'),(41,'simple-ways-to-reduce-your-unwanted-wrinkles',11,'Botble\\Blog\\Models\\Post','blog','2023-06-13 21:33:46','2023-06-13 21:33:47'),(42,'apple-imac-with-retina-5k-display-review',12,'Botble\\Blog\\Models\\Post','blog','2023-06-13 21:33:46','2023-06-13 21:33:47'),(43,'10000-web-site-visitors-in-one-monthguaranteed',13,'Botble\\Blog\\Models\\Post','blog','2023-06-13 21:33:46','2023-06-13 21:33:47'),(44,'unlock-the-secrets-of-selling-high-ticket-items',14,'Botble\\Blog\\Models\\Post','blog','2023-06-13 21:33:46','2023-06-13 21:33:47'),(45,'4-expert-tips-on-how-to-choose-the-right-mens-wallet',15,'Botble\\Blog\\Models\\Post','blog','2023-06-13 21:33:46','2023-06-13 21:33:47'),(46,'sexy-clutches-how-to-buy-wear-a-designer-clutch-bag',16,'Botble\\Blog\\Models\\Post','blog','2023-06-13 21:33:46','2023-06-13 21:33:47'),(47,'it-software',1,'Botble\\JobBoard\\Models\\Category','job-categories','2023-06-13 21:34:01','2023-06-13 21:34:01'),(48,'technology',2,'Botble\\JobBoard\\Models\\Category','job-categories','2023-06-13 21:34:01','2023-06-13 21:34:01'),(49,'government',3,'Botble\\JobBoard\\Models\\Category','job-categories','2023-06-13 21:34:01','2023-06-13 21:34:01'),(50,'accounting-finance',4,'Botble\\JobBoard\\Models\\Category','job-categories','2023-06-13 21:34:01','2023-06-13 21:34:01'),(51,'construction-facilities',5,'Botble\\JobBoard\\Models\\Category','job-categories','2023-06-13 21:34:01','2023-06-13 21:34:01'),(52,'tele-communications',6,'Botble\\JobBoard\\Models\\Category','job-categories','2023-06-13 21:34:01','2023-06-13 21:34:01'),(53,'design-multimedia',7,'Botble\\JobBoard\\Models\\Category','job-categories','2023-06-13 21:34:01','2023-06-13 21:34:01'),(54,'human-resource',8,'Botble\\JobBoard\\Models\\Category','job-categories','2023-06-13 21:34:01','2023-06-13 21:34:01'),(55,'consumer-packaged-goods-cpg',9,'Botble\\JobBoard\\Models\\Category','job-categories','2023-06-13 21:34:01','2023-06-13 21:34:01'),(56,'manufacturing',10,'Botble\\JobBoard\\Models\\Category','job-categories','2023-06-13 21:34:01','2023-06-13 21:34:01'),(57,'retail',11,'Botble\\JobBoard\\Models\\Category','job-categories','2023-06-13 21:34:01','2023-06-13 21:34:01'),(58,'distributionlogistics',12,'Botble\\JobBoard\\Models\\Category','job-categories','2023-06-13 21:34:01','2023-06-13 21:34:01'),(59,'supply-chain-operations',13,'Botble\\JobBoard\\Models\\Category','job-categories','2023-06-13 21:34:01','2023-06-13 21:34:01'),(60,'healthcare-medical',14,'Botble\\JobBoard\\Models\\Category','job-categories','2023-06-13 21:34:01','2023-06-13 21:34:01'),(61,'procurement-sourcing',15,'Botble\\JobBoard\\Models\\Category','job-categories','2023-06-13 21:34:01','2023-06-13 21:34:01'),(62,'information-technology-it',16,'Botble\\JobBoard\\Models\\Category','job-categories','2023-06-13 21:34:01','2023-06-13 21:34:01'),(63,'salesbusiness-development',17,'Botble\\JobBoard\\Models\\Category','job-categories','2023-06-13 21:34:01','2023-06-13 21:34:01'),(64,'legal-professional-services',18,'Botble\\JobBoard\\Models\\Category','job-categories','2023-06-13 21:34:01','2023-06-13 21:34:01'),(65,'life-sciences-healthcare',19,'Botble\\JobBoard\\Models\\Category','job-categories','2023-06-13 21:34:01','2023-06-13 21:34:01'),(66,'pinterest',1,'Botble\\JobBoard\\Models\\Company','companies','2023-06-13 21:34:01','2023-06-13 21:34:01'),(67,'linkedin',2,'Botble\\JobBoard\\Models\\Company','companies','2023-06-13 21:34:01','2023-06-13 21:34:01'),(68,'line',3,'Botble\\JobBoard\\Models\\Company','companies','2023-06-13 21:34:01','2023-06-13 21:34:01'),(69,'uber',4,'Botble\\JobBoard\\Models\\Company','companies','2023-06-13 21:34:01','2023-06-13 21:34:01'),(70,'flutter',5,'Botble\\JobBoard\\Models\\Company','companies','2023-06-13 21:34:01','2023-06-13 21:34:01'),(71,'behance',6,'Botble\\JobBoard\\Models\\Company','companies','2023-06-13 21:34:01','2023-06-13 21:34:01'),(72,'apple',7,'Botble\\JobBoard\\Models\\Company','companies','2023-06-13 21:34:01','2023-06-13 21:34:01'),(73,'adobe',8,'Botble\\JobBoard\\Models\\Company','companies','2023-06-13 21:34:01','2023-06-13 21:34:01'),(74,'vibe',9,'Botble\\JobBoard\\Models\\Company','companies','2023-06-13 21:34:01','2023-06-13 21:34:01'),(75,'vkontakte',10,'Botble\\JobBoard\\Models\\Company','companies','2023-06-13 21:34:01','2023-06-13 21:34:01'),(76,'wordpress',11,'Botble\\JobBoard\\Models\\Company','companies','2023-06-13 21:34:01','2023-06-13 21:34:01'),(77,'envato',12,'Botble\\JobBoard\\Models\\Company','companies','2023-06-13 21:34:01','2023-06-13 21:34:01'),(78,'magento',13,'Botble\\JobBoard\\Models\\Company','companies','2023-06-13 21:34:01','2023-06-13 21:34:01'),(79,'generic',14,'Botble\\JobBoard\\Models\\Company','companies','2023-06-13 21:34:01','2023-06-13 21:34:01'),(80,'reveal',15,'Botble\\JobBoard\\Models\\Company','companies','2023-06-13 21:34:01','2023-06-13 21:34:01'),(81,'woocommerce',16,'Botble\\JobBoard\\Models\\Company','companies','2023-06-13 21:34:01','2023-06-13 21:34:01'),(82,'illustrator',1,'Botble\\JobBoard\\Models\\Tag','job-tags','2023-06-13 21:34:01','2023-06-13 21:34:01'),(83,'adobe-xd',2,'Botble\\JobBoard\\Models\\Tag','job-tags','2023-06-13 21:34:01','2023-06-13 21:34:01'),(84,'figma',3,'Botble\\JobBoard\\Models\\Tag','job-tags','2023-06-13 21:34:01','2023-06-13 21:34:01'),(85,'sketch',4,'Botble\\JobBoard\\Models\\Tag','job-tags','2023-06-13 21:34:01','2023-06-13 21:34:01'),(86,'lunacy',5,'Botble\\JobBoard\\Models\\Tag','job-tags','2023-06-13 21:34:01','2023-06-13 21:34:01'),(87,'php',6,'Botble\\JobBoard\\Models\\Tag','job-tags','2023-06-13 21:34:01','2023-06-13 21:34:01'),(88,'python',7,'Botble\\JobBoard\\Models\\Tag','job-tags','2023-06-13 21:34:01','2023-06-13 21:34:01'),(89,'javascript',8,'Botble\\JobBoard\\Models\\Tag','job-tags','2023-06-13 21:34:01','2023-06-13 21:34:01'),(90,'ui-ux-designer-fulltime',1,'Botble\\JobBoard\\Models\\Job','jobs','2023-06-13 21:34:01','2023-06-13 21:34:01'),(91,'full-stack-engineer',2,'Botble\\JobBoard\\Models\\Job','jobs','2023-06-13 21:34:01','2023-06-13 21:34:01'),(92,'java-software-engineer',3,'Botble\\JobBoard\\Models\\Job','jobs','2023-06-13 21:34:01','2023-06-13 21:34:01'),(93,'digital-marketing-manager',4,'Botble\\JobBoard\\Models\\Job','jobs','2023-06-13 21:34:01','2023-06-13 21:34:01'),(94,'frontend-developer',5,'Botble\\JobBoard\\Models\\Job','jobs','2023-06-13 21:34:01','2023-06-13 21:34:01'),(95,'react-native-web-developer',6,'Botble\\JobBoard\\Models\\Job','jobs','2023-06-13 21:34:01','2023-06-13 21:34:01'),(96,'senior-system-engineer',7,'Botble\\JobBoard\\Models\\Job','jobs','2023-06-13 21:34:01','2023-06-13 21:34:01'),(97,'products-manager',8,'Botble\\JobBoard\\Models\\Job','jobs','2023-06-13 21:34:01','2023-06-13 21:34:01'),(98,'lead-quality-control-qa',9,'Botble\\JobBoard\\Models\\Job','jobs','2023-06-13 21:34:01','2023-06-13 21:34:01'),(99,'principal-designer-design-systems',10,'Botble\\JobBoard\\Models\\Job','jobs','2023-06-13 21:34:01','2023-06-13 21:34:01'),(100,'devops-architect',11,'Botble\\JobBoard\\Models\\Job','jobs','2023-06-13 21:34:01','2023-06-13 21:34:01'),(101,'senior-software-engineer-npm-cli',12,'Botble\\JobBoard\\Models\\Job','jobs','2023-06-13 21:34:01','2023-06-13 21:34:01'),(102,'senior-systems-engineer',13,'Botble\\JobBoard\\Models\\Job','jobs','2023-06-13 21:34:01','2023-06-13 21:34:01'),(103,'software-engineer-actions-platform',14,'Botble\\JobBoard\\Models\\Job','jobs','2023-06-13 21:34:01','2023-06-13 21:34:01'),(104,'staff-engineering-manager-actions',15,'Botble\\JobBoard\\Models\\Job','jobs','2023-06-13 21:34:01','2023-06-13 21:34:01'),(105,'staff-engineering-manager-actions-runtime',16,'Botble\\JobBoard\\Models\\Job','jobs','2023-06-13 21:34:01','2023-06-13 21:34:01'),(106,'staff-engineering-manager-packages',17,'Botble\\JobBoard\\Models\\Job','jobs','2023-06-13 21:34:01','2023-06-13 21:34:01'),(107,'staff-software-engineer',18,'Botble\\JobBoard\\Models\\Job','jobs','2023-06-13 21:34:01','2023-06-13 21:34:01'),(108,'systems-software-engineer',19,'Botble\\JobBoard\\Models\\Job','jobs','2023-06-13 21:34:01','2023-06-13 21:34:01'),(109,'senior-compensation-analyst',20,'Botble\\JobBoard\\Models\\Job','jobs','2023-06-13 21:34:01','2023-06-13 21:34:01'),(110,'senior-accessibility-program-manager',21,'Botble\\JobBoard\\Models\\Job','jobs','2023-06-13 21:34:01','2023-06-13 21:34:01'),(111,'analyst-relations-manager-application-security',22,'Botble\\JobBoard\\Models\\Job','jobs','2023-06-13 21:34:02','2023-06-13 21:34:02'),(112,'senior-enterprise-advocate-emea',23,'Botble\\JobBoard\\Models\\Job','jobs','2023-06-13 21:34:02','2023-06-13 21:34:02'),(113,'deal-desk-manager',24,'Botble\\JobBoard\\Models\\Job','jobs','2023-06-13 21:34:02','2023-06-13 21:34:02'),(114,'director-revenue-compensation',25,'Botble\\JobBoard\\Models\\Job','jobs','2023-06-13 21:34:02','2023-06-13 21:34:02'),(115,'program-manager',26,'Botble\\JobBoard\\Models\\Job','jobs','2023-06-13 21:34:02','2023-06-13 21:34:02'),(116,'sr-manager-deal-desk-intl',27,'Botble\\JobBoard\\Models\\Job','jobs','2023-06-13 21:34:02','2023-06-13 21:34:02'),(117,'senior-director-product-management-actions-runners-and-compute-services',28,'Botble\\JobBoard\\Models\\Job','jobs','2023-06-13 21:34:02','2023-06-13 21:34:02'),(118,'alliances-director',29,'Botble\\JobBoard\\Models\\Job','jobs','2023-06-13 21:34:02','2023-06-13 21:34:02'),(119,'corporate-sales-representative',30,'Botble\\JobBoard\\Models\\Job','jobs','2023-06-13 21:34:02','2023-06-13 21:34:02'),(120,'country-leader',31,'Botble\\JobBoard\\Models\\Job','jobs','2023-06-13 21:34:02','2023-06-13 21:34:02'),(121,'customer-success-architect',32,'Botble\\JobBoard\\Models\\Job','jobs','2023-06-13 21:34:02','2023-06-13 21:34:02'),(122,'devops-account-executive-us-public-sector',33,'Botble\\JobBoard\\Models\\Job','jobs','2023-06-13 21:34:02','2023-06-13 21:34:02'),(123,'enterprise-account-executive',34,'Botble\\JobBoard\\Models\\Job','jobs','2023-06-13 21:34:02','2023-06-13 21:34:02'),(124,'senior-engineering-manager-product-security-engineering-paved-paths',35,'Botble\\JobBoard\\Models\\Job','jobs','2023-06-13 21:34:02','2023-06-13 21:34:02'),(125,'customer-reliability-engineer-iii',36,'Botble\\JobBoard\\Models\\Job','jobs','2023-06-13 21:34:02','2023-06-13 21:34:02'),(126,'support-engineer-enterprise-support-japanese',37,'Botble\\JobBoard\\Models\\Job','jobs','2023-06-13 21:34:02','2023-06-13 21:34:02'),(127,'technical-partner-manager',38,'Botble\\JobBoard\\Models\\Job','jobs','2023-06-13 21:34:02','2023-06-13 21:34:02'),(128,'sr-manager-inside-account-management',39,'Botble\\JobBoard\\Models\\Job','jobs','2023-06-13 21:34:02','2023-06-13 21:34:02'),(129,'services-sales-representative',40,'Botble\\JobBoard\\Models\\Job','jobs','2023-06-13 21:34:02','2023-06-13 21:34:02'),(130,'services-delivery-manager',41,'Botble\\JobBoard\\Models\\Job','jobs','2023-06-13 21:34:02','2023-06-13 21:34:02'),(131,'senior-solutions-engineer',42,'Botble\\JobBoard\\Models\\Job','jobs','2023-06-13 21:34:02','2023-06-13 21:34:02'),(132,'senior-service-delivery-engineer',43,'Botble\\JobBoard\\Models\\Job','jobs','2023-06-13 21:34:02','2023-06-13 21:34:02'),(133,'senior-director-global-sales-development',44,'Botble\\JobBoard\\Models\\Job','jobs','2023-06-13 21:34:02','2023-06-13 21:34:02'),(134,'partner-program-manager',45,'Botble\\JobBoard\\Models\\Job','jobs','2023-06-13 21:34:02','2023-06-13 21:34:02'),(135,'principal-cloud-solutions-engineer',46,'Botble\\JobBoard\\Models\\Job','jobs','2023-06-13 21:34:02','2023-06-13 21:34:02'),(136,'senior-cloud-solutions-engineer',47,'Botble\\JobBoard\\Models\\Job','jobs','2023-06-13 21:34:02','2023-06-13 21:34:02'),(137,'senior-customer-success-manager',48,'Botble\\JobBoard\\Models\\Job','jobs','2023-06-13 21:34:02','2023-06-13 21:34:02'),(138,'inside-account-manager',49,'Botble\\JobBoard\\Models\\Job','jobs','2023-06-13 21:34:02','2023-06-13 21:34:02'),(139,'ux-jobs-board',50,'Botble\\JobBoard\\Models\\Job','jobs','2023-06-13 21:34:02','2023-06-13 21:34:02'),(140,'senior-laravel-developer-tall-stack',51,'Botble\\JobBoard\\Models\\Job','jobs','2023-06-13 21:34:02','2023-06-13 21:34:02'),(141,'carmela-wisoky',1,'Botble\\JobBoard\\Models\\Account','candidates','2023-06-13 21:34:02','2023-06-13 21:34:02'),(142,'matilde-mills',2,'Botble\\JobBoard\\Models\\Account','candidates','2023-06-13 21:34:02','2023-06-13 21:34:02'),(143,'sarah-harding',3,'Botble\\JobBoard\\Models\\Account','candidates','2023-06-13 21:34:02','2023-06-13 21:34:02'),(144,'steven-jobs',4,'Botble\\JobBoard\\Models\\Account','candidates','2023-06-13 21:34:03','2023-06-13 21:34:03'),(145,'william-kennedy',5,'Botble\\JobBoard\\Models\\Account','candidates','2023-06-13 21:34:03','2023-06-13 21:34:03'),(146,'brycen-cruickshank',6,'Botble\\JobBoard\\Models\\Account','candidates','2023-06-13 21:34:03','2023-06-13 21:34:03'),(147,'omari-kshlerin',7,'Botble\\JobBoard\\Models\\Account','candidates','2023-06-13 21:34:03','2023-06-13 21:34:03'),(148,'rodrigo-heaney',8,'Botble\\JobBoard\\Models\\Account','candidates','2023-06-13 21:34:03','2023-06-13 21:34:03'),(149,'imani-herzog',9,'Botble\\JobBoard\\Models\\Account','candidates','2023-06-13 21:34:03','2023-06-13 21:34:03'),(150,'leilani-bauch',10,'Botble\\JobBoard\\Models\\Account','candidates','2023-06-13 21:34:03','2023-06-13 21:34:03'),(151,'royal-schuppe',11,'Botble\\JobBoard\\Models\\Account','candidates','2023-06-13 21:34:03','2023-06-13 21:34:03'),(152,'hellen-bartell',12,'Botble\\JobBoard\\Models\\Account','candidates','2023-06-13 21:34:03','2023-06-13 21:34:03'),(153,'bridget-bergstrom',13,'Botble\\JobBoard\\Models\\Account','candidates','2023-06-13 21:34:03','2023-06-13 21:34:03'),(154,'meggie-torphy',14,'Botble\\JobBoard\\Models\\Account','candidates','2023-06-13 21:34:03','2023-06-13 21:34:03'),(155,'broderick-donnelly',15,'Botble\\JobBoard\\Models\\Account','candidates','2023-06-13 21:34:03','2023-06-13 21:34:03'),(156,'elvie-bruen',16,'Botble\\JobBoard\\Models\\Account','candidates','2023-06-13 21:34:03','2023-06-13 21:34:03'),(157,'gregoria-pfannerstill',17,'Botble\\JobBoard\\Models\\Account','candidates','2023-06-13 21:34:03','2023-06-13 21:34:03'),(158,'zion-fay',18,'Botble\\JobBoard\\Models\\Account','candidates','2023-06-13 21:34:03','2023-06-13 21:34:03'),(159,'martine-krajcik',19,'Botble\\JobBoard\\Models\\Account','candidates','2023-06-13 21:34:03','2023-06-13 21:34:03'),(160,'kayden-king',20,'Botble\\JobBoard\\Models\\Account','candidates','2023-06-13 21:34:04','2023-06-13 21:34:04'),(161,'dante-fahey',21,'Botble\\JobBoard\\Models\\Account','candidates','2023-06-13 21:34:04','2023-06-13 21:34:04'),(162,'jonathan-heathcote',22,'Botble\\JobBoard\\Models\\Account','candidates','2023-06-13 21:34:04','2023-06-13 21:34:04'),(163,'ruth-farrell',23,'Botble\\JobBoard\\Models\\Account','candidates','2023-06-13 21:34:04','2023-06-13 21:34:04'),(164,'faustino-kohler',24,'Botble\\JobBoard\\Models\\Account','candidates','2023-06-13 21:34:04','2023-06-13 21:34:04'),(165,'chad-mcglynn',25,'Botble\\JobBoard\\Models\\Account','candidates','2023-06-13 21:34:04','2023-06-13 21:34:04'),(166,'adrian-schinner',26,'Botble\\JobBoard\\Models\\Account','candidates','2023-06-13 21:34:04','2023-06-13 21:34:04'),(167,'cristal-parisian',27,'Botble\\JobBoard\\Models\\Account','candidates','2023-06-13 21:34:04','2023-06-13 21:34:04'),(168,'sophia-wilderman',28,'Botble\\JobBoard\\Models\\Account','candidates','2023-06-13 21:34:04','2023-06-13 21:34:04'),(169,'missouri-oberbrunner',29,'Botble\\JobBoard\\Models\\Account','candidates','2023-06-13 21:34:04','2023-06-13 21:34:04'),(170,'hiram-lubowitz',30,'Botble\\JobBoard\\Models\\Account','candidates','2023-06-13 21:34:04','2023-06-13 21:34:04'),(171,'johnathon-haley',31,'Botble\\JobBoard\\Models\\Account','candidates','2023-06-13 21:34:04','2023-06-13 21:34:04'),(172,'imogene-corkery',32,'Botble\\JobBoard\\Models\\Account','candidates','2023-06-13 21:34:04','2023-06-13 21:34:04'),(173,'alison-breitenberg',33,'Botble\\JobBoard\\Models\\Account','candidates','2023-06-13 21:34:04','2023-06-13 21:34:04'),(174,'valentin-emard',34,'Botble\\JobBoard\\Models\\Account','candidates','2023-06-13 21:34:04','2023-06-13 21:34:04'),(175,'arvilla-altenwerth',35,'Botble\\JobBoard\\Models\\Account','candidates','2023-06-13 21:34:04','2023-06-13 21:34:04'),(176,'jeramie-abshire',36,'Botble\\JobBoard\\Models\\Account','candidates','2023-06-13 21:34:05','2023-06-13 21:34:05'),(177,'geoffrey-langosh',37,'Botble\\JobBoard\\Models\\Account','candidates','2023-06-13 21:34:05','2023-06-13 21:34:05'),(178,'nina-zulauf',38,'Botble\\JobBoard\\Models\\Account','candidates','2023-06-13 21:34:05','2023-06-13 21:34:05'),(179,'mack-fahey',39,'Botble\\JobBoard\\Models\\Account','candidates','2023-06-13 21:34:05','2023-06-13 21:34:05'),(180,'eusebio-flatley',40,'Botble\\JobBoard\\Models\\Account','candidates','2023-06-13 21:34:05','2023-06-13 21:34:05'),(181,'bailey-morar',41,'Botble\\JobBoard\\Models\\Account','candidates','2023-06-13 21:34:05','2023-06-13 21:34:05'),(182,'lonnie-oreilly',42,'Botble\\JobBoard\\Models\\Account','candidates','2023-06-13 21:34:05','2023-06-13 21:34:05'),(183,'angus-wiegand',43,'Botble\\JobBoard\\Models\\Account','candidates','2023-06-13 21:34:05','2023-06-13 21:34:05'),(184,'durward-kertzmann',44,'Botble\\JobBoard\\Models\\Account','candidates','2023-06-13 21:34:05','2023-06-13 21:34:05'),(185,'allie-kuhn',45,'Botble\\JobBoard\\Models\\Account','candidates','2023-06-13 21:34:05','2023-06-13 21:34:05'),(186,'myrtis-dibbert',46,'Botble\\JobBoard\\Models\\Account','candidates','2023-06-13 21:34:05','2023-06-13 21:34:05'),(187,'richie-sauer',47,'Botble\\JobBoard\\Models\\Account','candidates','2023-06-13 21:34:05','2023-06-13 21:34:05'),(188,'ibrahim-fisher',48,'Botble\\JobBoard\\Models\\Account','candidates','2023-06-13 21:34:05','2023-06-13 21:34:05'),(189,'leopoldo-kunze',49,'Botble\\JobBoard\\Models\\Account','candidates','2023-06-13 21:34:05','2023-06-13 21:34:05'),(190,'vallie-upton',50,'Botble\\JobBoard\\Models\\Account','candidates','2023-06-13 21:34:05','2023-06-13 21:34:05'),(191,'gerardo-kshlerin',51,'Botble\\JobBoard\\Models\\Account','candidates','2023-06-13 21:34:05','2023-06-13 21:34:05'),(192,'dylan-mcdermott',52,'Botble\\JobBoard\\Models\\Account','candidates','2023-06-13 21:34:06','2023-06-13 21:34:06'),(193,'aric-bergstrom',53,'Botble\\JobBoard\\Models\\Account','candidates','2023-06-13 21:34:06','2023-06-13 21:34:06'),(194,'angeline-anderson',54,'Botble\\JobBoard\\Models\\Account','candidates','2023-06-13 21:34:06','2023-06-13 21:34:06'),(195,'neha-legros',55,'Botble\\JobBoard\\Models\\Account','candidates','2023-06-13 21:34:06','2023-06-13 21:34:06'),(196,'spencer-green',56,'Botble\\JobBoard\\Models\\Account','candidates','2023-06-13 21:34:06','2023-06-13 21:34:06'),(197,'genesis-white',57,'Botble\\JobBoard\\Models\\Account','candidates','2023-06-13 21:34:06','2023-06-13 21:34:06'),(198,'fatima-hamill',58,'Botble\\JobBoard\\Models\\Account','candidates','2023-06-13 21:34:06','2023-06-13 21:34:06'),(199,'shana-boehm',59,'Botble\\JobBoard\\Models\\Account','candidates','2023-06-13 21:34:06','2023-06-13 21:34:06'),(200,'elenor-windler',60,'Botble\\JobBoard\\Models\\Account','candidates','2023-06-13 21:34:06','2023-06-13 21:34:06'),(201,'sunny-herman',61,'Botble\\JobBoard\\Models\\Account','candidates','2023-06-13 21:34:06','2023-06-13 21:34:06'),(202,'mossie-kling',62,'Botble\\JobBoard\\Models\\Account','candidates','2023-06-13 21:34:06','2023-06-13 21:34:06'),(203,'rollin-kerluke',63,'Botble\\JobBoard\\Models\\Account','candidates','2023-06-13 21:34:06','2023-06-13 21:34:06'),(204,'kurtis-nicolas',64,'Botble\\JobBoard\\Models\\Account','candidates','2023-06-13 21:34:06','2023-06-13 21:34:06'),(205,'macy-franecki',65,'Botble\\JobBoard\\Models\\Account','candidates','2023-06-13 21:34:06','2023-06-13 21:34:06'),(206,'khalil-dach',66,'Botble\\JobBoard\\Models\\Account','candidates','2023-06-13 21:34:06','2023-06-13 21:34:06'),(207,'benedict-hilpert',67,'Botble\\JobBoard\\Models\\Account','candidates','2023-06-13 21:34:06','2023-06-13 21:34:06'),(208,'twila-spencer',68,'Botble\\JobBoard\\Models\\Account','candidates','2023-06-13 21:34:07','2023-06-13 21:34:07'),(209,'claudie-franecki',69,'Botble\\JobBoard\\Models\\Account','candidates','2023-06-13 21:34:07','2023-06-13 21:34:07'),(210,'oswaldo-leffler',70,'Botble\\JobBoard\\Models\\Account','candidates','2023-06-13 21:34:07','2023-06-13 21:34:07'),(211,'jason-nolan',71,'Botble\\JobBoard\\Models\\Account','candidates','2023-06-13 21:34:07','2023-06-13 21:34:07'),(212,'leopold-wintheiser',72,'Botble\\JobBoard\\Models\\Account','candidates','2023-06-13 21:34:07','2023-06-13 21:34:07'),(213,'greyson-keebler',73,'Botble\\JobBoard\\Models\\Account','candidates','2023-06-13 21:34:07','2023-06-13 21:34:07'),(214,'raheem-boyle',74,'Botble\\JobBoard\\Models\\Account','candidates','2023-06-13 21:34:07','2023-06-13 21:34:07'),(215,'ivy-waters',75,'Botble\\JobBoard\\Models\\Account','candidates','2023-06-13 21:34:07','2023-06-13 21:34:07'),(216,'sandra-towne',76,'Botble\\JobBoard\\Models\\Account','candidates','2023-06-13 21:34:07','2023-06-13 21:34:07'),(217,'torrey-lesch',77,'Botble\\JobBoard\\Models\\Account','candidates','2023-06-13 21:34:07','2023-06-13 21:34:07'),(218,'hunter-blanda',78,'Botble\\JobBoard\\Models\\Account','candidates','2023-06-13 21:34:07','2023-06-13 21:34:07'),(219,'colin-shields',79,'Botble\\JobBoard\\Models\\Account','candidates','2023-06-13 21:34:07','2023-06-13 21:34:07'),(220,'forest-halvorson',80,'Botble\\JobBoard\\Models\\Account','candidates','2023-06-13 21:34:07','2023-06-13 21:34:07'),(221,'carlie-reinger',81,'Botble\\JobBoard\\Models\\Account','candidates','2023-06-13 21:34:07','2023-06-13 21:34:07'),(222,'alvis-halvorson',82,'Botble\\JobBoard\\Models\\Account','candidates','2023-06-13 21:34:07','2023-06-13 21:34:07'),(223,'ariane-osinski',83,'Botble\\JobBoard\\Models\\Account','candidates','2023-06-13 21:34:07','2023-06-13 21:34:07'),(224,'alejandra-price',84,'Botble\\JobBoard\\Models\\Account','candidates','2023-06-13 21:34:08','2023-06-13 21:34:08'),(225,'casimir-stokes',85,'Botble\\JobBoard\\Models\\Account','candidates','2023-06-13 21:34:08','2023-06-13 21:34:08'),(226,'sylvan-gibson',86,'Botble\\JobBoard\\Models\\Account','candidates','2023-06-13 21:34:08','2023-06-13 21:34:08'),(227,'eva-homenick',87,'Botble\\JobBoard\\Models\\Account','candidates','2023-06-13 21:34:08','2023-06-13 21:34:08'),(228,'aubrey-stamm',88,'Botble\\JobBoard\\Models\\Account','candidates','2023-06-13 21:34:08','2023-06-13 21:34:08'),(229,'hollie-simonis',89,'Botble\\JobBoard\\Models\\Account','candidates','2023-06-13 21:34:08','2023-06-13 21:34:08'),(230,'fritz-koelpin',90,'Botble\\JobBoard\\Models\\Account','candidates','2023-06-13 21:34:08','2023-06-13 21:34:08'),(231,'mitchell-botsford',91,'Botble\\JobBoard\\Models\\Account','candidates','2023-06-13 21:34:08','2023-06-13 21:34:08'),(232,'alek-considine',92,'Botble\\JobBoard\\Models\\Account','candidates','2023-06-13 21:34:08','2023-06-13 21:34:08'),(233,'elaina-lakin',93,'Botble\\JobBoard\\Models\\Account','candidates','2023-06-13 21:34:08','2023-06-13 21:34:08'),(234,'lourdes-haley',94,'Botble\\JobBoard\\Models\\Account','candidates','2023-06-13 21:34:08','2023-06-13 21:34:08'),(235,'tyshawn-oconnell',95,'Botble\\JobBoard\\Models\\Account','candidates','2023-06-13 21:34:08','2023-06-13 21:34:08'),(236,'annetta-swaniawski',96,'Botble\\JobBoard\\Models\\Account','candidates','2023-06-13 21:34:08','2023-06-13 21:34:08'),(237,'emmie-nitzsche',97,'Botble\\JobBoard\\Models\\Account','candidates','2023-06-13 21:34:08','2023-06-13 21:34:08'),(238,'kristy-ward',98,'Botble\\JobBoard\\Models\\Account','candidates','2023-06-13 21:34:08','2023-06-13 21:34:08'),(239,'joesph-durgan',99,'Botble\\JobBoard\\Models\\Account','candidates','2023-06-13 21:34:08','2023-06-13 21:34:08'),(240,'agustina-bode',100,'Botble\\JobBoard\\Models\\Account','candidates','2023-06-13 21:34:09','2023-06-13 21:34:09');
/*!40000 ALTER TABLE `slugs` ENABLE KEYS */;
UNLOCK TABLES;

--
-- Table structure for table `states`
--

DROP TABLE IF EXISTS `states`;
/*!40101 SET @saved_cs_client     = @@character_set_client */;
/*!50503 SET character_set_client = utf8mb4 */;
CREATE TABLE `states` (
  `id` bigint unsigned NOT NULL AUTO_INCREMENT,
  `name` varchar(120) COLLATE utf8mb4_unicode_ci NOT NULL,
  `abbreviation` varchar(10) CHARACTER SET utf8mb4 COLLATE utf8mb4_unicode_ci DEFAULT NULL,
  `country_id` bigint unsigned DEFAULT NULL,
  `order` tinyint NOT NULL DEFAULT '0',
  `is_default` tinyint unsigned NOT NULL DEFAULT '0',
  `status` varchar(60) COLLATE utf8mb4_unicode_ci NOT NULL DEFAULT 'published',
  `created_at` timestamp NULL DEFAULT NULL,
  `updated_at` timestamp NULL DEFAULT NULL,
  PRIMARY KEY (`id`)
) ENGINE=InnoDB AUTO_INCREMENT=60 DEFAULT CHARSET=utf8mb4 COLLATE=utf8mb4_unicode_ci;
/*!40101 SET character_set_client = @saved_cs_client */;

--
-- Dumping data for table `states`
--

LOCK TABLES `states` WRITE;
/*!40000 ALTER TABLE `states` DISABLE KEYS */;
INSERT INTO `states` VALUES (1,'Alabama','AL',1,0,0,'published','2023-06-13 21:33:50','2023-06-13 21:33:50'),(2,'Alaska','AK',1,0,0,'published','2023-06-13 21:33:50','2023-06-13 21:33:50'),(3,'American Samoa','AS',1,0,0,'published','2023-06-13 21:33:50','2023-06-13 21:33:50'),(4,'Arizona','AZ',1,0,0,'published','2023-06-13 21:33:50','2023-06-13 21:33:50'),(5,'Arkansas','AR',1,0,0,'published','2023-06-13 21:33:50','2023-06-13 21:33:50'),(6,'California','CA',1,0,0,'published','2023-06-13 21:33:50','2023-06-13 21:33:50'),(7,'Colorado','CO',1,0,0,'published','2023-06-13 21:33:50','2023-06-13 21:33:50'),(8,'Connecticut','CT',1,0,0,'published','2023-06-13 21:33:50','2023-06-13 21:33:50'),(9,'Delaware','DE',1,0,0,'published','2023-06-13 21:33:50','2023-06-13 21:33:50'),(10,'District Of Columbia','DC',1,0,0,'published','2023-06-13 21:33:50','2023-06-13 21:33:50'),(11,'Federated States Of Micronesia','FM',1,0,0,'published','2023-06-13 21:33:50','2023-06-13 21:33:50'),(12,'Florida','FL',1,0,0,'published','2023-06-13 21:33:50','2023-06-13 21:33:50'),(13,'Georgia','GA',1,0,0,'published','2023-06-13 21:33:50','2023-06-13 21:33:50'),(14,'Guam','GU',1,0,0,'published','2023-06-13 21:33:50','2023-06-13 21:33:50'),(15,'Hawaii','HI',1,0,0,'published','2023-06-13 21:33:50','2023-06-13 21:33:50'),(16,'Idaho','ID',1,0,0,'published','2023-06-13 21:33:50','2023-06-13 21:33:50'),(17,'Illinois','IL',1,0,0,'published','2023-06-13 21:33:50','2023-06-13 21:33:50'),(18,'Indiana','IN',1,0,0,'published','2023-06-13 21:33:50','2023-06-13 21:33:50'),(19,'Iowa','IA',1,0,0,'published','2023-06-13 21:33:50','2023-06-13 21:33:50'),(20,'Kansas','KS',1,0,0,'published','2023-06-13 21:33:50','2023-06-13 21:33:50'),(21,'Kentucky','KY',1,0,0,'published','2023-06-13 21:33:50','2023-06-13 21:33:50'),(22,'Louisiana','LA',1,0,0,'published','2023-06-13 21:33:50','2023-06-13 21:33:50'),(23,'Maine','ME',1,0,0,'published','2023-06-13 21:33:50','2023-06-13 21:33:50'),(24,'Marshall Islands','MH',1,0,0,'published','2023-06-13 21:33:50','2023-06-13 21:33:50'),(25,'Maryland','MD',1,0,0,'published','2023-06-13 21:33:50','2023-06-13 21:33:50'),(26,'Massachusetts','MA',1,0,0,'published','2023-06-13 21:33:50','2023-06-13 21:33:50'),(27,'Michigan','MI',1,0,0,'published','2023-06-13 21:33:50','2023-06-13 21:33:50'),(28,'Minnesota','MN',1,0,0,'published','2023-06-13 21:33:50','2023-06-13 21:33:50'),(29,'Mississippi','MS',1,0,0,'published','2023-06-13 21:33:50','2023-06-13 21:33:50'),(30,'Missouri','MO',1,0,0,'published','2023-06-13 21:33:50','2023-06-13 21:33:50'),(31,'Montana','MT',1,0,0,'published','2023-06-13 21:33:50','2023-06-13 21:33:50'),(32,'Nebraska','NE',1,0,0,'published','2023-06-13 21:33:50','2023-06-13 21:33:50'),(33,'Nevada','NV',1,0,0,'published','2023-06-13 21:33:50','2023-06-13 21:33:50'),(34,'New Hampshire','NH',1,0,0,'published','2023-06-13 21:33:50','2023-06-13 21:33:50'),(35,'New Jersey','NJ',1,0,0,'published','2023-06-13 21:33:50','2023-06-13 21:33:50'),(36,'New Mexico','NM',1,0,0,'published','2023-06-13 21:33:50','2023-06-13 21:33:50'),(37,'New York','NY',1,0,0,'published','2023-06-13 21:33:50','2023-06-13 21:33:50'),(38,'North Carolina','NC',1,0,0,'published','2023-06-13 21:33:50','2023-06-13 21:33:50'),(39,'North Dakota','ND',1,0,0,'published','2023-06-13 21:33:50','2023-06-13 21:33:50'),(40,'Northern Mariana Islands','MP',1,0,0,'published','2023-06-13 21:33:50','2023-06-13 21:33:50'),(41,'Ohio','OH',1,0,0,'published','2023-06-13 21:33:50','2023-06-13 21:33:50'),(42,'Oklahoma','OK',1,0,0,'published','2023-06-13 21:33:50','2023-06-13 21:33:50'),(43,'Oregon','OR',1,0,0,'published','2023-06-13 21:33:50','2023-06-13 21:33:50'),(44,'Palau','PW',1,0,0,'published','2023-06-13 21:33:50','2023-06-13 21:33:50'),(45,'Pennsylvania','PA',1,0,0,'published','2023-06-13 21:33:50','2023-06-13 21:33:50'),(46,'Puerto Rico','PR',1,0,0,'published','2023-06-13 21:33:50','2023-06-13 21:33:50'),(47,'Rhode Island','RI',1,0,0,'published','2023-06-13 21:33:50','2023-06-13 21:33:50'),(48,'South Carolina','SC',1,0,0,'published','2023-06-13 21:33:50','2023-06-13 21:33:50'),(49,'South Dakota','SD',1,0,0,'published','2023-06-13 21:33:50','2023-06-13 21:33:50'),(50,'Tennessee','TN',1,0,0,'published','2023-06-13 21:33:50','2023-06-13 21:33:50'),(51,'Texas','TX',1,0,0,'published','2023-06-13 21:33:50','2023-06-13 21:33:50'),(52,'Utah','UT',1,0,0,'published','2023-06-13 21:33:50','2023-06-13 21:33:50'),(53,'Vermont','VT',1,0,0,'published','2023-06-13 21:33:50','2023-06-13 21:33:50'),(54,'Virgin Islands','VI',1,0,0,'published','2023-06-13 21:33:50','2023-06-13 21:33:50'),(55,'Virginia','VA',1,0,0,'published','2023-06-13 21:33:50','2023-06-13 21:33:50'),(56,'Washington','WA',1,0,0,'published','2023-06-13 21:33:50','2023-06-13 21:33:50'),(57,'West Virginia','WV',1,0,0,'published','2023-06-13 21:33:50','2023-06-13 21:33:50'),(58,'Wisconsin','WI',1,0,0,'published','2023-06-13 21:33:50','2023-06-13 21:33:50'),(59,'Wyoming','WY',1,0,0,'published','2023-06-13 21:33:50','2023-06-13 21:33:50');
/*!40000 ALTER TABLE `states` ENABLE KEYS */;
UNLOCK TABLES;

--
-- Table structure for table `states_translations`
--

DROP TABLE IF EXISTS `states_translations`;
/*!40101 SET @saved_cs_client     = @@character_set_client */;
/*!50503 SET character_set_client = utf8mb4 */;
CREATE TABLE `states_translations` (
  `lang_code` varchar(191) COLLATE utf8mb4_unicode_ci NOT NULL,
  `states_id` bigint unsigned NOT NULL,
  `name` varchar(120) COLLATE utf8mb4_unicode_ci DEFAULT NULL,
  `abbreviation` varchar(10) CHARACTER SET utf8mb4 COLLATE utf8mb4_unicode_ci DEFAULT NULL,
  PRIMARY KEY (`lang_code`,`states_id`)
) ENGINE=InnoDB DEFAULT CHARSET=utf8mb4 COLLATE=utf8mb4_unicode_ci;
/*!40101 SET character_set_client = @saved_cs_client */;

--
-- Dumping data for table `states_translations`
--

LOCK TABLES `states_translations` WRITE;
/*!40000 ALTER TABLE `states_translations` DISABLE KEYS */;
INSERT INTO `states_translations` VALUES ('ar',1,'Alabama','AL'),('ar',2,'Alaska','AK'),('ar',3,'American Samoa','AS'),('ar',4,'Arizona','AZ'),('ar',5,'Arkansas','AR'),('ar',6,'California','CA'),('ar',7,'Colorado','CO'),('ar',8,'Connecticut','CT'),('ar',9,'Delaware','DE'),('ar',10,'District Of Columbia','DC'),('ar',11,'Federated States Of Micronesia','FM'),('ar',12,'Florida','FL'),('ar',13,'Georgia','GA'),('ar',14,'Guam','GU'),('ar',15,'Hawaii','HI'),('ar',16,'Idaho','ID'),('ar',17,'Illinois','IL'),('ar',18,'Indiana','IN'),('ar',19,'Iowa','IA'),('ar',20,'Kansas','KS'),('ar',21,'Kentucky','KY'),('ar',22,'Louisiana','LA'),('ar',23,'Maine','ME'),('ar',24,'Marshall Islands','MH'),('ar',25,'Maryland','MD'),('ar',26,'Massachusetts','MA'),('ar',27,'Michigan','MI'),('ar',28,'Minnesota','MN'),('ar',29,'Mississippi','MS'),('ar',30,'Missouri','MO'),('ar',31,'Montana','MT'),('ar',32,'Nebraska','NE'),('ar',33,'Nevada','NV'),('ar',34,'New Hampshire','NH'),('ar',35,'New Jersey','NJ'),('ar',36,'New Mexico','NM'),('ar',37,'New York','NY'),('ar',38,'North Carolina','NC'),('ar',39,'North Dakota','ND'),('ar',40,'Northern Mariana Islands','MP'),('ar',41,'Ohio','OH'),('ar',42,'Oklahoma','OK'),('ar',43,'Oregon','OR'),('ar',44,'Palau','PW'),('ar',45,'Pennsylvania','PA'),('ar',46,'Puerto Rico','PR'),('ar',47,'Rhode Island','RI'),('ar',48,'South Carolina','SC'),('ar',49,'South Dakota','SD'),('ar',50,'Tennessee','TN'),('ar',51,'Texas','TX'),('ar',52,'Utah','UT'),('ar',53,'Vermont','VT'),('ar',54,'Virgin Islands','VI'),('ar',55,'Virginia','VA'),('ar',56,'Washington','WA'),('ar',57,'West Virginia','WV'),('ar',58,'Wisconsin','WI'),('ar',59,'Wyoming','WY'),('vi',1,'Alabama','AL'),('vi',2,'Alaska','AK'),('vi',3,'American Samoa','AS'),('vi',4,'Arizona','AZ'),('vi',5,'Arkansas','AR'),('vi',6,'California','CA'),('vi',7,'Colorado','CO'),('vi',8,'Connecticut','CT'),('vi',9,'Delaware','DE'),('vi',10,'District Of Columbia','DC'),('vi',11,'Federated States Of Micronesia','FM'),('vi',12,'Florida','FL'),('vi',13,'Georgia','GA'),('vi',14,'Guam','GU'),('vi',15,'Hawaii','HI'),('vi',16,'Idaho','ID'),('vi',17,'Illinois','IL'),('vi',18,'Indiana','IN'),('vi',19,'Iowa','IA'),('vi',20,'Kansas','KS'),('vi',21,'Kentucky','KY'),('vi',22,'Louisiana','LA'),('vi',23,'Maine','ME'),('vi',24,'Marshall Islands','MH'),('vi',25,'Maryland','MD'),('vi',26,'Massachusetts','MA'),('vi',27,'Michigan','MI'),('vi',28,'Minnesota','MN'),('vi',29,'Mississippi','MS'),('vi',30,'Missouri','MO'),('vi',31,'Montana','MT'),('vi',32,'Nebraska','NE'),('vi',33,'Nevada','NV'),('vi',34,'New Hampshire','NH'),('vi',35,'New Jersey','NJ'),('vi',36,'New Mexico','NM'),('vi',37,'New York','NY'),('vi',38,'North Carolina','NC'),('vi',39,'North Dakota','ND'),('vi',40,'Northern Mariana Islands','MP'),('vi',41,'Ohio','OH'),('vi',42,'Oklahoma','OK'),('vi',43,'Oregon','OR'),('vi',44,'Palau','PW'),('vi',45,'Pennsylvania','PA'),('vi',46,'Puerto Rico','PR'),('vi',47,'Rhode Island','RI'),('vi',48,'South Carolina','SC'),('vi',49,'South Dakota','SD'),('vi',50,'Tennessee','TN'),('vi',51,'Texas','TX'),('vi',52,'Utah','UT'),('vi',53,'Vermont','VT'),('vi',54,'Virgin Islands','VI'),('vi',55,'Virginia','VA'),('vi',56,'Washington','WA'),('vi',57,'West Virginia','WV'),('vi',58,'Wisconsin','WI'),('vi',59,'Wyoming','WY');
/*!40000 ALTER TABLE `states_translations` ENABLE KEYS */;
UNLOCK TABLES;

--
-- Table structure for table `tags`
--

DROP TABLE IF EXISTS `tags`;
/*!40101 SET @saved_cs_client     = @@character_set_client */;
/*!50503 SET character_set_client = utf8mb4 */;
CREATE TABLE `tags` (
  `id` bigint unsigned NOT NULL AUTO_INCREMENT,
  `name` varchar(120) COLLATE utf8mb4_unicode_ci NOT NULL,
  `author_id` bigint unsigned NOT NULL,
  `author_type` varchar(255) CHARACTER SET utf8mb4 COLLATE utf8mb4_unicode_ci NOT NULL DEFAULT 'Botble\\ACL\\Models\\User',
  `description` varchar(400) COLLATE utf8mb4_unicode_ci DEFAULT '',
  `status` varchar(60) COLLATE utf8mb4_unicode_ci NOT NULL DEFAULT 'published',
  `created_at` timestamp NULL DEFAULT NULL,
  `updated_at` timestamp NULL DEFAULT NULL,
  PRIMARY KEY (`id`)
) ENGINE=InnoDB AUTO_INCREMENT=6 DEFAULT CHARSET=utf8mb4 COLLATE=utf8mb4_unicode_ci;
/*!40101 SET character_set_client = @saved_cs_client */;

--
-- Dumping data for table `tags`
--

LOCK TABLES `tags` WRITE;
/*!40000 ALTER TABLE `tags` DISABLE KEYS */;
INSERT INTO `tags` VALUES (1,'General',1,'Botble\\ACL\\Models\\User','','published','2023-06-13 21:33:46','2023-06-13 21:33:46'),(2,'Design',1,'Botble\\ACL\\Models\\User','','published','2023-06-13 21:33:46','2023-06-13 21:33:46'),(3,'Fashion',1,'Botble\\ACL\\Models\\User','','published','2023-06-13 21:33:46','2023-06-13 21:33:46'),(4,'Branding',1,'Botble\\ACL\\Models\\User','','published','2023-06-13 21:33:46','2023-06-13 21:33:46'),(5,'Modern',1,'Botble\\ACL\\Models\\User','','published','2023-06-13 21:33:46','2023-06-13 21:33:46');
/*!40000 ALTER TABLE `tags` ENABLE KEYS */;
UNLOCK TABLES;

--
-- Table structure for table `tags_translations`
--

DROP TABLE IF EXISTS `tags_translations`;
/*!40101 SET @saved_cs_client     = @@character_set_client */;
/*!50503 SET character_set_client = utf8mb4 */;
CREATE TABLE `tags_translations` (
  `lang_code` varchar(191) COLLATE utf8mb4_unicode_ci NOT NULL,
  `tags_id` bigint unsigned NOT NULL,
  `name` varchar(255) COLLATE utf8mb4_unicode_ci DEFAULT NULL,
  `description` varchar(400) COLLATE utf8mb4_unicode_ci DEFAULT NULL,
  PRIMARY KEY (`lang_code`,`tags_id`)
) ENGINE=InnoDB DEFAULT CHARSET=utf8mb4 COLLATE=utf8mb4_unicode_ci;
/*!40101 SET character_set_client = @saved_cs_client */;

--
-- Dumping data for table `tags_translations`
--

LOCK TABLES `tags_translations` WRITE;
/*!40000 ALTER TABLE `tags_translations` DISABLE KEYS */;
INSERT INTO `tags_translations` VALUES ('vi',1,'Chung',NULL),('vi',2,'Thit k',NULL),('vi',3,'Thi trang',NULL),('vi',4,'Thng hiu',NULL),('vi',5,'Hin i',NULL);
/*!40000 ALTER TABLE `tags_translations` ENABLE KEYS */;
UNLOCK TABLES;

--
-- Table structure for table `testimonials`
--

DROP TABLE IF EXISTS `testimonials`;
/*!40101 SET @saved_cs_client     = @@character_set_client */;
/*!50503 SET character_set_client = utf8mb4 */;
CREATE TABLE `testimonials` (
  `id` bigint unsigned NOT NULL AUTO_INCREMENT,
  `name` varchar(120) COLLATE utf8mb4_unicode_ci NOT NULL,
  `content` text COLLATE utf8mb4_unicode_ci NOT NULL,
  `image` varchar(255) COLLATE utf8mb4_unicode_ci DEFAULT NULL,
  `company` varchar(120) COLLATE utf8mb4_unicode_ci DEFAULT NULL,
  `status` varchar(60) COLLATE utf8mb4_unicode_ci NOT NULL DEFAULT 'published',
  `created_at` timestamp NULL DEFAULT NULL,
  `updated_at` timestamp NULL DEFAULT NULL,
  PRIMARY KEY (`id`)
) ENGINE=InnoDB AUTO_INCREMENT=4 DEFAULT CHARSET=utf8mb4 COLLATE=utf8mb4_unicode_ci;
/*!40101 SET character_set_client = @saved_cs_client */;

--
-- Dumping data for table `testimonials`
--

LOCK TABLES `testimonials` WRITE;
/*!40000 ALTER TABLE `testimonials` DISABLE KEYS */;
INSERT INTO `testimonials` VALUES (1,'Jeffrey Montgomery','Very well thought out and articulate communication. Clear milestones, deadlines and fast work. Patience. Infinite patience. No shortcuts. Even if the client is being careless.','testimonials/1.png','Product Manager','published','2023-06-13 21:34:09','2023-06-13 21:34:09'),(2,'Rebecca Swartz','Very well thought out and articulate communication. Clear milestones, deadlines and fast work. Patience. Infinite patience. No shortcuts. Even if the client is being careless.','testimonials/2.png','Creative Designer','published','2023-06-13 21:34:09','2023-06-13 21:34:09'),(3,'Charles Dickens','Very well thought out and articulate communication. Clear milestones, deadlines and fast work. Patience. Infinite patience. No shortcuts. Even if the client is being careless.','testimonials/3.png','Store Assistant','published','2023-06-13 21:34:09','2023-06-13 21:34:09');
/*!40000 ALTER TABLE `testimonials` ENABLE KEYS */;
UNLOCK TABLES;

--
-- Table structure for table `testimonials_translations`
--

DROP TABLE IF EXISTS `testimonials_translations`;
/*!40101 SET @saved_cs_client     = @@character_set_client */;
/*!50503 SET character_set_client = utf8mb4 */;
CREATE TABLE `testimonials_translations` (
  `lang_code` varchar(191) COLLATE utf8mb4_unicode_ci NOT NULL,
  `testimonials_id` bigint unsigned NOT NULL,
  `name` varchar(255) COLLATE utf8mb4_unicode_ci DEFAULT NULL,
  `content` text COLLATE utf8mb4_unicode_ci,
  `company` varchar(120) COLLATE utf8mb4_unicode_ci DEFAULT NULL,
  PRIMARY KEY (`lang_code`,`testimonials_id`)
) ENGINE=InnoDB DEFAULT CHARSET=utf8mb4 COLLATE=utf8mb4_unicode_ci;
/*!40101 SET character_set_client = @saved_cs_client */;

--
-- Dumping data for table `testimonials_translations`
--

LOCK TABLES `testimonials_translations` WRITE;
/*!40000 ALTER TABLE `testimonials_translations` DISABLE KEYS */;
INSERT INTO `testimonials_translations` VALUES ('vi',1,'Adam Williams',NULL,'Gim c Microsoft'),('vi',2,'Retha Deowalim',NULL,'Gim c Apple'),('vi',3,'Sam J. Wasim',NULL,'Nh sng lp Pio'),('vi',4,'Usan Gulwarm',NULL,'Gim c Facewarm');
/*!40000 ALTER TABLE `testimonials_translations` ENABLE KEYS */;
UNLOCK TABLES;

--
-- Table structure for table `translations`
--

DROP TABLE IF EXISTS `translations`;
/*!40101 SET @saved_cs_client     = @@character_set_client */;
/*!50503 SET character_set_client = utf8mb4 */;
CREATE TABLE `translations` (
  `id` bigint unsigned NOT NULL AUTO_INCREMENT,
  `status` int NOT NULL DEFAULT '0',
  `locale` varchar(191) COLLATE utf8mb4_unicode_ci NOT NULL,
  `group` varchar(191) COLLATE utf8mb4_unicode_ci NOT NULL,
  `key` varchar(191) COLLATE utf8mb4_unicode_ci NOT NULL,
  `value` text COLLATE utf8mb4_unicode_ci,
  `created_at` timestamp NULL DEFAULT NULL,
  `updated_at` timestamp NULL DEFAULT NULL,
  PRIMARY KEY (`id`)
) ENGINE=InnoDB AUTO_INCREMENT=2504 DEFAULT CHARSET=utf8mb4 COLLATE=utf8mb4_unicode_ci;
/*!40101 SET character_set_client = @saved_cs_client */;

--
-- Dumping data for table `translations`
--

LOCK TABLES `translations` WRITE;
/*!40000 ALTER TABLE `translations` DISABLE KEYS */;
INSERT INTO `translations` VALUES (1,1,'ar','auth','failed','        .','2023-06-13 21:34:09','2023-06-13 21:34:09'),(2,1,'ar','auth','password','    .','2023-06-13 21:34:09','2023-06-13 21:34:09'),(3,1,'ar','auth','throttle','     .      :seconds .','2023-06-13 21:34:09','2023-06-13 21:34:09'),(4,1,'ar','http-statuses','0','  ','2023-06-13 21:34:09','2023-06-13 21:34:09'),(5,1,'ar','http-statuses','100','','2023-06-13 21:34:09','2023-06-13 21:34:09'),(6,1,'ar','http-statuses','101',' ','2023-06-13 21:34:09','2023-06-13 21:34:09'),(7,1,'ar','http-statuses','102','','2023-06-13 21:34:09','2023-06-13 21:34:09'),(8,1,'ar','http-statuses','200','','2023-06-13 21:34:09','2023-06-13 21:34:09'),(9,1,'ar','http-statuses','201','','2023-06-13 21:34:09','2023-06-13 21:34:09'),(10,1,'ar','http-statuses','202','','2023-06-13 21:34:09','2023-06-13 21:34:09'),(11,1,'ar','http-statuses','203','  ','2023-06-13 21:34:09','2023-06-13 21:34:09'),(12,1,'ar','http-statuses','204','  ','2023-06-13 21:34:09','2023-06-13 21:34:09'),(13,1,'ar','http-statuses','205','  ','2023-06-13 21:34:09','2023-06-13 21:34:09'),(14,1,'ar','http-statuses','206',' ','2023-06-13 21:34:09','2023-06-13 21:34:09'),(15,1,'ar','http-statuses','207',' ','2023-06-13 21:34:09','2023-06-13 21:34:09'),(16,1,'ar','http-statuses','208',' ','2023-06-13 21:34:09','2023-06-13 21:34:09'),(17,1,'ar','http-statuses','226',' ','2023-06-13 21:34:09','2023-06-13 21:34:09'),(18,1,'ar','http-statuses','300',' ','2023-06-13 21:34:09','2023-06-13 21:34:09'),(19,1,'ar','http-statuses','301','  ','2023-06-13 21:34:09','2023-06-13 21:34:09'),(20,1,'ar','http-statuses','302','','2023-06-13 21:34:09','2023-06-13 21:34:09'),(21,1,'ar','http-statuses','303',' ','2023-06-13 21:34:09','2023-06-13 21:34:09'),(22,1,'ar','http-statuses','304',' ','2023-06-13 21:34:09','2023-06-13 21:34:09'),(23,1,'ar','http-statuses','305',' ','2023-06-13 21:34:09','2023-06-13 21:34:09'),(24,1,'ar','http-statuses','307','  ','2023-06-13 21:34:09','2023-06-13 21:34:09'),(25,1,'ar','http-statuses','308','  ','2023-06-13 21:34:09','2023-06-13 21:34:09'),(26,1,'ar','http-statuses','400','  ','2023-06-13 21:34:09','2023-06-13 21:34:09'),(27,1,'ar','http-statuses','401',' ','2023-06-13 21:34:09','2023-06-13 21:34:09'),(28,1,'ar','http-statuses','402',' ','2023-06-13 21:34:09','2023-06-13 21:34:09'),(29,1,'ar','http-statuses','403','','2023-06-13 21:34:09','2023-06-13 21:34:09'),(30,1,'ar','http-statuses','404','  ','2023-06-13 21:34:09','2023-06-13 21:34:09'),(31,1,'ar','http-statuses','405','  ','2023-06-13 21:34:09','2023-06-13 21:34:09'),(32,1,'ar','http-statuses','406',' ','2023-06-13 21:34:09','2023-06-13 21:34:09'),(33,1,'ar','http-statuses','407','  ','2023-06-13 21:34:09','2023-06-13 21:34:09'),(34,1,'ar','http-statuses','408',' ','2023-06-13 21:34:09','2023-06-13 21:34:09'),(35,1,'ar','http-statuses','409','','2023-06-13 21:34:09','2023-06-13 21:34:09'),(36,1,'ar','http-statuses','410','','2023-06-13 21:34:09','2023-06-13 21:34:09'),(37,1,'ar','http-statuses','411',' ','2023-06-13 21:34:09','2023-06-13 21:34:09'),(38,1,'ar','http-statuses','412','  ','2023-06-13 21:34:09','2023-06-13 21:34:09'),(39,1,'ar','http-statuses','413','  ','2023-06-13 21:34:09','2023-06-13 21:34:09'),(40,1,'ar','http-statuses','414','URI  ','2023-06-13 21:34:09','2023-06-13 21:34:09'),(41,1,'ar','http-statuses','415','   ','2023-06-13 21:34:09','2023-06-13 21:34:09'),(42,1,'ar','http-statuses','416','  ','2023-06-13 21:34:09','2023-06-13 21:34:09'),(43,1,'ar','http-statuses','417',' ','2023-06-13 21:34:09','2023-06-13 21:34:09'),(44,1,'ar','http-statuses','418','  ','2023-06-13 21:34:09','2023-06-13 21:34:09'),(45,1,'ar','http-statuses','419',' ','2023-06-13 21:34:09','2023-06-13 21:34:09'),(46,1,'ar','http-statuses','421',' ','2023-06-13 21:34:09','2023-06-13 21:34:09'),(47,1,'ar','http-statuses','422','   ','2023-06-13 21:34:09','2023-06-13 21:34:09'),(48,1,'ar','http-statuses','423','','2023-06-13 21:34:09','2023-06-13 21:34:09'),(49,1,'ar','http-statuses','424',' ','2023-06-13 21:34:09','2023-06-13 21:34:09'),(50,1,'ar','http-statuses','426',' ','2023-06-13 21:34:09','2023-06-13 21:34:09'),(51,1,'ar','http-statuses','428','  ','2023-06-13 21:34:09','2023-06-13 21:34:09'),(52,1,'ar','http-statuses','429','  ','2023-06-13 21:34:09','2023-06-13 21:34:09'),(53,1,'ar','http-statuses','431','    ','2023-06-13 21:34:09','2023-06-13 21:34:09'),(54,1,'ar','http-statuses','449',' ','2023-06-13 21:34:09','2023-06-13 21:34:09'),(55,1,'ar','http-statuses','451','   ','2023-06-13 21:34:09','2023-06-13 21:34:09'),(56,1,'ar','http-statuses','500','   ','2023-06-13 21:34:09','2023-06-13 21:34:09'),(57,1,'ar','http-statuses','501',' ','2023-06-13 21:34:09','2023-06-13 21:34:09'),(58,1,'ar','http-statuses','502',' ','2023-06-13 21:34:09','2023-06-13 21:34:09'),(59,1,'ar','http-statuses','503',' ','2023-06-13 21:34:09','2023-06-13 21:34:09'),(60,1,'ar','http-statuses','504','','2023-06-13 21:34:09','2023-06-13 21:34:09'),(61,1,'ar','http-statuses','505',' HTTP  ','2023-06-13 21:34:09','2023-06-13 21:34:09'),(62,1,'ar','http-statuses','506','  ','2023-06-13 21:34:09','2023-06-13 21:34:09'),(63,1,'ar','http-statuses','507','  ','2023-06-13 21:34:09','2023-06-13 21:34:09'),(64,1,'ar','http-statuses','508',' ','2023-06-13 21:34:09','2023-06-13 21:34:09'),(65,1,'ar','http-statuses','509','   ','2023-06-13 21:34:09','2023-06-13 21:34:09'),(66,1,'ar','http-statuses','510',' ','2023-06-13 21:34:09','2023-06-13 21:34:09'),(67,1,'ar','http-statuses','511','  ','2023-06-13 21:34:09','2023-06-13 21:34:09'),(68,1,'ar','http-statuses','520','  ','2023-06-13 21:34:09','2023-06-13 21:34:09'),(69,1,'ar','http-statuses','521','   ','2023-06-13 21:34:09','2023-06-13 21:34:09'),(70,1,'ar','http-statuses','522','  ','2023-06-13 21:34:09','2023-06-13 21:34:09'),(71,1,'ar','http-statuses','523','   ','2023-06-13 21:34:09','2023-06-13 21:34:09'),(72,1,'ar','http-statuses','524',' ','2023-06-13 21:34:09','2023-06-13 21:34:09'),(73,1,'ar','http-statuses','525','  SSL','2023-06-13 21:34:09','2023-06-13 21:34:09'),(74,1,'ar','http-statuses','526',' SSL  ','2023-06-13 21:34:09','2023-06-13 21:34:09'),(75,1,'ar','http-statuses','unknownError','  ','2023-06-13 21:34:09','2023-06-13 21:34:09'),(76,1,'ar','pagination','next',' &raquo;','2023-06-13 21:34:09','2023-06-13 21:34:09'),(77,1,'ar','pagination','previous','&laquo; ','2023-06-13 21:34:09','2023-06-13 21:34:09'),(78,1,'ar','passwords','reset','    !','2023-06-13 21:34:09','2023-06-13 21:34:09'),(79,1,'ar','passwords','sent','          !','2023-06-13 21:34:09','2023-06-13 21:34:09'),(80,1,'ar','passwords','throttled','    .','2023-06-13 21:34:09','2023-06-13 21:34:09'),(81,1,'ar','passwords','token','       .','2023-06-13 21:34:09','2023-06-13 21:34:09'),(82,1,'ar','passwords','user','        .','2023-06-13 21:34:09','2023-06-13 21:34:09'),(83,1,'ar','validation','accepted','  :attribute.','2023-06-13 21:34:09','2023-06-13 21:34:09'),(84,1,'ar','validation','accepted_if','  :attribute   :other  :value.','2023-06-13 21:34:09','2023-06-13 21:34:09'),(85,1,'ar','validation','active_url',' :attribute    .','2023-06-13 21:34:09','2023-06-13 21:34:09'),(86,1,'ar','validation','after','   :attribute      :date.','2023-06-13 21:34:09','2023-06-13 21:34:09'),(87,1,'ar','validation','after_or_equal',' :attribute         :date.','2023-06-13 21:34:09','2023-06-13 21:34:09'),(88,1,'ar','validation','alpha','     :attribute   .','2023-06-13 21:34:09','2023-06-13 21:34:09'),(89,1,'ar','validation','alpha_dash','     :attribute     .','2023-06-13 21:34:09','2023-06-13 21:34:09'),(90,1,'ar','validation','alpha_num','    :attribute    .','2023-06-13 21:34:09','2023-06-13 21:34:09'),(91,1,'ar','validation','array','    :attribute .','2023-06-13 21:34:09','2023-06-13 21:34:09'),(92,1,'ar','validation','before','   :attribute      :date.','2023-06-13 21:34:09','2023-06-13 21:34:09'),(93,1,'ar','validation','before_or_equal',' :attribute         :date.','2023-06-13 21:34:09','2023-06-13 21:34:09'),(94,1,'ar','validation','between.array','    :attribute      :min  :max.','2023-06-13 21:34:09','2023-06-13 21:34:09'),(95,1,'ar','validation','between.file','      :attribute  :min  :max .','2023-06-13 21:34:09','2023-06-13 21:34:09'),(96,1,'ar','validation','between.numeric','     :attribute  :min  :max.','2023-06-13 21:34:09','2023-06-13 21:34:09'),(97,1,'ar','validation','between.string','       :attribute  :min  :max.','2023-06-13 21:34:09','2023-06-13 21:34:09'),(98,1,'ar','validation','boolean','     :attribute  true  false .','2023-06-13 21:34:09','2023-06-13 21:34:09'),(99,1,'ar','validation','confirmed','     :attribute.','2023-06-13 21:34:09','2023-06-13 21:34:09'),(100,1,'ar','validation','current_password','   .','2023-06-13 21:34:09','2023-06-13 21:34:09'),(101,1,'ar','validation','date',' :attribute   .','2023-06-13 21:34:09','2023-06-13 21:34:09'),(102,1,'ar','validation','date_equals','    :attribute   :date.','2023-06-13 21:34:09','2023-06-13 21:34:09'),(103,1,'ar','validation','date_format','   :attribute   :format.','2023-06-13 21:34:09','2023-06-13 21:34:09'),(104,1,'ar','validation','declined','  :attribute.','2023-06-13 21:34:09','2023-06-13 21:34:09'),(105,1,'ar','validation','declined_if','  :attribute   :other  :value.','2023-06-13 21:34:09','2023-06-13 21:34:09'),(106,1,'ar','validation','different','    :attribute  :other .','2023-06-13 21:34:09','2023-06-13 21:34:09'),(107,1,'ar','validation','digits','    :attribute  :digits /.','2023-06-13 21:34:09','2023-06-13 21:34:09'),(108,1,'ar','validation','digits_between','    :attribute  :min  :max / .','2023-06-13 21:34:09','2023-06-13 21:34:09'),(109,1,'ar','validation','dimensions',':attribute      .','2023-06-13 21:34:09','2023-06-13 21:34:09'),(110,1,'ar','validation','distinct',' :attribute  .','2023-06-13 21:34:09','2023-06-13 21:34:09'),(111,1,'ar','validation','email','    :attribute     .','2023-06-13 21:34:09','2023-06-13 21:34:09'),(112,1,'ar','validation','ends_with','    :attribute   : :values','2023-06-13 21:34:09','2023-06-13 21:34:09'),(113,1,'ar','validation','enum',' :attribute   .','2023-06-13 21:34:09','2023-06-13 21:34:09'),(114,1,'ar','validation','exists','  :attribute  .','2023-06-13 21:34:09','2023-06-13 21:34:09'),(115,1,'ar','validation','file',' :attribute    .','2023-06-13 21:34:09','2023-06-13 21:34:09'),(116,1,'ar','validation','filled',' :attribute .','2023-06-13 21:34:09','2023-06-13 21:34:09'),(117,1,'ar','validation','gt.array','    :attribute    :value /.','2023-06-13 21:34:09','2023-06-13 21:34:09'),(118,1,'ar','validation','gt.file','      :attribute   :value .','2023-06-13 21:34:09','2023-06-13 21:34:09'),(119,1,'ar','validation','gt.numeric','     :attribute   :value.','2023-06-13 21:34:09','2023-06-13 21:34:09'),(120,1,'ar','validation','gt.string','      :attribute   :value /.','2023-06-13 21:34:09','2023-06-13 21:34:09'),(121,1,'ar','validation','gte.array','    :attribute    :value /.','2023-06-13 21:34:09','2023-06-13 21:34:09'),(122,1,'ar','validation','gte.file','      :attribute   :value .','2023-06-13 21:34:09','2023-06-13 21:34:09'),(123,1,'ar','validation','gte.numeric','     :attribute     :value.','2023-06-13 21:34:09','2023-06-13 21:34:09'),(124,1,'ar','validation','gte.string','      :attribute   :value /.','2023-06-13 21:34:09','2023-06-13 21:34:09'),(125,1,'ar','validation','image','    :attribute .','2023-06-13 21:34:09','2023-06-13 21:34:09'),(126,1,'ar','validation','in',' :attribute  .','2023-06-13 21:34:09','2023-06-13 21:34:09'),(127,1,'ar','validation','in_array',' :attribute    :other.','2023-06-13 21:34:09','2023-06-13 21:34:09'),(128,1,'ar','validation','integer','    :attribute  .','2023-06-13 21:34:09','2023-06-13 21:34:09'),(129,1,'ar','validation','ip','    :attribute  IP .','2023-06-13 21:34:09','2023-06-13 21:34:09'),(130,1,'ar','validation','ipv4','    :attribute  IPv4 .','2023-06-13 21:34:09','2023-06-13 21:34:09'),(131,1,'ar','validation','ipv6','    :attribute  IPv6 .','2023-06-13 21:34:09','2023-06-13 21:34:09'),(132,1,'ar','validation','json','    :attribute    JSON.','2023-06-13 21:34:09','2023-06-13 21:34:09'),(133,1,'ar','validation','lt.array','    :attribute    :value /.','2023-06-13 21:34:09','2023-06-13 21:34:09'),(134,1,'ar','validation','lt.file','      :attribute   :value .','2023-06-13 21:34:09','2023-06-13 21:34:09'),(135,1,'ar','validation','lt.numeric','     :attribute   :value.','2023-06-13 21:34:09','2023-06-13 21:34:09'),(136,1,'ar','validation','lt.string','      :attribute   :value /.','2023-06-13 21:34:09','2023-06-13 21:34:09'),(137,1,'ar','validation','lte.array','     :attribute    :value /.','2023-06-13 21:34:09','2023-06-13 21:34:09'),(138,1,'ar','validation','lte.file','       :attribute :value .','2023-06-13 21:34:09','2023-06-13 21:34:09'),(139,1,'ar','validation','lte.numeric','     :attribute     :value.','2023-06-13 21:34:09','2023-06-13 21:34:09'),(140,1,'ar','validation','lte.string','       :attribute :value /.','2023-06-13 21:34:09','2023-06-13 21:34:09'),(141,1,'ar','validation','mac_address',' :attribute     MAC .','2023-06-13 21:34:09','2023-06-13 21:34:09'),(142,1,'ar','validation','max.array','     :attribute    :max /.','2023-06-13 21:34:09','2023-06-13 21:34:09'),(143,1,'ar','validation','max.file','       :attribute :max .','2023-06-13 21:34:09','2023-06-13 21:34:09'),(144,1,'ar','validation','max.numeric','     :attribute     :max.','2023-06-13 21:34:09','2023-06-13 21:34:09'),(145,1,'ar','validation','max.string','       :attribute :max /.','2023-06-13 21:34:09','2023-06-13 21:34:09'),(146,1,'ar','validation','mimes','      : :values.','2023-06-13 21:34:09','2023-06-13 21:34:09'),(147,1,'ar','validation','mimetypes','      : :values.','2023-06-13 21:34:09','2023-06-13 21:34:09'),(148,1,'ar','validation','min.array','    :attribute    :min /.','2023-06-13 21:34:09','2023-06-13 21:34:09'),(149,1,'ar','validation','min.file','      :attribute   :min .','2023-06-13 21:34:09','2023-06-13 21:34:09'),(150,1,'ar','validation','min.numeric','     :attribute     :min.','2023-06-13 21:34:09','2023-06-13 21:34:09'),(151,1,'ar','validation','min.string','      :attribute   :min /.','2023-06-13 21:34:09','2023-06-13 21:34:09'),(152,1,'ar','validation','multiple_of',' :attribute      :value','2023-06-13 21:34:09','2023-06-13 21:34:09'),(153,1,'ar','validation','not_in','  :attribute  .','2023-06-13 21:34:09','2023-06-13 21:34:09'),(154,1,'ar','validation','not_regex','  :attribute  .','2023-06-13 21:34:09','2023-06-13 21:34:09'),(155,1,'ar','validation','numeric','   :attribute   .','2023-06-13 21:34:09','2023-06-13 21:34:09'),(156,1,'ar','validation','password','   .','2023-06-13 21:34:10','2023-06-13 21:34:10'),(157,1,'ar','validation','present','   :attribute.','2023-06-13 21:34:10','2023-06-13 21:34:10'),(158,1,'ar','validation','prohibited',' :attribute .','2023-06-13 21:34:10','2023-06-13 21:34:10'),(159,1,'ar','validation','prohibited_if',' :attribute    :other  :value.','2023-06-13 21:34:10','2023-06-13 21:34:10'),(160,1,'ar','validation','prohibited_unless',' :attribute     :other  :values.','2023-06-13 21:34:10','2023-06-13 21:34:10'),(161,1,'ar','validation','prohibits',' :attribute    :other.','2023-06-13 21:34:10','2023-06-13 21:34:10'),(162,1,'ar','validation','regex','  :attribute . .','2023-06-13 21:34:10','2023-06-13 21:34:10'),(163,1,'ar','validation','required',' :attribute .','2023-06-13 21:34:10','2023-06-13 21:34:10'),(164,1,'ar','validation','required_array_keys',' :attribute      : :values.','2023-06-13 21:34:10','2023-06-13 21:34:10'),(165,1,'ar','validation','required_if',' :attribute       :other  :value.','2023-06-13 21:34:10','2023-06-13 21:34:10'),(166,1,'ar','validation','required_unless',' :attribute       :other  :values.','2023-06-13 21:34:10','2023-06-13 21:34:10'),(167,1,'ar','validation','required_with',' :attribute    :values.','2023-06-13 21:34:10','2023-06-13 21:34:10'),(168,1,'ar','validation','required_with_all',' :attribute    :values.','2023-06-13 21:34:10','2023-06-13 21:34:10'),(169,1,'ar','validation','required_without',' :attribute     :values.','2023-06-13 21:34:10','2023-06-13 21:34:10'),(170,1,'ar','validation','required_without_all',' :attribute     :values.','2023-06-13 21:34:10','2023-06-13 21:34:10'),(171,1,'ar','validation','same','    :attribute  :other.','2023-06-13 21:34:10','2023-06-13 21:34:10'),(172,1,'ar','validation','size.array','    :attribute  :size / .','2023-06-13 21:34:10','2023-06-13 21:34:10'),(173,1,'ar','validation','size.file','      :attribute :size .','2023-06-13 21:34:10','2023-06-13 21:34:10'),(174,1,'ar','validation','size.numeric','     :attribute   :size.','2023-06-13 21:34:10','2023-06-13 21:34:10'),(175,1,'ar','validation','size.string','     :attribute  :size / .','2023-06-13 21:34:10','2023-06-13 21:34:10'),(176,1,'ar','validation','starts_with','    :attribute   : :values','2023-06-13 21:34:10','2023-06-13 21:34:10'),(177,1,'ar','validation','string','    :attribute .','2023-06-13 21:34:10','2023-06-13 21:34:10'),(178,1,'ar','validation','timezone','    :attribute   .','2023-06-13 21:34:10','2023-06-13 21:34:10'),(179,1,'ar','validation','unique','  :attribute   .','2023-06-13 21:34:10','2023-06-13 21:34:10'),(180,1,'ar','validation','uploaded','    :attribute.','2023-06-13 21:34:10','2023-06-13 21:34:10'),(181,1,'ar','validation','url','   :attribute  .','2023-06-13 21:34:10','2023-06-13 21:34:10'),(182,1,'ar','validation','uuid',' :attribute     UUID .','2023-06-13 21:34:10','2023-06-13 21:34:10'),(183,1,'ar','validation','attributes.address','','2023-06-13 21:34:10','2023-06-13 21:34:10'),(184,1,'ar','validation','attributes.age','','2023-06-13 21:34:10','2023-06-13 21:34:10'),(185,1,'ar','validation','attributes.amount','','2023-06-13 21:34:10','2023-06-13 21:34:10'),(186,1,'ar','validation','attributes.area','','2023-06-13 21:34:10','2023-06-13 21:34:10'),(187,1,'ar','validation','attributes.available','','2023-06-13 21:34:10','2023-06-13 21:34:10'),(188,1,'ar','validation','attributes.birthday',' ','2023-06-13 21:34:10','2023-06-13 21:34:10'),(189,1,'ar','validation','attributes.body','','2023-06-13 21:34:10','2023-06-13 21:34:10'),(190,1,'ar','validation','attributes.city','','2023-06-13 21:34:10','2023-06-13 21:34:10'),(191,1,'ar','validation','attributes.content','','2023-06-13 21:34:10','2023-06-13 21:34:10'),(192,1,'ar','validation','attributes.country','','2023-06-13 21:34:10','2023-06-13 21:34:10'),(193,1,'ar','validation','attributes.created_at',' ','2023-06-13 21:34:10','2023-06-13 21:34:10'),(194,1,'ar','validation','attributes.creator','','2023-06-13 21:34:10','2023-06-13 21:34:10'),(195,1,'ar','validation','attributes.current_password','  ','2023-06-13 21:34:10','2023-06-13 21:34:10'),(196,1,'ar','validation','attributes.date','','2023-06-13 21:34:10','2023-06-13 21:34:10'),(197,1,'ar','validation','attributes.date_of_birth',' ','2023-06-13 21:34:10','2023-06-13 21:34:10'),(198,1,'ar','validation','attributes.day','','2023-06-13 21:34:10','2023-06-13 21:34:10'),(199,1,'ar','validation','attributes.deleted_at',' ','2023-06-13 21:34:10','2023-06-13 21:34:10'),(200,1,'ar','validation','attributes.description','','2023-06-13 21:34:10','2023-06-13 21:34:10'),(201,1,'ar','validation','attributes.district','','2023-06-13 21:34:10','2023-06-13 21:34:10'),(202,1,'ar','validation','attributes.duration','','2023-06-13 21:34:10','2023-06-13 21:34:10'),(203,1,'ar','validation','attributes.email',' ','2023-06-13 21:34:10','2023-06-13 21:34:10'),(204,1,'ar','validation','attributes.excerpt','','2023-06-13 21:34:10','2023-06-13 21:34:10'),(205,1,'ar','validation','attributes.filter','','2023-06-13 21:34:10','2023-06-13 21:34:10'),(206,1,'ar','validation','attributes.first_name',' ','2023-06-13 21:34:10','2023-06-13 21:34:10'),(207,1,'ar','validation','attributes.gender','','2023-06-13 21:34:10','2023-06-13 21:34:10'),(208,1,'ar','validation','attributes.group','','2023-06-13 21:34:10','2023-06-13 21:34:10'),(209,1,'ar','validation','attributes.hour','','2023-06-13 21:34:10','2023-06-13 21:34:10'),(210,1,'ar','validation','attributes.image','','2023-06-13 21:34:10','2023-06-13 21:34:10'),(211,1,'ar','validation','attributes.last_name',' ','2023-06-13 21:34:10','2023-06-13 21:34:10'),(212,1,'ar','validation','attributes.lesson','','2023-06-13 21:34:10','2023-06-13 21:34:10'),(213,1,'ar','validation','attributes.line_address_1',' 1','2023-06-13 21:34:10','2023-06-13 21:34:10'),(214,1,'ar','validation','attributes.line_address_2',' 2','2023-06-13 21:34:10','2023-06-13 21:34:10'),(215,1,'ar','validation','attributes.message','','2023-06-13 21:34:10','2023-06-13 21:34:10'),(216,1,'ar','validation','attributes.middle_name',' ','2023-06-13 21:34:10','2023-06-13 21:34:10'),(217,1,'ar','validation','attributes.minute','','2023-06-13 21:34:10','2023-06-13 21:34:10'),(218,1,'ar','validation','attributes.mobile','','2023-06-13 21:34:10','2023-06-13 21:34:10'),(219,1,'ar','validation','attributes.month','','2023-06-13 21:34:10','2023-06-13 21:34:10'),(220,1,'ar','validation','attributes.name','','2023-06-13 21:34:10','2023-06-13 21:34:10'),(221,1,'ar','validation','attributes.national_code',' ','2023-06-13 21:34:10','2023-06-13 21:34:10'),(222,1,'ar','validation','attributes.number','','2023-06-13 21:34:10','2023-06-13 21:34:10'),(223,1,'ar','validation','attributes.password',' ','2023-06-13 21:34:10','2023-06-13 21:34:10'),(224,1,'ar','validation','attributes.password_confirmation','  ','2023-06-13 21:34:10','2023-06-13 21:34:10'),(225,1,'ar','validation','attributes.phone','','2023-06-13 21:34:10','2023-06-13 21:34:10'),(226,1,'ar','validation','attributes.photo','','2023-06-13 21:34:10','2023-06-13 21:34:10'),(227,1,'ar','validation','attributes.postal_code',' ','2023-06-13 21:34:10','2023-06-13 21:34:10'),(228,1,'ar','validation','attributes.price','','2023-06-13 21:34:10','2023-06-13 21:34:10'),(229,1,'ar','validation','attributes.province','','2023-06-13 21:34:10','2023-06-13 21:34:10'),(230,1,'ar','validation','attributes.recaptcha_response_field','  Recaptcha','2023-06-13 21:34:10','2023-06-13 21:34:10'),(231,1,'ar','validation','attributes.remember','','2023-06-13 21:34:10','2023-06-13 21:34:10'),(232,1,'ar','validation','attributes.restored_at',' ','2023-06-13 21:34:10','2023-06-13 21:34:10'),(233,1,'ar','validation','attributes.result_text_under_image','   ','2023-06-13 21:34:10','2023-06-13 21:34:10'),(234,1,'ar','validation','attributes.role','','2023-06-13 21:34:10','2023-06-13 21:34:10'),(235,1,'ar','validation','attributes.second','','2023-06-13 21:34:10','2023-06-13 21:34:10'),(236,1,'ar','validation','attributes.sex','','2023-06-13 21:34:10','2023-06-13 21:34:10'),(237,1,'ar','validation','attributes.short_text',' ','2023-06-13 21:34:10','2023-06-13 21:34:10'),(238,1,'ar','validation','attributes.size','','2023-06-13 21:34:10','2023-06-13 21:34:10'),(239,1,'ar','validation','attributes.state','','2023-06-13 21:34:10','2023-06-13 21:34:10'),(240,1,'ar','validation','attributes.street','','2023-06-13 21:34:10','2023-06-13 21:34:10'),(241,1,'ar','validation','attributes.student','','2023-06-13 21:34:10','2023-06-13 21:34:10'),(242,1,'ar','validation','attributes.subject','','2023-06-13 21:34:10','2023-06-13 21:34:10'),(243,1,'ar','validation','attributes.teacher','','2023-06-13 21:34:10','2023-06-13 21:34:10'),(244,1,'ar','validation','attributes.terms','','2023-06-13 21:34:10','2023-06-13 21:34:10'),(245,1,'ar','validation','attributes.test_description',' ','2023-06-13 21:34:10','2023-06-13 21:34:10'),(246,1,'ar','validation','attributes.test_locale',' ','2023-06-13 21:34:10','2023-06-13 21:34:10'),(247,1,'ar','validation','attributes.test_name',' ','2023-06-13 21:34:10','2023-06-13 21:34:10'),(248,1,'ar','validation','attributes.text','','2023-06-13 21:34:10','2023-06-13 21:34:10'),(249,1,'ar','validation','attributes.time','','2023-06-13 21:34:10','2023-06-13 21:34:10'),(250,1,'ar','validation','attributes.title','','2023-06-13 21:34:10','2023-06-13 21:34:10'),(251,1,'ar','validation','attributes.updated_at',' ','2023-06-13 21:34:10','2023-06-13 21:34:10'),(252,1,'ar','validation','attributes.username',' ','2023-06-13 21:34:10','2023-06-13 21:34:10'),(253,1,'ar','validation','attributes.year','','2023-06-13 21:34:10','2023-06-13 21:34:10'),(254,1,'ar','validation','custom.attribute-name.rule-name','custom-message','2023-06-13 21:34:10','2023-06-13 21:34:10'),(255,1,'en','auth','failed','These credentials do not match our records.','2023-06-13 21:34:10','2023-06-13 21:34:10'),(256,1,'en','auth','password','The provided password is incorrect.','2023-06-13 21:34:10','2023-06-13 21:34:10'),(257,1,'en','auth','throttle','Too many login attempts. Please try again in :seconds seconds.','2023-06-13 21:34:10','2023-06-13 21:34:10'),(258,1,'en','pagination','previous','&laquo; Previous','2023-06-13 21:34:10','2023-06-13 21:34:10'),(259,1,'en','pagination','next','Next &raquo;','2023-06-13 21:34:10','2023-06-13 21:34:10'),(260,1,'en','passwords','reset','Your password has been reset!','2023-06-13 21:34:10','2023-06-13 21:34:10'),(261,1,'en','passwords','sent','We have emailed your password reset link!','2023-06-13 21:34:10','2023-06-13 21:34:10'),(262,1,'en','passwords','throttled','Please wait before retrying.','2023-06-13 21:34:10','2023-06-13 21:34:10'),(263,1,'en','passwords','token','This password reset token is invalid.','2023-06-13 21:34:10','2023-06-13 21:34:10'),(264,1,'en','passwords','user','We can\'t find a user with that email address.','2023-06-13 21:34:10','2023-06-13 21:34:10'),(265,1,'en','validation','accepted','The :attribute must be accepted.','2023-06-13 21:34:10','2023-06-13 21:34:10'),(266,1,'en','validation','accepted_if','The :attribute must be accepted when :other is :value.','2023-06-13 21:34:10','2023-06-13 21:34:10'),(267,1,'en','validation','active_url','The :attribute is not a valid URL.','2023-06-13 21:34:10','2023-06-13 21:34:10'),(268,1,'en','validation','after','The :attribute must be a date after :date.','2023-06-13 21:34:10','2023-06-13 21:34:10'),(269,1,'en','validation','after_or_equal','The :attribute must be a date after or equal to :date.','2023-06-13 21:34:10','2023-06-13 21:34:10'),(270,1,'en','validation','alpha','The :attribute must only contain letters.','2023-06-13 21:34:10','2023-06-13 21:34:10'),(271,1,'en','validation','alpha_dash','The :attribute must only contain letters, numbers, dashes and underscores.','2023-06-13 21:34:10','2023-06-13 21:34:10'),(272,1,'en','validation','alpha_num','The :attribute must only contain letters and numbers.','2023-06-13 21:34:10','2023-06-13 21:34:10'),(273,1,'en','validation','array','The :attribute must be an array.','2023-06-13 21:34:10','2023-06-13 21:34:10'),(274,1,'en','validation','before','The :attribute must be a date before :date.','2023-06-13 21:34:10','2023-06-13 21:34:10'),(275,1,'en','validation','before_or_equal','The :attribute must be a date before or equal to :date.','2023-06-13 21:34:10','2023-06-13 21:34:10'),(276,1,'en','validation','between.array','The :attribute must have between :min and :max items.','2023-06-13 21:34:10','2023-06-13 21:34:10'),(277,1,'en','validation','between.file','The :attribute must be between :min and :max kilobytes.','2023-06-13 21:34:10','2023-06-13 21:34:10'),(278,1,'en','validation','between.numeric','The :attribute must be between :min and :max.','2023-06-13 21:34:10','2023-06-13 21:34:10'),(279,1,'en','validation','between.string','The :attribute must be between :min and :max characters.','2023-06-13 21:34:10','2023-06-13 21:34:10'),(280,1,'en','validation','boolean','The :attribute field must be true or false.','2023-06-13 21:34:10','2023-06-13 21:34:10'),(281,1,'en','validation','confirmed','The :attribute confirmation does not match.','2023-06-13 21:34:10','2023-06-13 21:34:10'),(282,1,'en','validation','current_password','The password is incorrect.','2023-06-13 21:34:10','2023-06-13 21:34:10'),(283,1,'en','validation','date','The :attribute is not a valid date.','2023-06-13 21:34:10','2023-06-13 21:34:10'),(284,1,'en','validation','date_equals','The :attribute must be a date equal to :date.','2023-06-13 21:34:10','2023-06-13 21:34:10'),(285,1,'en','validation','date_format','The :attribute does not match the format :format.','2023-06-13 21:34:10','2023-06-13 21:34:10'),(286,1,'en','validation','declined','The :attribute must be declined.','2023-06-13 21:34:10','2023-06-13 21:34:10'),(287,1,'en','validation','declined_if','The :attribute must be declined when :other is :value.','2023-06-13 21:34:10','2023-06-13 21:34:10'),(288,1,'en','validation','different','The :attribute and :other must be different.','2023-06-13 21:34:10','2023-06-13 21:34:10'),(289,1,'en','validation','digits','The :attribute must be :digits digits.','2023-06-13 21:34:10','2023-06-13 21:34:10'),(290,1,'en','validation','digits_between','The :attribute must be between :min and :max digits.','2023-06-13 21:34:10','2023-06-13 21:34:10'),(291,1,'en','validation','dimensions','The :attribute has invalid image dimensions.','2023-06-13 21:34:10','2023-06-13 21:34:10'),(292,1,'en','validation','distinct','The :attribute field has a duplicate value.','2023-06-13 21:34:10','2023-06-13 21:34:10'),(293,1,'en','validation','doesnt_start_with','The :attribute may not start with one of the following: :values.','2023-06-13 21:34:10','2023-06-13 21:34:10'),(294,1,'en','validation','email','The :attribute must be a valid email address.','2023-06-13 21:34:10','2023-06-13 21:34:10'),(295,1,'en','validation','ends_with','The :attribute must end with one of the following: :values.','2023-06-13 21:34:10','2023-06-13 21:34:10'),(296,1,'en','validation','enum','The selected :attribute is invalid.','2023-06-13 21:34:10','2023-06-13 21:34:10'),(297,1,'en','validation','exists','The selected :attribute is invalid.','2023-06-13 21:34:10','2023-06-13 21:34:10'),(298,1,'en','validation','file','The :attribute must be a file.','2023-06-13 21:34:10','2023-06-13 21:34:10'),(299,1,'en','validation','filled','The :attribute field must have a value.','2023-06-13 21:34:10','2023-06-13 21:34:10'),(300,1,'en','validation','gt.array','The :attribute must have more than :value items.','2023-06-13 21:34:10','2023-06-13 21:34:10'),(301,1,'en','validation','gt.file','The :attribute must be greater than :value kilobytes.','2023-06-13 21:34:10','2023-06-13 21:34:10'),(302,1,'en','validation','gt.numeric','The :attribute must be greater than :value.','2023-06-13 21:34:10','2023-06-13 21:34:10'),(303,1,'en','validation','gt.string','The :attribute must be greater than :value characters.','2023-06-13 21:34:10','2023-06-13 21:34:10'),(304,1,'en','validation','gte.array','The :attribute must have :value items or more.','2023-06-13 21:34:10','2023-06-13 21:34:10'),(305,1,'en','validation','gte.file','The :attribute must be greater than or equal to :value kilobytes.','2023-06-13 21:34:10','2023-06-13 21:34:10'),(306,1,'en','validation','gte.numeric','The :attribute must be greater than or equal to :value.','2023-06-13 21:34:10','2023-06-13 21:34:10'),(307,1,'en','validation','gte.string','The :attribute must be greater than or equal to :value characters.','2023-06-13 21:34:10','2023-06-13 21:34:10'),(308,1,'en','validation','image','The :attribute must be an image.','2023-06-13 21:34:10','2023-06-13 21:34:10'),(309,1,'en','validation','in','The selected :attribute is invalid.','2023-06-13 21:34:10','2023-06-13 21:34:10'),(310,1,'en','validation','in_array','The :attribute field does not exist in :other.','2023-06-13 21:34:10','2023-06-13 21:34:10'),(311,1,'en','validation','integer','The :attribute must be an integer.','2023-06-13 21:34:10','2023-06-13 21:34:10'),(312,1,'en','validation','ip','The :attribute must be a valid IP address.','2023-06-13 21:34:10','2023-06-13 21:34:10'),(313,1,'en','validation','ipv4','The :attribute must be a valid IPv4 address.','2023-06-13 21:34:10','2023-06-13 21:34:10'),(314,1,'en','validation','ipv6','The :attribute must be a valid IPv6 address.','2023-06-13 21:34:10','2023-06-13 21:34:10'),(315,1,'en','validation','json','The :attribute must be a valid JSON string.','2023-06-13 21:34:10','2023-06-13 21:34:10'),(316,1,'en','validation','lt.array','The :attribute must have less than :value items.','2023-06-13 21:34:10','2023-06-13 21:34:10'),(317,1,'en','validation','lt.file','The :attribute must be less than :value kilobytes.','2023-06-13 21:34:10','2023-06-13 21:34:10'),(318,1,'en','validation','lt.numeric','The :attribute must be less than :value.','2023-06-13 21:34:10','2023-06-13 21:34:10'),(319,1,'en','validation','lt.string','The :attribute must be less than :value characters.','2023-06-13 21:34:10','2023-06-13 21:34:10'),(320,1,'en','validation','lte.array','The :attribute must not have more than :value items.','2023-06-13 21:34:10','2023-06-13 21:34:10'),(321,1,'en','validation','lte.file','The :attribute must be less than or equal to :value kilobytes.','2023-06-13 21:34:10','2023-06-13 21:34:10'),(322,1,'en','validation','lte.numeric','The :attribute must be less than or equal to :value.','2023-06-13 21:34:10','2023-06-13 21:34:10'),(323,1,'en','validation','lte.string','The :attribute must be less than or equal to :value characters.','2023-06-13 21:34:10','2023-06-13 21:34:10'),(324,1,'en','validation','mac_address','The :attribute must be a valid MAC address.','2023-06-13 21:34:10','2023-06-13 21:34:10'),(325,1,'en','validation','max.array','The :attribute must not have more than :max items.','2023-06-13 21:34:10','2023-06-13 21:34:10'),(326,1,'en','validation','max.file','The :attribute must not be greater than :max kilobytes.','2023-06-13 21:34:10','2023-06-13 21:34:10'),(327,1,'en','validation','max.numeric','The :attribute must not be greater than :max.','2023-06-13 21:34:10','2023-06-13 21:34:10'),(328,1,'en','validation','max.string','The :attribute must not be greater than :max characters.','2023-06-13 21:34:10','2023-06-13 21:34:10'),(329,1,'en','validation','mimes','The :attribute must be a file of type: :values.','2023-06-13 21:34:10','2023-06-13 21:34:10'),(330,1,'en','validation','mimetypes','The :attribute must be a file of type: :values.','2023-06-13 21:34:10','2023-06-13 21:34:10'),(331,1,'en','validation','min.array','The :attribute must have at least :min items.','2023-06-13 21:34:10','2023-06-13 21:34:10'),(332,1,'en','validation','min.file','The :attribute must be at least :min kilobytes.','2023-06-13 21:34:10','2023-06-13 21:34:10'),(333,1,'en','validation','min.numeric','The :attribute must be at least :min.','2023-06-13 21:34:10','2023-06-13 21:34:10'),(334,1,'en','validation','min.string','The :attribute must be at least :min characters.','2023-06-13 21:34:10','2023-06-13 21:34:10'),(335,1,'en','validation','multiple_of','The :attribute must be a multiple of :value.','2023-06-13 21:34:10','2023-06-13 21:34:10'),(336,1,'en','validation','not_in','The selected :attribute is invalid.','2023-06-13 21:34:10','2023-06-13 21:34:10'),(337,1,'en','validation','not_regex','The :attribute format is invalid.','2023-06-13 21:34:10','2023-06-13 21:34:10'),(338,1,'en','validation','numeric','The :attribute must be a number.','2023-06-13 21:34:10','2023-06-13 21:34:10'),(339,1,'en','validation','password.letters','The :attribute must contain at least one letter.','2023-06-13 21:34:10','2023-06-13 21:34:10'),(340,1,'en','validation','password.mixed','The :attribute must contain at least one uppercase and one lowercase letter.','2023-06-13 21:34:10','2023-06-13 21:34:10'),(341,1,'en','validation','password.numbers','The :attribute must contain at least one number.','2023-06-13 21:34:10','2023-06-13 21:34:10'),(342,1,'en','validation','password.symbols','The :attribute must contain at least one symbol.','2023-06-13 21:34:10','2023-06-13 21:34:10'),(343,1,'en','validation','password.uncompromised','The given :attribute has appeared in a data leak. Please choose a different :attribute.','2023-06-13 21:34:10','2023-06-13 21:34:10'),(344,1,'en','validation','present','The :attribute field must be present.','2023-06-13 21:34:10','2023-06-13 21:34:10'),(345,1,'en','validation','prohibited','The :attribute field is prohibited.','2023-06-13 21:34:10','2023-06-13 21:34:10'),(346,1,'en','validation','prohibited_if','The :attribute field is prohibited when :other is :value.','2023-06-13 21:34:10','2023-06-13 21:34:10'),(347,1,'en','validation','prohibited_unless','The :attribute field is prohibited unless :other is in :values.','2023-06-13 21:34:10','2023-06-13 21:34:10'),(348,1,'en','validation','prohibits','The :attribute field prohibits :other from being present.','2023-06-13 21:34:10','2023-06-13 21:34:10'),(349,1,'en','validation','regex','The :attribute format is invalid.','2023-06-13 21:34:10','2023-06-13 21:34:10'),(350,1,'en','validation','required','The :attribute field is required.','2023-06-13 21:34:10','2023-06-13 21:34:10'),(351,1,'en','validation','required_array_keys','The :attribute field must contain entries for: :values.','2023-06-13 21:34:10','2023-06-13 21:34:10'),(352,1,'en','validation','required_if','The :attribute field is required when :other is :value.','2023-06-13 21:34:10','2023-06-13 21:34:10'),(353,1,'en','validation','required_unless','The :attribute field is required unless :other is in :values.','2023-06-13 21:34:10','2023-06-13 21:34:10'),(354,1,'en','validation','required_with','The :attribute field is required when :values is present.','2023-06-13 21:34:10','2023-06-13 21:34:10'),(355,1,'en','validation','required_with_all','The :attribute field is required when :values are present.','2023-06-13 21:34:10','2023-06-13 21:34:10'),(356,1,'en','validation','required_without','The :attribute field is required when :values is not present.','2023-06-13 21:34:10','2023-06-13 21:34:10'),(357,1,'en','validation','required_without_all','The :attribute field is required when none of :values are present.','2023-06-13 21:34:10','2023-06-13 21:34:10'),(358,1,'en','validation','same','The :attribute and :other must match.','2023-06-13 21:34:10','2023-06-13 21:34:10'),(359,1,'en','validation','size.array','The :attribute must contain :size items.','2023-06-13 21:34:10','2023-06-13 21:34:10'),(360,1,'en','validation','size.file','The :attribute must be :size kilobytes.','2023-06-13 21:34:10','2023-06-13 21:34:10'),(361,1,'en','validation','size.numeric','The :attribute must be :size.','2023-06-13 21:34:10','2023-06-13 21:34:10'),(362,1,'en','validation','size.string','The :attribute must be :size characters.','2023-06-13 21:34:10','2023-06-13 21:34:10'),(363,1,'en','validation','starts_with','The :attribute must start with one of the following: :values.','2023-06-13 21:34:10','2023-06-13 21:34:10'),(364,1,'en','validation','string','The :attribute must be a string.','2023-06-13 21:34:10','2023-06-13 21:34:10'),(365,1,'en','validation','timezone','The :attribute must be a valid timezone.','2023-06-13 21:34:10','2023-06-13 21:34:10'),(366,1,'en','validation','unique','The :attribute has already been taken.','2023-06-13 21:34:10','2023-06-13 21:34:10'),(367,1,'en','validation','uploaded','The :attribute failed to upload.','2023-06-13 21:34:10','2023-06-13 21:34:10'),(368,1,'en','validation','url','The :attribute must be a valid URL.','2023-06-13 21:34:10','2023-06-13 21:34:10'),(369,1,'en','validation','uuid','The :attribute must be a valid UUID.','2023-06-13 21:34:10','2023-06-13 21:34:10'),(370,1,'en','validation','custom.attribute-name.rule-name','custom-message','2023-06-13 21:34:10','2023-06-13 21:34:10'),(371,1,'en','core/acl/auth','login.username','Email/Username','2023-06-13 21:34:10','2023-06-13 21:34:10'),(372,1,'en','core/acl/auth','login.email','Email','2023-06-13 21:34:10','2023-06-13 21:34:10'),(373,1,'en','core/acl/auth','login.password','Password','2023-06-13 21:34:10','2023-06-13 21:34:10'),(374,1,'en','core/acl/auth','login.title','User Login','2023-06-13 21:34:10','2023-06-13 21:34:10'),(375,1,'en','core/acl/auth','login.remember','Remember me?','2023-06-13 21:34:10','2023-06-13 21:34:10'),(376,1,'en','core/acl/auth','login.login','Sign in','2023-06-13 21:34:10','2023-06-13 21:34:10'),(377,1,'en','core/acl/auth','login.placeholder.username','Please enter your username','2023-06-13 21:34:10','2023-06-13 21:34:10'),(378,1,'en','core/acl/auth','login.placeholder.email','Please enter your email','2023-06-13 21:34:10','2023-06-13 21:34:10'),(379,1,'en','core/acl/auth','login.success','Login successfully!','2023-06-13 21:34:10','2023-06-13 21:34:10'),(380,1,'en','core/acl/auth','login.fail','Wrong username or password.','2023-06-13 21:34:10','2023-06-13 21:34:10'),(381,1,'en','core/acl/auth','login.not_active','Your account has not been activated yet!','2023-06-13 21:34:10','2023-06-13 21:34:10'),(382,1,'en','core/acl/auth','login.banned','This account is banned.','2023-06-13 21:34:10','2023-06-13 21:34:10'),(383,1,'en','core/acl/auth','login.logout_success','Logout successfully!','2023-06-13 21:34:10','2023-06-13 21:34:10'),(384,1,'en','core/acl/auth','login.dont_have_account','You don\'t have account on this system, please contact administrator for more information!','2023-06-13 21:34:10','2023-06-13 21:34:10'),(385,1,'en','core/acl/auth','forgot_password.title','Forgot Password','2023-06-13 21:34:10','2023-06-13 21:34:10'),(386,1,'en','core/acl/auth','forgot_password.message','<p>Have you forgotten your password?</p><p>Please enter your email account. System will send a email with active link to reset your password.</p>','2023-06-13 21:34:10','2023-06-13 21:34:10'),(387,1,'en','core/acl/auth','forgot_password.submit','Submit','2023-06-13 21:34:10','2023-06-13 21:34:10'),(388,1,'en','core/acl/auth','reset.new_password','New password','2023-06-13 21:34:10','2023-06-13 21:34:10'),(389,1,'en','core/acl/auth','reset.password_confirmation','Confirm new password','2023-06-13 21:34:10','2023-06-13 21:34:10'),(390,1,'en','core/acl/auth','reset.email','Email','2023-06-13 21:34:10','2023-06-13 21:34:10'),(391,1,'en','core/acl/auth','reset.title','Reset your password','2023-06-13 21:34:10','2023-06-13 21:34:10'),(392,1,'en','core/acl/auth','reset.update','Update','2023-06-13 21:34:10','2023-06-13 21:34:10'),(393,1,'en','core/acl/auth','reset.wrong_token','This link is invalid or expired. Please try using reset form again.','2023-06-13 21:34:10','2023-06-13 21:34:10'),(394,1,'en','core/acl/auth','reset.user_not_found','This username is not exist.','2023-06-13 21:34:10','2023-06-13 21:34:10'),(395,1,'en','core/acl/auth','reset.success','Reset password successfully!','2023-06-13 21:34:10','2023-06-13 21:34:10'),(396,1,'en','core/acl/auth','reset.fail','Token is invalid, the reset password link has been expired!','2023-06-13 21:34:10','2023-06-13 21:34:10'),(397,1,'en','core/acl/auth','reset.reset.title','Email reset password','2023-06-13 21:34:10','2023-06-13 21:34:10'),(398,1,'en','core/acl/auth','reset.send.success','A email was sent to your email account. Please check and complete this action.','2023-06-13 21:34:10','2023-06-13 21:34:10'),(399,1,'en','core/acl/auth','reset.send.fail','Can not send email in this time. Please try again later.','2023-06-13 21:34:10','2023-06-13 21:34:10'),(400,1,'en','core/acl/auth','reset.new-password','New password','2023-06-13 21:34:10','2023-06-13 21:34:10'),(401,1,'en','core/acl/auth','email.reminder.title','Email reset password','2023-06-13 21:34:10','2023-06-13 21:34:10'),(402,1,'en','core/acl/auth','password_confirmation','Password confirm','2023-06-13 21:34:10','2023-06-13 21:34:10'),(403,1,'en','core/acl/auth','failed','Failed','2023-06-13 21:34:10','2023-06-13 21:34:10'),(404,1,'en','core/acl/auth','throttle','Throttle','2023-06-13 21:34:10','2023-06-13 21:34:10'),(405,1,'en','core/acl/auth','not_member','Not a member yet?','2023-06-13 21:34:10','2023-06-13 21:34:10'),(406,1,'en','core/acl/auth','register_now','Register now','2023-06-13 21:34:10','2023-06-13 21:34:10'),(407,1,'en','core/acl/auth','lost_your_password','Lost your password?','2023-06-13 21:34:10','2023-06-13 21:34:10'),(408,1,'en','core/acl/auth','login_title','Admin','2023-06-13 21:34:10','2023-06-13 21:34:10'),(409,1,'en','core/acl/auth','login_via_social','Login with social networks','2023-06-13 21:34:10','2023-06-13 21:34:10'),(410,1,'en','core/acl/auth','back_to_login','Back to login page','2023-06-13 21:34:10','2023-06-13 21:34:10'),(411,1,'en','core/acl/auth','sign_in_below','Sign In Below','2023-06-13 21:34:10','2023-06-13 21:34:10'),(412,1,'en','core/acl/auth','languages','Languages','2023-06-13 21:34:10','2023-06-13 21:34:10'),(413,1,'en','core/acl/auth','reset_password','Reset Password','2023-06-13 21:34:10','2023-06-13 21:34:10'),(414,1,'en','core/acl/auth','settings.email.title','ACL','2023-06-13 21:34:10','2023-06-13 21:34:10'),(415,1,'en','core/acl/auth','settings.email.description','ACL email configuration','2023-06-13 21:34:10','2023-06-13 21:34:10'),(416,1,'en','core/acl/permissions','notices.role_in_use','Cannot delete this role, it is still in use!','2023-06-13 21:34:10','2023-06-13 21:34:10'),(417,1,'en','core/acl/permissions','notices.role_delete_belong_user','You are not able to delete this role; it belongs to someone else!','2023-06-13 21:34:10','2023-06-13 21:34:10'),(418,1,'en','core/acl/permissions','notices.role_edit_belong_user','You are not able to edit this role; it belongs to someone else!','2023-06-13 21:34:10','2023-06-13 21:34:10'),(419,1,'en','core/acl/permissions','notices.delete_global_role','You are not allowed to delete global roles!','2023-06-13 21:34:10','2023-06-13 21:34:10'),(420,1,'en','core/acl/permissions','notices.delete_success','The selected role was deleted successfully!','2023-06-13 21:34:10','2023-06-13 21:34:10'),(421,1,'en','core/acl/permissions','notices.modified_success','The selected role was modified successfully!','2023-06-13 21:34:10','2023-06-13 21:34:10'),(422,1,'en','core/acl/permissions','notices.create_success','The new role was successfully created','2023-06-13 21:34:10','2023-06-13 21:34:10'),(423,1,'en','core/acl/permissions','notices.duplicated_success','The selected role was duplicated successfully','2023-06-13 21:34:10','2023-06-13 21:34:10'),(424,1,'en','core/acl/permissions','notices.no_select','Please select at least one record to take this action!','2023-06-13 21:34:10','2023-06-13 21:34:10'),(425,1,'en','core/acl/permissions','notices.not_found','Role not found','2023-06-13 21:34:10','2023-06-13 21:34:10'),(426,1,'en','core/acl/permissions','name','Name','2023-06-13 21:34:10','2023-06-13 21:34:10'),(427,1,'en','core/acl/permissions','current_role','Current Role','2023-06-13 21:34:10','2023-06-13 21:34:10'),(428,1,'en','core/acl/permissions','no_role_assigned','No role assigned','2023-06-13 21:34:10','2023-06-13 21:34:10'),(429,1,'en','core/acl/permissions','role_assigned','Assigned Role','2023-06-13 21:34:10','2023-06-13 21:34:10'),(430,1,'en','core/acl/permissions','create_role','Create New Role','2023-06-13 21:34:10','2023-06-13 21:34:10'),(431,1,'en','core/acl/permissions','role_name','Name','2023-06-13 21:34:10','2023-06-13 21:34:10'),(432,1,'en','core/acl/permissions','role_description','Description','2023-06-13 21:34:10','2023-06-13 21:34:10'),(433,1,'en','core/acl/permissions','permission_flags','Permission Flags','2023-06-13 21:34:10','2023-06-13 21:34:10'),(434,1,'en','core/acl/permissions','cancel','Cancel','2023-06-13 21:34:10','2023-06-13 21:34:10'),(435,1,'en','core/acl/permissions','reset','Reset','2023-06-13 21:34:10','2023-06-13 21:34:10'),(436,1,'en','core/acl/permissions','save','Save','2023-06-13 21:34:10','2023-06-13 21:34:10'),(437,1,'en','core/acl/permissions','global_role_msg','This is a global role and cannot be modified.  You can use the Duplicate button to make a copy of this role that you can then modify.','2023-06-13 21:34:10','2023-06-13 21:34:10'),(438,1,'en','core/acl/permissions','details','Details','2023-06-13 21:34:10','2023-06-13 21:34:10'),(439,1,'en','core/acl/permissions','duplicate','Duplicate','2023-06-13 21:34:10','2023-06-13 21:34:10'),(440,1,'en','core/acl/permissions','all','All Permissions','2023-06-13 21:34:10','2023-06-13 21:34:10'),(441,1,'en','core/acl/permissions','list_role','List Roles','2023-06-13 21:34:10','2023-06-13 21:34:10'),(442,1,'en','core/acl/permissions','created_on','Created On','2023-06-13 21:34:10','2023-06-13 21:34:10'),(443,1,'en','core/acl/permissions','created_by','Created By','2023-06-13 21:34:10','2023-06-13 21:34:10'),(444,1,'en','core/acl/permissions','actions','Actions','2023-06-13 21:34:10','2023-06-13 21:34:10'),(445,1,'en','core/acl/permissions','role_in_use','Cannot delete this role, it is still in use!','2023-06-13 21:34:10','2023-06-13 21:34:10'),(446,1,'en','core/acl/permissions','role_delete_belong_user','You are not able to delete this role; it belongs to someone else!','2023-06-13 21:34:10','2023-06-13 21:34:10'),(447,1,'en','core/acl/permissions','delete_global_role','Can not delete global role','2023-06-13 21:34:10','2023-06-13 21:34:10'),(448,1,'en','core/acl/permissions','delete_success','Delete role successfully','2023-06-13 21:34:10','2023-06-13 21:34:10'),(449,1,'en','core/acl/permissions','no_select','Please select at least one role to take this action!','2023-06-13 21:34:10','2023-06-13 21:34:10'),(450,1,'en','core/acl/permissions','not_found','No role found!','2023-06-13 21:34:10','2023-06-13 21:34:10'),(451,1,'en','core/acl/permissions','role_edit_belong_user','You are not able to edit this role; it belongs to someone else!','2023-06-13 21:34:10','2023-06-13 21:34:10'),(452,1,'en','core/acl/permissions','modified_success','Modified successfully','2023-06-13 21:34:10','2023-06-13 21:34:10'),(453,1,'en','core/acl/permissions','create_success','Create successfully','2023-06-13 21:34:10','2023-06-13 21:34:10'),(454,1,'en','core/acl/permissions','duplicated_success','Duplicated successfully','2023-06-13 21:34:10','2023-06-13 21:34:10'),(455,1,'en','core/acl/permissions','options','Options','2023-06-13 21:34:10','2023-06-13 21:34:10'),(456,1,'en','core/acl/permissions','access_denied_message','You are not allowed to do this action','2023-06-13 21:34:10','2023-06-13 21:34:10'),(457,1,'en','core/acl/permissions','roles','Roles','2023-06-13 21:34:10','2023-06-13 21:34:10'),(458,1,'en','core/acl/permissions','role_permission','Roles and Permissions','2023-06-13 21:34:10','2023-06-13 21:34:10'),(459,1,'en','core/acl/permissions','user_management','User Management','2023-06-13 21:34:10','2023-06-13 21:34:10'),(460,1,'en','core/acl/permissions','super_user_management','Super User Management','2023-06-13 21:34:10','2023-06-13 21:34:10'),(461,1,'en','core/acl/permissions','action_unauthorized','This action is unauthorized.','2023-06-13 21:34:10','2023-06-13 21:34:10'),(462,1,'en','core/acl/users','delete_user_logged_in','Can\'t delete this user. This user is logged on!','2023-06-13 21:34:10','2023-06-13 21:34:10'),(463,1,'en','core/acl/users','no_select','Please select at least one record to take this action!','2023-06-13 21:34:10','2023-06-13 21:34:10'),(464,1,'en','core/acl/users','lock_user_logged_in','Can\'t lock this user. This user is logged on!','2023-06-13 21:34:10','2023-06-13 21:34:10'),(465,1,'en','core/acl/users','update_success','Update status successfully!','2023-06-13 21:34:10','2023-06-13 21:34:10'),(466,1,'en','core/acl/users','save_setting_failed','Something went wrong when save your setting','2023-06-13 21:34:10','2023-06-13 21:34:10'),(467,1,'en','core/acl/users','not_found','User not found','2023-06-13 21:34:10','2023-06-13 21:34:10'),(468,1,'en','core/acl/users','email_exist','That email address already belongs to an existing account','2023-06-13 21:34:10','2023-06-13 21:34:10'),(469,1,'en','core/acl/users','username_exist','That username address already belongs to an existing account','2023-06-13 21:34:10','2023-06-13 21:34:10'),(470,1,'en','core/acl/users','update_profile_success','Your profile changes were successfully saved','2023-06-13 21:34:10','2023-06-13 21:34:10'),(471,1,'en','core/acl/users','password_update_success','Password successfully changed','2023-06-13 21:34:10','2023-06-13 21:34:10'),(472,1,'en','core/acl/users','current_password_not_valid','Current password is not valid','2023-06-13 21:34:10','2023-06-13 21:34:10'),(473,1,'en','core/acl/users','user_exist_in','User is already a member','2023-06-13 21:34:10','2023-06-13 21:34:10'),(474,1,'en','core/acl/users','email','Email','2023-06-13 21:34:10','2023-06-13 21:34:10'),(475,1,'en','core/acl/users','role','Role','2023-06-13 21:34:10','2023-06-13 21:34:10'),(476,1,'en','core/acl/users','username','Username','2023-06-13 21:34:10','2023-06-13 21:34:10'),(477,1,'en','core/acl/users','last_name','Last Name','2023-06-13 21:34:10','2023-06-13 21:34:10'),(478,1,'en','core/acl/users','first_name','First Name','2023-06-13 21:34:10','2023-06-13 21:34:10'),(479,1,'en','core/acl/users','message','Message','2023-06-13 21:34:10','2023-06-13 21:34:10'),(480,1,'en','core/acl/users','cancel_btn','Cancel','2023-06-13 21:34:10','2023-06-13 21:34:10'),(481,1,'en','core/acl/users','change_password','Change password','2023-06-13 21:34:10','2023-06-13 21:34:10'),(482,1,'en','core/acl/users','current_password','Current password','2023-06-13 21:34:10','2023-06-13 21:34:10'),(483,1,'en','core/acl/users','new_password','New Password','2023-06-13 21:34:10','2023-06-13 21:34:10'),(484,1,'en','core/acl/users','confirm_new_password','Confirm New Password','2023-06-13 21:34:10','2023-06-13 21:34:10'),(485,1,'en','core/acl/users','password','Password','2023-06-13 21:34:10','2023-06-13 21:34:10'),(486,1,'en','core/acl/users','save','Save','2023-06-13 21:34:10','2023-06-13 21:34:10'),(487,1,'en','core/acl/users','cannot_delete','User could not be deleted','2023-06-13 21:34:10','2023-06-13 21:34:10'),(488,1,'en','core/acl/users','deleted','User deleted','2023-06-13 21:34:10','2023-06-13 21:34:10'),(489,1,'en','core/acl/users','last_login','Last Login','2023-06-13 21:34:10','2023-06-13 21:34:10'),(490,1,'en','core/acl/users','error_update_profile_image','Error when update profile image','2023-06-13 21:34:10','2023-06-13 21:34:10'),(491,1,'en','core/acl/users','email_reminder_template','<h3>Hello :name</h3><p>The system has received a request to restore the password for your account, to complete this task please click the link below.</p><p><a href=\":link\">Reset password now</a></p><p>If not you ask recover password, please ignore this email.</p><p>This email is valid for 60 minutes after receiving the email.</p>','2023-06-13 21:34:10','2023-06-13 21:34:10'),(492,1,'en','core/acl/users','change_profile_image','Change Profile Image','2023-06-13 21:34:10','2023-06-13 21:34:10'),(493,1,'en','core/acl/users','new_image','New Image','2023-06-13 21:34:10','2023-06-13 21:34:10'),(494,1,'en','core/acl/users','loading','Loading','2023-06-13 21:34:10','2023-06-13 21:34:10'),(495,1,'en','core/acl/users','close','Close','2023-06-13 21:34:10','2023-06-13 21:34:10'),(496,1,'en','core/acl/users','update','Update','2023-06-13 21:34:10','2023-06-13 21:34:10'),(497,1,'en','core/acl/users','read_image_failed','Failed to read the image file','2023-06-13 21:34:10','2023-06-13 21:34:10'),(498,1,'en','core/acl/users','users','Users','2023-06-13 21:34:10','2023-06-13 21:34:10'),(499,1,'en','core/acl/users','update_avatar_success','Update profile image successfully!','2023-06-13 21:34:10','2023-06-13 21:34:10'),(500,1,'en','core/acl/users','info.title','User profile','2023-06-13 21:34:10','2023-06-13 21:34:10'),(501,1,'en','core/acl/users','info.first_name','First Name','2023-06-13 21:34:10','2023-06-13 21:34:10'),(502,1,'en','core/acl/users','info.last_name','Last Name','2023-06-13 21:34:10','2023-06-13 21:34:10'),(503,1,'en','core/acl/users','total_users','Total users','2023-06-13 21:34:10','2023-06-13 21:34:10'),(504,1,'en','core/acl/users','statuses.activated','Activated','2023-06-13 21:34:10','2023-06-13 21:34:10'),(505,1,'en','core/acl/users','statuses.deactivated','Deactivated','2023-06-13 21:34:10','2023-06-13 21:34:10'),(506,1,'en','core/acl/users','make_super','Make super','2023-06-13 21:34:10','2023-06-13 21:34:10'),(507,1,'en','core/acl/users','remove_super','Remove super','2023-06-13 21:34:10','2023-06-13 21:34:10'),(508,1,'en','core/acl/users','is_super','Is super?','2023-06-13 21:34:10','2023-06-13 21:34:10'),(509,1,'en','core/acl/users','email_placeholder','Ex: example@gmail.com','2023-06-13 21:34:10','2023-06-13 21:34:10'),(510,1,'en','core/acl/users','password_confirmation','Re-type password','2023-06-13 21:34:10','2023-06-13 21:34:10'),(511,1,'en','core/acl/users','select_role','Select role','2023-06-13 21:34:10','2023-06-13 21:34:10'),(512,1,'en','core/acl/users','create_new_user','Create a new user','2023-06-13 21:34:10','2023-06-13 21:34:10'),(513,1,'en','core/acl/users','cannot_delete_super_user','Permission denied. Cannot delete a super user!','2023-06-13 21:34:10','2023-06-13 21:34:10'),(514,1,'en','core/acl/users','assigned_role','Assigned Role','2023-06-13 21:34:10','2023-06-13 21:34:10'),(515,1,'en','core/acl/users','no_role_assigned','No role assigned','2023-06-13 21:34:10','2023-06-13 21:34:10'),(516,1,'en','core/acl/users','view_user_profile','View user\'s profile','2023-06-13 21:34:10','2023-06-13 21:34:10'),(517,1,'en','core/base/base','yes','Yes','2023-06-13 21:34:10','2023-06-13 21:34:10'),(518,1,'en','core/base/base','no','No','2023-06-13 21:34:10','2023-06-13 21:34:10'),(519,1,'en','core/base/base','is_default','Is default?','2023-06-13 21:34:10','2023-06-13 21:34:10'),(520,1,'en','core/base/base','proc_close_disabled_error','Function proc_close() is disabled. Please contact your hosting provider to enable\n    it. Or you can add to .env: CAN_EXECUTE_COMMAND=false to disable this feature.','2023-06-13 21:34:10','2023-06-13 21:34:10'),(521,1,'en','core/base/base','email_template.header','Email template header','2023-06-13 21:34:10','2023-06-13 21:34:10'),(522,1,'en','core/base/base','email_template.footer','Email template footer','2023-06-13 21:34:10','2023-06-13 21:34:10'),(523,1,'en','core/base/base','email_template.site_title','Site title','2023-06-13 21:34:10','2023-06-13 21:34:10'),(524,1,'en','core/base/base','email_template.site_url','Site URL','2023-06-13 21:34:10','2023-06-13 21:34:10'),(525,1,'en','core/base/base','email_template.site_logo','Site Logo','2023-06-13 21:34:10','2023-06-13 21:34:10'),(526,1,'en','core/base/base','email_template.date_time','Current date time','2023-06-13 21:34:10','2023-06-13 21:34:10'),(527,1,'en','core/base/base','email_template.date_year','Current year','2023-06-13 21:34:10','2023-06-13 21:34:10'),(528,1,'en','core/base/base','email_template.site_admin_email','Site admin email','2023-06-13 21:34:11','2023-06-13 21:34:11'),(529,1,'en','core/base/base','change_image','Change image','2023-06-13 21:34:11','2023-06-13 21:34:11'),(530,1,'en','core/base/base','delete_image','Delete image','2023-06-13 21:34:11','2023-06-13 21:34:11'),(531,1,'en','core/base/base','preview_image','Preview image','2023-06-13 21:34:11','2023-06-13 21:34:11'),(532,1,'en','core/base/base','image','Image','2023-06-13 21:34:11','2023-06-13 21:34:11'),(533,1,'en','core/base/base','using_button','Using button','2023-06-13 21:34:11','2023-06-13 21:34:11'),(534,1,'en','core/base/base','select_image','Select image','2023-06-13 21:34:11','2023-06-13 21:34:11'),(535,1,'en','core/base/base','to_add_more_image','to add more images','2023-06-13 21:34:11','2023-06-13 21:34:11'),(536,1,'en','core/base/base','add_image','Add image','2023-06-13 21:34:11','2023-06-13 21:34:11'),(537,1,'en','core/base/base','tools','Tools','2023-06-13 21:34:11','2023-06-13 21:34:11'),(538,1,'en','core/base/cache','cache_management','Cache management','2023-06-13 21:34:11','2023-06-13 21:34:11'),(539,1,'en','core/base/cache','cache_commands','Clear cache commands','2023-06-13 21:34:11','2023-06-13 21:34:11'),(540,1,'en','core/base/cache','commands.clear_cms_cache.title','Clear all CMS cache','2023-06-13 21:34:11','2023-06-13 21:34:11'),(541,1,'en','core/base/cache','commands.clear_cms_cache.description','Clear CMS caching: database caching, static blocks... Run this command when you don\'t see the changes after updating data.','2023-06-13 21:34:11','2023-06-13 21:34:11'),(542,1,'en','core/base/cache','commands.clear_cms_cache.success_msg','Cache cleaned','2023-06-13 21:34:11','2023-06-13 21:34:11'),(543,1,'en','core/base/cache','commands.refresh_compiled_views.title','Refresh compiled views','2023-06-13 21:34:11','2023-06-13 21:34:11'),(544,1,'en','core/base/cache','commands.refresh_compiled_views.description','Clear compiled views to make views up to date.','2023-06-13 21:34:11','2023-06-13 21:34:11'),(545,1,'en','core/base/cache','commands.refresh_compiled_views.success_msg','Cache view refreshed','2023-06-13 21:34:11','2023-06-13 21:34:11'),(546,1,'en','core/base/cache','commands.clear_config_cache.title','Clear config cache','2023-06-13 21:34:11','2023-06-13 21:34:11'),(547,1,'en','core/base/cache','commands.clear_config_cache.description','You might need to refresh the config caching when you change something on production environment.','2023-06-13 21:34:11','2023-06-13 21:34:11'),(548,1,'en','core/base/cache','commands.clear_config_cache.success_msg','Config cache cleaned','2023-06-13 21:34:11','2023-06-13 21:34:11'),(549,1,'en','core/base/cache','commands.clear_route_cache.title','Clear route cache','2023-06-13 21:34:11','2023-06-13 21:34:11'),(550,1,'en','core/base/cache','commands.clear_route_cache.description','Clear cache routing.','2023-06-13 21:34:11','2023-06-13 21:34:11'),(551,1,'en','core/base/cache','commands.clear_route_cache.success_msg','The route cache has been cleaned','2023-06-13 21:34:11','2023-06-13 21:34:11'),(552,1,'en','core/base/cache','commands.clear_log.title','Clear log','2023-06-13 21:34:11','2023-06-13 21:34:11'),(553,1,'en','core/base/cache','commands.clear_log.description','Clear system log files','2023-06-13 21:34:11','2023-06-13 21:34:11'),(554,1,'en','core/base/cache','commands.clear_log.success_msg','The system log has been cleaned','2023-06-13 21:34:11','2023-06-13 21:34:11'),(555,1,'en','core/base/enums','statuses.draft','Draft','2023-06-13 21:34:11','2023-06-13 21:34:11'),(556,1,'en','core/base/enums','statuses.pending','Pending','2023-06-13 21:34:11','2023-06-13 21:34:11'),(557,1,'en','core/base/enums','statuses.published','Published','2023-06-13 21:34:11','2023-06-13 21:34:11'),(558,1,'en','core/base/errors','401_title','Permission Denied','2023-06-13 21:34:11','2023-06-13 21:34:11'),(559,1,'en','core/base/errors','401_msg','<li>You have not been granted access to the section by the administrator.</li>\n	                <li>You may have the wrong account type.</li>\n	                <li>You are not authorized to view the requested resource.</li>\n	                <li>Your subscription may have expired.</li>','2023-06-13 21:34:11','2023-06-13 21:34:11'),(560,1,'en','core/base/errors','404_title','Page could not be found','2023-06-13 21:34:11','2023-06-13 21:34:11'),(561,1,'en','core/base/errors','404_msg','<li>The page you requested does not exist.</li>\n	                <li>The link you clicked is no longer.</li>\n	                <li>The page may have moved to a new location.</li>\n	                <li>An error may have occurred.</li>\n	                <li>You are not authorized to view the requested resource.</li>','2023-06-13 21:34:11','2023-06-13 21:34:11'),(562,1,'en','core/base/errors','500_title','Page could not be loaded','2023-06-13 21:34:11','2023-06-13 21:34:11'),(563,1,'en','core/base/errors','500_msg','<li>The page you requested does not exist.</li>\n	                <li>The link you clicked is no longer.</li>\n	                <li>The page may have moved to a new location.</li>\n	                <li>An error may have occurred.</li>\n	                <li>You are not authorized to view the requested resource.</li>','2023-06-13 21:34:11','2023-06-13 21:34:11'),(564,1,'en','core/base/errors','reasons','This may have occurred because of several reasons','2023-06-13 21:34:11','2023-06-13 21:34:11'),(565,1,'en','core/base/errors','try_again','Please try again in a few minutes, or alternatively return to the homepage by <a href=\":link\">clicking here</a>.','2023-06-13 21:34:11','2023-06-13 21:34:11'),(566,1,'en','core/base/errors','not_found','Not Found','2023-06-13 21:34:11','2023-06-13 21:34:11'),(567,1,'en','core/base/errors','results_not_found','Results not found!','2023-06-13 21:34:11','2023-06-13 21:34:11'),(568,1,'en','core/base/forms','choose_image','Choose image','2023-06-13 21:34:11','2023-06-13 21:34:11'),(569,1,'en','core/base/forms','actions','Actions','2023-06-13 21:34:11','2023-06-13 21:34:11'),(570,1,'en','core/base/forms','save','Save & Exit','2023-06-13 21:34:11','2023-06-13 21:34:11'),(571,1,'en','core/base/forms','save_and_continue','Save','2023-06-13 21:34:11','2023-06-13 21:34:11'),(572,1,'en','core/base/forms','image','Image','2023-06-13 21:34:11','2023-06-13 21:34:11'),(573,1,'en','core/base/forms','image_placeholder','Insert path of image or click upload button','2023-06-13 21:34:11','2023-06-13 21:34:11'),(574,1,'en','core/base/forms','create','Create','2023-06-13 21:34:11','2023-06-13 21:34:11'),(575,1,'en','core/base/forms','edit','Edit','2023-06-13 21:34:11','2023-06-13 21:34:11'),(576,1,'en','core/base/forms','permalink','Permalink','2023-06-13 21:34:11','2023-06-13 21:34:11'),(577,1,'en','core/base/forms','ok','OK','2023-06-13 21:34:11','2023-06-13 21:34:11'),(578,1,'en','core/base/forms','cancel','Cancel','2023-06-13 21:34:11','2023-06-13 21:34:11'),(579,1,'en','core/base/forms','character_remain','character(s) remain','2023-06-13 21:34:11','2023-06-13 21:34:11'),(580,1,'en','core/base/forms','template','Template','2023-06-13 21:34:11','2023-06-13 21:34:11'),(581,1,'en','core/base/forms','choose_file','Choose file','2023-06-13 21:34:11','2023-06-13 21:34:11'),(582,1,'en','core/base/forms','file','File','2023-06-13 21:34:11','2023-06-13 21:34:11'),(583,1,'en','core/base/forms','content','Content','2023-06-13 21:34:11','2023-06-13 21:34:11'),(584,1,'en','core/base/forms','description','Description','2023-06-13 21:34:11','2023-06-13 21:34:11'),(585,1,'en','core/base/forms','name','Name','2023-06-13 21:34:11','2023-06-13 21:34:11'),(586,1,'en','core/base/forms','slug','Slug','2023-06-13 21:34:11','2023-06-13 21:34:11'),(587,1,'en','core/base/forms','title','Title','2023-06-13 21:34:11','2023-06-13 21:34:11'),(588,1,'en','core/base/forms','value','Value','2023-06-13 21:34:11','2023-06-13 21:34:11'),(589,1,'en','core/base/forms','name_placeholder','Name','2023-06-13 21:34:11','2023-06-13 21:34:11'),(590,1,'en','core/base/forms','alias_placeholder','Alias','2023-06-13 21:34:11','2023-06-13 21:34:11'),(591,1,'en','core/base/forms','description_placeholder','Short description','2023-06-13 21:34:11','2023-06-13 21:34:11'),(592,1,'en','core/base/forms','parent','Parent','2023-06-13 21:34:11','2023-06-13 21:34:11'),(593,1,'en','core/base/forms','icon','Icon','2023-06-13 21:34:11','2023-06-13 21:34:11'),(594,1,'en','core/base/forms','icon_placeholder','Ex: fa fa-home','2023-06-13 21:34:11','2023-06-13 21:34:11'),(595,1,'en','core/base/forms','order_by','Order by','2023-06-13 21:34:11','2023-06-13 21:34:11'),(596,1,'en','core/base/forms','order_by_placeholder','Order by','2023-06-13 21:34:11','2023-06-13 21:34:11'),(597,1,'en','core/base/forms','is_featured','Is featured?','2023-06-13 21:34:11','2023-06-13 21:34:11'),(598,1,'en','core/base/forms','is_default','Is default?','2023-06-13 21:34:11','2023-06-13 21:34:11'),(599,1,'en','core/base/forms','update','Update','2023-06-13 21:34:11','2023-06-13 21:34:11'),(600,1,'en','core/base/forms','publish','Publish','2023-06-13 21:34:11','2023-06-13 21:34:11'),(601,1,'en','core/base/forms','remove_image','Remove image','2023-06-13 21:34:11','2023-06-13 21:34:11'),(602,1,'en','core/base/forms','remove_file','Remove file','2023-06-13 21:34:11','2023-06-13 21:34:11'),(603,1,'en','core/base/forms','order','Order','2023-06-13 21:34:11','2023-06-13 21:34:11'),(604,1,'en','core/base/forms','alias','Alias','2023-06-13 21:34:11','2023-06-13 21:34:11'),(605,1,'en','core/base/forms','basic_information','Basic information','2023-06-13 21:34:11','2023-06-13 21:34:11'),(606,1,'en','core/base/forms','short_code','Shortcode','2023-06-13 21:34:11','2023-06-13 21:34:11'),(607,1,'en','core/base/forms','add_short_code','Add a shortcode','2023-06-13 21:34:11','2023-06-13 21:34:11'),(608,1,'en','core/base/forms','add','Add','2023-06-13 21:34:11','2023-06-13 21:34:11'),(609,1,'en','core/base/forms','link','Link','2023-06-13 21:34:11','2023-06-13 21:34:11'),(610,1,'en','core/base/forms','show_hide_editor','Show/Hide Editor','2023-06-13 21:34:11','2023-06-13 21:34:11'),(611,1,'en','core/base/forms','basic_info_title','Basic information','2023-06-13 21:34:11','2023-06-13 21:34:11'),(612,1,'en','core/base/forms','expand_all','Expand all','2023-06-13 21:34:11','2023-06-13 21:34:11'),(613,1,'en','core/base/forms','collapse_all','Collapse all','2023-06-13 21:34:11','2023-06-13 21:34:11'),(614,1,'en','core/base/forms','view_new_tab','Open in new tab','2023-06-13 21:34:11','2023-06-13 21:34:11'),(615,1,'en','core/base/forms','view_preview_image','View preview image','2023-06-13 21:34:11','2023-06-13 21:34:11'),(616,1,'en','core/base/forms','edit_item','Edit \":name\"','2023-06-13 21:34:11','2023-06-13 21:34:11'),(617,1,'en','core/base/layouts','platform_admin','Platform Administration','2023-06-13 21:34:11','2023-06-13 21:34:11'),(618,1,'en','core/base/layouts','dashboard','Dashboard','2023-06-13 21:34:11','2023-06-13 21:34:11'),(619,1,'en','core/base/layouts','widgets','Widgets','2023-06-13 21:34:11','2023-06-13 21:34:11'),(620,1,'en','core/base/layouts','plugins','Plugins','2023-06-13 21:34:11','2023-06-13 21:34:11'),(621,1,'en','core/base/layouts','settings','Settings','2023-06-13 21:34:11','2023-06-13 21:34:11'),(622,1,'en','core/base/layouts','setting_general','General','2023-06-13 21:34:11','2023-06-13 21:34:11'),(623,1,'en','core/base/layouts','setting_email','Email','2023-06-13 21:34:11','2023-06-13 21:34:11'),(624,1,'en','core/base/layouts','system_information','System information','2023-06-13 21:34:11','2023-06-13 21:34:11'),(625,1,'en','core/base/layouts','theme','Theme','2023-06-13 21:34:11','2023-06-13 21:34:11'),(626,1,'en','core/base/layouts','copyright','Copyright :year &copy; :company. Version: <span>:version</span>','2023-06-13 21:34:11','2023-06-13 21:34:11'),(627,1,'en','core/base/layouts','profile','Profile','2023-06-13 21:34:11','2023-06-13 21:34:11'),(628,1,'en','core/base/layouts','logout','Logout','2023-06-13 21:34:11','2023-06-13 21:34:11'),(629,1,'en','core/base/layouts','no_search_result','No results found, please try with different keywords.','2023-06-13 21:34:11','2023-06-13 21:34:11'),(630,1,'en','core/base/layouts','home','Home','2023-06-13 21:34:11','2023-06-13 21:34:11'),(631,1,'en','core/base/layouts','search','Search','2023-06-13 21:34:11','2023-06-13 21:34:11'),(632,1,'en','core/base/layouts','add_new','Add new','2023-06-13 21:34:11','2023-06-13 21:34:11'),(633,1,'en','core/base/layouts','n_a','N/A','2023-06-13 21:34:11','2023-06-13 21:34:11'),(634,1,'en','core/base/layouts','page_loaded_time','Page loaded in','2023-06-13 21:34:11','2023-06-13 21:34:11'),(635,1,'en','core/base/layouts','view_website','View website','2023-06-13 21:34:11','2023-06-13 21:34:11'),(636,1,'en','core/base/notices','create_success_message','Created successfully','2023-06-13 21:34:11','2023-06-13 21:34:11'),(637,1,'en','core/base/notices','update_success_message','Updated successfully','2023-06-13 21:34:11','2023-06-13 21:34:11'),(638,1,'en','core/base/notices','delete_success_message','Deleted successfully','2023-06-13 21:34:11','2023-06-13 21:34:11'),(639,1,'en','core/base/notices','success_header','Success!','2023-06-13 21:34:11','2023-06-13 21:34:11'),(640,1,'en','core/base/notices','error_header','Error!','2023-06-13 21:34:11','2023-06-13 21:34:11'),(641,1,'en','core/base/notices','no_select','Please select at least one record to perform this action!','2023-06-13 21:34:11','2023-06-13 21:34:11'),(642,1,'en','core/base/notices','processing_request','We are processing your request.','2023-06-13 21:34:11','2023-06-13 21:34:11'),(643,1,'en','core/base/notices','error','Error!','2023-06-13 21:34:11','2023-06-13 21:34:11'),(644,1,'en','core/base/notices','success','Success!','2023-06-13 21:34:11','2023-06-13 21:34:11'),(645,1,'en','core/base/notices','info','Info!','2023-06-13 21:34:11','2023-06-13 21:34:11'),(646,1,'en','core/base/notices','enum.validate_message','The :attribute value you have entered is invalid.','2023-06-13 21:34:11','2023-06-13 21:34:11'),(647,1,'en','core/base/notifications','notifications','Notifications','2023-06-13 21:34:11','2023-06-13 21:34:11'),(648,1,'en','core/base/notifications','mark_as_read','Mark as read','2023-06-13 21:34:11','2023-06-13 21:34:11'),(649,1,'en','core/base/notifications','clear','Clear','2023-06-13 21:34:11','2023-06-13 21:34:11'),(650,1,'en','core/base/notifications','no_notification_here','No notifications here','2023-06-13 21:34:11','2023-06-13 21:34:11'),(651,1,'en','core/base/notifications','please_check_again_later','Please check again later','2023-06-13 21:34:11','2023-06-13 21:34:11'),(652,1,'en','core/base/notifications','view_more','View more...','2023-06-13 21:34:11','2023-06-13 21:34:11'),(653,1,'en','core/base/notifications','view','View','2023-06-13 21:34:11','2023-06-13 21:34:11'),(654,1,'en','core/base/notifications','show_more','Show more','2023-06-13 21:34:11','2023-06-13 21:34:11'),(655,1,'en','core/base/notifications','show_less','Show less','2023-06-13 21:34:11','2023-06-13 21:34:11'),(656,1,'en','core/base/system','no_select','Please select at least one record to take this action!','2023-06-13 21:34:11','2023-06-13 21:34:11'),(657,1,'en','core/base/system','cannot_find_user','Unable to find specified user','2023-06-13 21:34:11','2023-06-13 21:34:11'),(658,1,'en','core/base/system','supper_revoked','Super user access revoked','2023-06-13 21:34:11','2023-06-13 21:34:11'),(659,1,'en','core/base/system','cannot_revoke_yourself','Can not revoke supper user access permission yourself!','2023-06-13 21:34:11','2023-06-13 21:34:11'),(660,1,'en','core/base/system','cant_remove_supper','You don\'t has permission to remove this super user','2023-06-13 21:34:11','2023-06-13 21:34:11'),(661,1,'en','core/base/system','cant_find_user_with_email','Unable to find user with specified email address','2023-06-13 21:34:11','2023-06-13 21:34:11'),(662,1,'en','core/base/system','supper_granted','Super user access granted','2023-06-13 21:34:11','2023-06-13 21:34:11'),(663,1,'en','core/base/system','delete_log_success','Delete log file successfully!','2023-06-13 21:34:11','2023-06-13 21:34:11'),(664,1,'en','core/base/system','get_member_success','Member list retrieved successfully','2023-06-13 21:34:11','2023-06-13 21:34:11'),(665,1,'en','core/base/system','error_occur','The following errors occurred','2023-06-13 21:34:11','2023-06-13 21:34:11'),(666,1,'en','core/base/system','user_management','User Management','2023-06-13 21:34:11','2023-06-13 21:34:11'),(667,1,'en','core/base/system','user_management_description','Manage users.','2023-06-13 21:34:11','2023-06-13 21:34:11'),(668,1,'en','core/base/system','role_and_permission','Roles and Permissions','2023-06-13 21:34:11','2023-06-13 21:34:11'),(669,1,'en','core/base/system','role_and_permission_description','Manage the available roles.','2023-06-13 21:34:11','2023-06-13 21:34:11'),(670,1,'en','core/base/system','user.list_super','List Super Users','2023-06-13 21:34:11','2023-06-13 21:34:11'),(671,1,'en','core/base/system','user.email','Email','2023-06-13 21:34:11','2023-06-13 21:34:11'),(672,1,'en','core/base/system','user.last_login','Last Login','2023-06-13 21:34:11','2023-06-13 21:34:11'),(673,1,'en','core/base/system','user.username','Username','2023-06-13 21:34:11','2023-06-13 21:34:11'),(674,1,'en','core/base/system','user.add_user','Add Super User','2023-06-13 21:34:11','2023-06-13 21:34:11'),(675,1,'en','core/base/system','user.cancel','Cancel','2023-06-13 21:34:11','2023-06-13 21:34:11'),(676,1,'en','core/base/system','user.create','Create','2023-06-13 21:34:11','2023-06-13 21:34:11'),(677,1,'en','core/base/system','options.features','Feature Access Control','2023-06-13 21:34:11','2023-06-13 21:34:11'),(678,1,'en','core/base/system','options.feature_description','Manage the available.','2023-06-13 21:34:11','2023-06-13 21:34:11'),(679,1,'en','core/base/system','options.manage_super','Super User Management','2023-06-13 21:34:11','2023-06-13 21:34:11'),(680,1,'en','core/base/system','options.manage_super_description','Add/remove super users.','2023-06-13 21:34:11','2023-06-13 21:34:11'),(681,1,'en','core/base/system','options.info','System information','2023-06-13 21:34:11','2023-06-13 21:34:11'),(682,1,'en','core/base/system','options.info_description','All information about current system configuration.','2023-06-13 21:34:11','2023-06-13 21:34:11'),(683,1,'en','core/base/system','info.title','System information','2023-06-13 21:34:11','2023-06-13 21:34:11'),(684,1,'en','core/base/system','info.cache','Cache','2023-06-13 21:34:11','2023-06-13 21:34:11'),(685,1,'en','core/base/system','info.locale','Active locale','2023-06-13 21:34:11','2023-06-13 21:34:11'),(686,1,'en','core/base/system','info.environment','Environment','2023-06-13 21:34:11','2023-06-13 21:34:11'),(687,1,'en','core/base/system','disabled_in_demo_mode','You cannot do it in demo mode!','2023-06-13 21:34:11','2023-06-13 21:34:11'),(688,1,'en','core/base/system','report_description','Please share this information for troubleshooting','2023-06-13 21:34:11','2023-06-13 21:34:11'),(689,1,'en','core/base/system','get_system_report','Get System Report','2023-06-13 21:34:11','2023-06-13 21:34:11'),(690,1,'en','core/base/system','system_environment','System Environment','2023-06-13 21:34:11','2023-06-13 21:34:11'),(691,1,'en','core/base/system','framework_version','Framework Version','2023-06-13 21:34:11','2023-06-13 21:34:11'),(692,1,'en','core/base/system','timezone','Timezone','2023-06-13 21:34:11','2023-06-13 21:34:11'),(693,1,'en','core/base/system','debug_mode','Debug Mode','2023-06-13 21:34:11','2023-06-13 21:34:11'),(694,1,'en','core/base/system','debug_mode_off','Debug Mode Off','2023-06-13 21:34:11','2023-06-13 21:34:11'),(695,1,'en','core/base/system','storage_dir_writable','Storage Dir Writable','2023-06-13 21:34:11','2023-06-13 21:34:11'),(696,1,'en','core/base/system','cache_dir_writable','Cache Dir Writable','2023-06-13 21:34:11','2023-06-13 21:34:11'),(697,1,'en','core/base/system','app_size','App Size','2023-06-13 21:34:11','2023-06-13 21:34:11'),(698,1,'en','core/base/system','server_environment','Server Environment','2023-06-13 21:34:11','2023-06-13 21:34:11'),(699,1,'en','core/base/system','php_version','PHP Version','2023-06-13 21:34:11','2023-06-13 21:34:11'),(700,1,'en','core/base/system','php_version_error','PHP must be >= :version','2023-06-13 21:34:11','2023-06-13 21:34:11'),(701,1,'en','core/base/system','server_software','Server Software','2023-06-13 21:34:11','2023-06-13 21:34:11'),(702,1,'en','core/base/system','server_os','Server OS','2023-06-13 21:34:11','2023-06-13 21:34:11'),(703,1,'en','core/base/system','database','Database','2023-06-13 21:34:11','2023-06-13 21:34:11'),(704,1,'en','core/base/system','ssl_installed','SSL Installed','2023-06-13 21:34:11','2023-06-13 21:34:11'),(705,1,'en','core/base/system','cache_driver','Cache Driver','2023-06-13 21:34:11','2023-06-13 21:34:11'),(706,1,'en','core/base/system','session_driver','Session Driver','2023-06-13 21:34:11','2023-06-13 21:34:11'),(707,1,'en','core/base/system','queue_connection','Queue Connection','2023-06-13 21:34:11','2023-06-13 21:34:11'),(708,1,'en','core/base/system','mbstring_ext','Mbstring Ext','2023-06-13 21:34:11','2023-06-13 21:34:11'),(709,1,'en','core/base/system','openssl_ext','OpenSSL Ext','2023-06-13 21:34:11','2023-06-13 21:34:11'),(710,1,'en','core/base/system','pdo_ext','PDO Ext','2023-06-13 21:34:11','2023-06-13 21:34:11'),(711,1,'en','core/base/system','curl_ext','CURL Ext','2023-06-13 21:34:11','2023-06-13 21:34:11'),(712,1,'en','core/base/system','exif_ext','Exif Ext','2023-06-13 21:34:11','2023-06-13 21:34:11'),(713,1,'en','core/base/system','file_info_ext','File info Ext','2023-06-13 21:34:11','2023-06-13 21:34:11'),(714,1,'en','core/base/system','tokenizer_ext','Tokenizer Ext','2023-06-13 21:34:11','2023-06-13 21:34:11'),(715,1,'en','core/base/system','extra_stats','Extra Stats','2023-06-13 21:34:11','2023-06-13 21:34:11'),(716,1,'en','core/base/system','installed_packages','Installed packages and their version numbers','2023-06-13 21:34:11','2023-06-13 21:34:11'),(717,1,'en','core/base/system','extra_information','Extra Information','2023-06-13 21:34:11','2023-06-13 21:34:11'),(718,1,'en','core/base/system','copy_report','Copy Report','2023-06-13 21:34:11','2023-06-13 21:34:11'),(719,1,'en','core/base/system','package_name','Package Name','2023-06-13 21:34:11','2023-06-13 21:34:11'),(720,1,'en','core/base/system','dependency_name','Dependency Name','2023-06-13 21:34:11','2023-06-13 21:34:11'),(721,1,'en','core/base/system','version','Version','2023-06-13 21:34:11','2023-06-13 21:34:11'),(722,1,'en','core/base/system','cms_version','CMS Version','2023-06-13 21:34:11','2023-06-13 21:34:11'),(723,1,'en','core/base/system','imagick_or_gd_ext','Imagick/GD Ext','2023-06-13 21:34:11','2023-06-13 21:34:11'),(724,1,'en','core/base/system','updater','System Updater','2023-06-13 21:34:11','2023-06-13 21:34:11'),(725,1,'en','core/base/system','zip','Zip Ext','2023-06-13 21:34:11','2023-06-13 21:34:11'),(726,1,'en','core/base/system','iconv','Iconv Ext','2023-06-13 21:34:11','2023-06-13 21:34:11'),(727,1,'en','core/base/system','memory_limit','Memory limit','2023-06-13 21:34:11','2023-06-13 21:34:11'),(728,1,'en','core/base/system','max_execution_time','Max execution time (s)','2023-06-13 21:34:11','2023-06-13 21:34:11'),(729,1,'en','core/base/system','allow_url_fopen_enabled','allow_url_fopen enabled','2023-06-13 21:34:11','2023-06-13 21:34:11'),(730,1,'en','core/base/system','cleanup.title','Cleanup System','2023-06-13 21:34:11','2023-06-13 21:34:11'),(731,1,'en','core/base/system','cleanup.table.name','Table Name','2023-06-13 21:34:12','2023-06-13 21:34:12'),(732,1,'en','core/base/system','cleanup.table.count','Records','2023-06-13 21:34:12','2023-06-13 21:34:12'),(733,1,'en','core/base/system','cleanup.backup_alert','Please backup your database and script files before cleanup, it will clear your data in database.','2023-06-13 21:34:12','2023-06-13 21:34:12'),(734,1,'en','core/base/system','cleanup.messenger_choose_without_table','Please choose to ignore tables that do not want to be cleaned','2023-06-13 21:34:12','2023-06-13 21:34:12'),(735,1,'en','core/base/system','cleanup.messenger_confirm_cleanup','Are you sure you want to database cleanup action, it will clear your data in database?','2023-06-13 21:34:12','2023-06-13 21:34:12'),(736,1,'en','core/base/system','cleanup.submit_button','Cleanup','2023-06-13 21:34:12','2023-06-13 21:34:12'),(737,1,'en','core/base/system','cleanup.success_message','Cleaned data successfully','2023-06-13 21:34:12','2023-06-13 21:34:12'),(738,1,'en','core/base/system','cleanup.not_enabled_yet','This featured is not enabled yet. <br />Please add into .env: <code>CMS_ENABLED_CLEANUP_DATABASE=true</code> to enable this feature!','2023-06-13 21:34:12','2023-06-13 21:34:12'),(739,1,'en','core/base/tables','id','ID','2023-06-13 21:34:12','2023-06-13 21:34:12'),(740,1,'en','core/base/tables','name','Name','2023-06-13 21:34:12','2023-06-13 21:34:12'),(741,1,'en','core/base/tables','slug','Slug','2023-06-13 21:34:12','2023-06-13 21:34:12'),(742,1,'en','core/base/tables','title','Title','2023-06-13 21:34:12','2023-06-13 21:34:12'),(743,1,'en','core/base/tables','order_by','Order By','2023-06-13 21:34:12','2023-06-13 21:34:12'),(744,1,'en','core/base/tables','order','Order','2023-06-13 21:34:12','2023-06-13 21:34:12'),(745,1,'en','core/base/tables','status','Status','2023-06-13 21:34:12','2023-06-13 21:34:12'),(746,1,'en','core/base/tables','created_at','Created At','2023-06-13 21:34:12','2023-06-13 21:34:12'),(747,1,'en','core/base/tables','updated_at','Updated At','2023-06-13 21:34:12','2023-06-13 21:34:12'),(748,1,'en','core/base/tables','description','Description','2023-06-13 21:34:12','2023-06-13 21:34:12'),(749,1,'en','core/base/tables','operations','Operations','2023-06-13 21:34:12','2023-06-13 21:34:12'),(750,1,'en','core/base/tables','url','URL','2023-06-13 21:34:12','2023-06-13 21:34:12'),(751,1,'en','core/base/tables','author','Author','2023-06-13 21:34:12','2023-06-13 21:34:12'),(752,1,'en','core/base/tables','notes','Notes','2023-06-13 21:34:12','2023-06-13 21:34:12'),(753,1,'en','core/base/tables','column','Column','2023-06-13 21:34:12','2023-06-13 21:34:12'),(754,1,'en','core/base/tables','origin','Origin','2023-06-13 21:34:12','2023-06-13 21:34:12'),(755,1,'en','core/base/tables','after_change','After changes','2023-06-13 21:34:12','2023-06-13 21:34:12'),(756,1,'en','core/base/tables','views','Views','2023-06-13 21:34:12','2023-06-13 21:34:12'),(757,1,'en','core/base/tables','browser','Browser','2023-06-13 21:34:12','2023-06-13 21:34:12'),(758,1,'en','core/base/tables','session','Session','2023-06-13 21:34:12','2023-06-13 21:34:12'),(759,1,'en','core/base/tables','activated','activated','2023-06-13 21:34:12','2023-06-13 21:34:12'),(760,1,'en','core/base/tables','deactivated','deactivated','2023-06-13 21:34:12','2023-06-13 21:34:12'),(761,1,'en','core/base/tables','is_featured','Is featured','2023-06-13 21:34:12','2023-06-13 21:34:12'),(762,1,'en','core/base/tables','edit','Edit','2023-06-13 21:34:12','2023-06-13 21:34:12'),(763,1,'en','core/base/tables','delete','Delete','2023-06-13 21:34:12','2023-06-13 21:34:12'),(764,1,'en','core/base/tables','restore','Restore','2023-06-13 21:34:12','2023-06-13 21:34:12'),(765,1,'en','core/base/tables','activate','Activate','2023-06-13 21:34:12','2023-06-13 21:34:12'),(766,1,'en','core/base/tables','deactivate','Deactivate','2023-06-13 21:34:12','2023-06-13 21:34:12'),(767,1,'en','core/base/tables','excel','Excel','2023-06-13 21:34:12','2023-06-13 21:34:12'),(768,1,'en','core/base/tables','export','Export','2023-06-13 21:34:12','2023-06-13 21:34:12'),(769,1,'en','core/base/tables','csv','CSV','2023-06-13 21:34:12','2023-06-13 21:34:12'),(770,1,'en','core/base/tables','pdf','PDF','2023-06-13 21:34:12','2023-06-13 21:34:12'),(771,1,'en','core/base/tables','print','Print','2023-06-13 21:34:12','2023-06-13 21:34:12'),(772,1,'en','core/base/tables','reset','Reset','2023-06-13 21:34:12','2023-06-13 21:34:12'),(773,1,'en','core/base/tables','reload','Reload','2023-06-13 21:34:12','2023-06-13 21:34:12'),(774,1,'en','core/base/tables','display','Display','2023-06-13 21:34:12','2023-06-13 21:34:12'),(775,1,'en','core/base/tables','all','All','2023-06-13 21:34:12','2023-06-13 21:34:12'),(776,1,'en','core/base/tables','add_new','Add New','2023-06-13 21:34:12','2023-06-13 21:34:12'),(777,1,'en','core/base/tables','action','Actions','2023-06-13 21:34:12','2023-06-13 21:34:12'),(778,1,'en','core/base/tables','delete_entry','Delete','2023-06-13 21:34:12','2023-06-13 21:34:12'),(779,1,'en','core/base/tables','view','View Detail','2023-06-13 21:34:12','2023-06-13 21:34:12'),(780,1,'en','core/base/tables','save','Save','2023-06-13 21:34:12','2023-06-13 21:34:12'),(781,1,'en','core/base/tables','show_from','Show from','2023-06-13 21:34:12','2023-06-13 21:34:12'),(782,1,'en','core/base/tables','to','to','2023-06-13 21:34:12','2023-06-13 21:34:12'),(783,1,'en','core/base/tables','in','in','2023-06-13 21:34:12','2023-06-13 21:34:12'),(784,1,'en','core/base/tables','records','records','2023-06-13 21:34:12','2023-06-13 21:34:12'),(785,1,'en','core/base/tables','no_data','No data to display','2023-06-13 21:34:12','2023-06-13 21:34:12'),(786,1,'en','core/base/tables','no_record','No record','2023-06-13 21:34:12','2023-06-13 21:34:12'),(787,1,'en','core/base/tables','confirm_delete','Confirm delete','2023-06-13 21:34:12','2023-06-13 21:34:12'),(788,1,'en','core/base/tables','confirm_delete_msg','Do you really want to delete this record?','2023-06-13 21:34:12','2023-06-13 21:34:12'),(789,1,'en','core/base/tables','confirm_delete_many_msg','Do you really want to delete selected record(s)?','2023-06-13 21:34:12','2023-06-13 21:34:12'),(790,1,'en','core/base/tables','cancel','Cancel','2023-06-13 21:34:12','2023-06-13 21:34:12'),(791,1,'en','core/base/tables','template','Template','2023-06-13 21:34:12','2023-06-13 21:34:12'),(792,1,'en','core/base/tables','email','Email','2023-06-13 21:34:12','2023-06-13 21:34:12'),(793,1,'en','core/base/tables','last_login','Last login','2023-06-13 21:34:12','2023-06-13 21:34:12'),(794,1,'en','core/base/tables','shortcode','Shortcode','2023-06-13 21:34:12','2023-06-13 21:34:12'),(795,1,'en','core/base/tables','image','Image','2023-06-13 21:34:12','2023-06-13 21:34:12'),(796,1,'en','core/base/tables','bulk_changes','Bulk changes','2023-06-13 21:34:12','2023-06-13 21:34:12'),(797,1,'en','core/base/tables','submit','Submit','2023-06-13 21:34:12','2023-06-13 21:34:12'),(798,1,'en','core/base/tables','please_select_record','Please select at least one record to perform this action!','2023-06-13 21:34:12','2023-06-13 21:34:12'),(799,1,'en','core/base/tabs','detail','Detail','2023-06-13 21:34:12','2023-06-13 21:34:12'),(800,1,'en','core/base/tabs','file','Files','2023-06-13 21:34:12','2023-06-13 21:34:12'),(801,1,'en','core/base/tabs','record_note','Record Note','2023-06-13 21:34:12','2023-06-13 21:34:12'),(802,1,'en','core/base/tabs','revision','Revision History','2023-06-13 21:34:12','2023-06-13 21:34:12'),(803,1,'en','core/dashboard/dashboard','update_position_success','Update widget position successfully!','2023-06-13 21:34:12','2023-06-13 21:34:12'),(804,1,'en','core/dashboard/dashboard','hide_success','Update widget successfully!','2023-06-13 21:34:12','2023-06-13 21:34:12'),(805,1,'en','core/dashboard/dashboard','confirm_hide','Are you sure?','2023-06-13 21:34:12','2023-06-13 21:34:12'),(806,1,'en','core/dashboard/dashboard','hide_message','Do you really want to hide this widget? It will be disappear on Dashboard!','2023-06-13 21:34:12','2023-06-13 21:34:12'),(807,1,'en','core/dashboard/dashboard','confirm_hide_btn','Yes, hide this widget','2023-06-13 21:34:12','2023-06-13 21:34:12'),(808,1,'en','core/dashboard/dashboard','cancel_hide_btn','Cancel','2023-06-13 21:34:12','2023-06-13 21:34:12'),(809,1,'en','core/dashboard/dashboard','collapse_expand','Collapse/Expand','2023-06-13 21:34:12','2023-06-13 21:34:12'),(810,1,'en','core/dashboard/dashboard','hide','Hide','2023-06-13 21:34:12','2023-06-13 21:34:12'),(811,1,'en','core/dashboard/dashboard','reload','Reload','2023-06-13 21:34:12','2023-06-13 21:34:12'),(812,1,'en','core/dashboard/dashboard','save_setting_success','Save widget settings successfully!','2023-06-13 21:34:12','2023-06-13 21:34:12'),(813,1,'en','core/dashboard/dashboard','widget_not_exists','Widget is not exits!','2023-06-13 21:34:12','2023-06-13 21:34:12'),(814,1,'en','core/dashboard/dashboard','manage_widgets','Manage Widgets','2023-06-13 21:34:12','2023-06-13 21:34:12'),(815,1,'en','core/dashboard/dashboard','fullscreen','Full screen','2023-06-13 21:34:12','2023-06-13 21:34:12'),(816,1,'en','core/dashboard/dashboard','title','Dashboard','2023-06-13 21:34:12','2023-06-13 21:34:12'),(817,1,'en','core/dashboard/dashboard','predefined_ranges.today','Today','2023-06-13 21:34:12','2023-06-13 21:34:12'),(818,1,'en','core/dashboard/dashboard','predefined_ranges.yesterday','Yesterday','2023-06-13 21:34:12','2023-06-13 21:34:12'),(819,1,'en','core/dashboard/dashboard','predefined_ranges.this_week','This Week','2023-06-13 21:34:12','2023-06-13 21:34:12'),(820,1,'en','core/dashboard/dashboard','predefined_ranges.last_7_days','Last 7 Days','2023-06-13 21:34:12','2023-06-13 21:34:12'),(821,1,'en','core/dashboard/dashboard','predefined_ranges.this_month','This Month','2023-06-13 21:34:12','2023-06-13 21:34:12'),(822,1,'en','core/dashboard/dashboard','predefined_ranges.last_30_days','Last 30 Days','2023-06-13 21:34:12','2023-06-13 21:34:12'),(823,1,'en','core/dashboard/dashboard','predefined_ranges.this_year','This Year','2023-06-13 21:34:12','2023-06-13 21:34:12'),(824,1,'en','core/media/media','filter','Filter','2023-06-13 21:34:12','2023-06-13 21:34:12'),(825,1,'en','core/media/media','everything','Everything','2023-06-13 21:34:12','2023-06-13 21:34:12'),(826,1,'en','core/media/media','image','Image','2023-06-13 21:34:12','2023-06-13 21:34:12'),(827,1,'en','core/media/media','video','Video','2023-06-13 21:34:12','2023-06-13 21:34:12'),(828,1,'en','core/media/media','document','Document','2023-06-13 21:34:12','2023-06-13 21:34:12'),(829,1,'en','core/media/media','view_in','View in','2023-06-13 21:34:12','2023-06-13 21:34:12'),(830,1,'en','core/media/media','all_media','All media','2023-06-13 21:34:12','2023-06-13 21:34:12'),(831,1,'en','core/media/media','trash','Trash','2023-06-13 21:34:12','2023-06-13 21:34:12'),(832,1,'en','core/media/media','recent','Recent','2023-06-13 21:34:12','2023-06-13 21:34:12'),(833,1,'en','core/media/media','favorites','Favorites','2023-06-13 21:34:12','2023-06-13 21:34:12'),(834,1,'en','core/media/media','upload','Upload','2023-06-13 21:34:12','2023-06-13 21:34:12'),(835,1,'en','core/media/media','create_folder','Create folder','2023-06-13 21:34:12','2023-06-13 21:34:12'),(836,1,'en','core/media/media','refresh','Refresh','2023-06-13 21:34:12','2023-06-13 21:34:12'),(837,1,'en','core/media/media','empty_trash','Empty trash','2023-06-13 21:34:12','2023-06-13 21:34:12'),(838,1,'en','core/media/media','search_file_and_folder','Search in current folder','2023-06-13 21:34:12','2023-06-13 21:34:12'),(839,1,'en','core/media/media','sort','Sort','2023-06-13 21:34:12','2023-06-13 21:34:12'),(840,1,'en','core/media/media','file_name_asc','File name - ASC','2023-06-13 21:34:12','2023-06-13 21:34:12'),(841,1,'en','core/media/media','file_name_desc','File name - DESC','2023-06-13 21:34:12','2023-06-13 21:34:12'),(842,1,'en','core/media/media','uploaded_date_asc','Uploaded date - ASC','2023-06-13 21:34:12','2023-06-13 21:34:12'),(843,1,'en','core/media/media','uploaded_date_desc','Uploaded date - DESC','2023-06-13 21:34:12','2023-06-13 21:34:12'),(844,1,'en','core/media/media','size_asc','Size - ASC','2023-06-13 21:34:12','2023-06-13 21:34:12'),(845,1,'en','core/media/media','size_desc','Size - DESC','2023-06-13 21:34:12','2023-06-13 21:34:12'),(846,1,'en','core/media/media','actions','Actions','2023-06-13 21:34:12','2023-06-13 21:34:12'),(847,1,'en','core/media/media','nothing_is_selected','Nothing is selected','2023-06-13 21:34:12','2023-06-13 21:34:12'),(848,1,'en','core/media/media','insert','Insert','2023-06-13 21:34:12','2023-06-13 21:34:12'),(849,1,'en','core/media/media','folder_name','Folder name','2023-06-13 21:34:12','2023-06-13 21:34:12'),(850,1,'en','core/media/media','create','Create','2023-06-13 21:34:12','2023-06-13 21:34:12'),(851,1,'en','core/media/media','rename','Rename','2023-06-13 21:34:12','2023-06-13 21:34:12'),(852,1,'en','core/media/media','crop','Crop','2023-06-13 21:34:12','2023-06-13 21:34:12'),(853,1,'en','core/media/media','close','Close','2023-06-13 21:34:12','2023-06-13 21:34:12'),(854,1,'en','core/media/media','save_changes','Save changes','2023-06-13 21:34:12','2023-06-13 21:34:12'),(855,1,'en','core/media/media','move_to_trash','Move items to trash','2023-06-13 21:34:12','2023-06-13 21:34:12'),(856,1,'en','core/media/media','confirm_trash','Are you sure you want to move these items to trash?','2023-06-13 21:34:12','2023-06-13 21:34:12'),(857,1,'en','core/media/media','confirm','Confirm','2023-06-13 21:34:12','2023-06-13 21:34:12'),(858,1,'en','core/media/media','confirm_delete','Delete item(s)','2023-06-13 21:34:12','2023-06-13 21:34:12'),(859,1,'en','core/media/media','confirm_delete_description','Your request cannot rollback. Are you sure you wanna delete these items?','2023-06-13 21:34:12','2023-06-13 21:34:12'),(860,1,'en','core/media/media','empty_trash_title','Empty trash','2023-06-13 21:34:12','2023-06-13 21:34:12'),(861,1,'en','core/media/media','empty_trash_description','Your request cannot rollback. Are you sure you wanna remove all items in trash?','2023-06-13 21:34:12','2023-06-13 21:34:12'),(862,1,'en','core/media/media','up_level','Up one level','2023-06-13 21:34:12','2023-06-13 21:34:12'),(863,1,'en','core/media/media','upload_progress','Upload progress','2023-06-13 21:34:12','2023-06-13 21:34:12'),(864,1,'en','core/media/media','alt_text','Alt text','2023-06-13 21:34:12','2023-06-13 21:34:12'),(865,1,'en','core/media/media','folder_created','Folder is created successfully!','2023-06-13 21:34:12','2023-06-13 21:34:12'),(866,1,'en','core/media/media','gallery','Media gallery','2023-06-13 21:34:12','2023-06-13 21:34:12'),(867,1,'en','core/media/media','trash_error','Error when delete selected item(s)','2023-06-13 21:34:12','2023-06-13 21:34:12'),(868,1,'en','core/media/media','trash_success','Moved selected item(s) to trash successfully!','2023-06-13 21:34:12','2023-06-13 21:34:12'),(869,1,'en','core/media/media','restore_error','Error when restore selected item(s)','2023-06-13 21:34:12','2023-06-13 21:34:12'),(870,1,'en','core/media/media','restore_success','Restore selected item(s) successfully!','2023-06-13 21:34:12','2023-06-13 21:34:12'),(871,1,'en','core/media/media','copy_success','Copied selected item(s) successfully!','2023-06-13 21:34:12','2023-06-13 21:34:12'),(872,1,'en','core/media/media','delete_success','Deleted selected item(s) successfully!','2023-06-13 21:34:12','2023-06-13 21:34:12'),(873,1,'en','core/media/media','favorite_success','Favorite selected item(s) successfully!','2023-06-13 21:34:12','2023-06-13 21:34:12'),(874,1,'en','core/media/media','remove_favorite_success','Remove selected item(s) from favorites successfully!','2023-06-13 21:34:12','2023-06-13 21:34:12'),(875,1,'en','core/media/media','rename_error','Error when rename item(s)','2023-06-13 21:34:12','2023-06-13 21:34:12'),(876,1,'en','core/media/media','rename_success','Rename selected item(s) successfully!','2023-06-13 21:34:12','2023-06-13 21:34:12'),(877,1,'en','core/media/media','crop_success','Crop image successfully!','2023-06-13 21:34:12','2023-06-13 21:34:12'),(878,1,'en','core/media/media','empty_trash_success','Empty trash successfully!','2023-06-13 21:34:12','2023-06-13 21:34:12'),(879,1,'en','core/media/media','invalid_action','Invalid action!','2023-06-13 21:34:12','2023-06-13 21:34:12'),(880,1,'en','core/media/media','file_not_exists','File is not exists!','2023-06-13 21:34:12','2023-06-13 21:34:12'),(881,1,'en','core/media/media','download_file_error','Error when downloading files!','2023-06-13 21:34:12','2023-06-13 21:34:12'),(882,1,'en','core/media/media','missing_zip_archive_extension','Please enable ZipArchive extension to download file!','2023-06-13 21:34:12','2023-06-13 21:34:12'),(883,1,'en','core/media/media','can_not_download_file','Can not download this file!','2023-06-13 21:34:12','2023-06-13 21:34:12'),(884,1,'en','core/media/media','invalid_request','Invalid request!','2023-06-13 21:34:12','2023-06-13 21:34:12'),(885,1,'en','core/media/media','add_success','Add item successfully!','2023-06-13 21:34:12','2023-06-13 21:34:12'),(886,1,'en','core/media/media','file_too_big','File too big. Max file upload is :size bytes','2023-06-13 21:34:12','2023-06-13 21:34:12'),(887,1,'en','core/media/media','file_too_big_readable_size','File too big. Max file upload is :size.','2023-06-13 21:34:12','2023-06-13 21:34:12'),(888,1,'en','core/media/media','can_not_detect_file_type','File type is not allowed or can not detect file type!','2023-06-13 21:34:12','2023-06-13 21:34:12'),(889,1,'en','core/media/media','upload_failed','The file is NOT uploaded completely. The server allows max upload file size is :size . Please check your file size OR try to upload again in case of having network errors','2023-06-13 21:34:12','2023-06-13 21:34:12'),(890,1,'en','core/media/media','failed_to_crop_image','The file cropping must be image type','2023-06-13 21:34:12','2023-06-13 21:34:12'),(891,1,'en','core/media/media','menu_name','Media','2023-06-13 21:34:12','2023-06-13 21:34:12'),(892,1,'en','core/media/media','add','Add media','2023-06-13 21:34:12','2023-06-13 21:34:12'),(893,1,'en','core/media/media','javascript.name','Name','2023-06-13 21:34:12','2023-06-13 21:34:12'),(894,1,'en','core/media/media','javascript.url','URL','2023-06-13 21:34:12','2023-06-13 21:34:12'),(895,1,'en','core/media/media','javascript.full_url','Full URL','2023-06-13 21:34:12','2023-06-13 21:34:12'),(896,1,'en','core/media/media','javascript.alt','Alt text','2023-06-13 21:34:12','2023-06-13 21:34:12'),(897,1,'en','core/media/media','javascript.size','Size','2023-06-13 21:34:12','2023-06-13 21:34:12'),(898,1,'en','core/media/media','javascript.mime_type','Type','2023-06-13 21:34:12','2023-06-13 21:34:12'),(899,1,'en','core/media/media','javascript.created_at','Uploaded at','2023-06-13 21:34:12','2023-06-13 21:34:12'),(900,1,'en','core/media/media','javascript.updated_at','Modified at','2023-06-13 21:34:12','2023-06-13 21:34:12'),(901,1,'en','core/media/media','javascript.nothing_selected','Nothing is selected','2023-06-13 21:34:12','2023-06-13 21:34:12'),(902,1,'en','core/media/media','javascript.visit_link','Open link','2023-06-13 21:34:12','2023-06-13 21:34:12'),(903,1,'en','core/media/media','javascript.no_item.all_media.icon','fas fa-cloud-upload-alt','2023-06-13 21:34:12','2023-06-13 21:34:12'),(904,1,'en','core/media/media','javascript.no_item.all_media.title','Drop files and folders here','2023-06-13 21:34:12','2023-06-13 21:34:12'),(905,1,'en','core/media/media','javascript.no_item.all_media.message','Or use the upload button above','2023-06-13 21:34:12','2023-06-13 21:34:12'),(906,1,'en','core/media/media','javascript.no_item.trash.icon','fas fa-trash-alt','2023-06-13 21:34:12','2023-06-13 21:34:12'),(907,1,'en','core/media/media','javascript.no_item.trash.title','There is nothing in your trash currently','2023-06-13 21:34:12','2023-06-13 21:34:12'),(908,1,'en','core/media/media','javascript.no_item.trash.message','Delete files to move them to trash automatically. Delete files from trash to remove them permanently','2023-06-13 21:34:13','2023-06-13 21:34:13'),(909,1,'en','core/media/media','javascript.no_item.favorites.icon','fas fa-star','2023-06-13 21:34:13','2023-06-13 21:34:13'),(910,1,'en','core/media/media','javascript.no_item.favorites.title','You have not added anything to your favorites yet','2023-06-13 21:34:13','2023-06-13 21:34:13'),(911,1,'en','core/media/media','javascript.no_item.favorites.message','Add files to favorites to easily find them later','2023-06-13 21:34:13','2023-06-13 21:34:13'),(912,1,'en','core/media/media','javascript.no_item.recent.icon','far fa-clock','2023-06-13 21:34:13','2023-06-13 21:34:13'),(913,1,'en','core/media/media','javascript.no_item.recent.title','You did not opened anything yet','2023-06-13 21:34:13','2023-06-13 21:34:13'),(914,1,'en','core/media/media','javascript.no_item.recent.message','All recent files that you opened will be appeared here','2023-06-13 21:34:13','2023-06-13 21:34:13'),(915,1,'en','core/media/media','javascript.no_item.default.icon','fas fa-sync','2023-06-13 21:34:13','2023-06-13 21:34:13'),(916,1,'en','core/media/media','javascript.no_item.default.title','No items','2023-06-13 21:34:13','2023-06-13 21:34:13'),(917,1,'en','core/media/media','javascript.no_item.default.message','This directory has no item','2023-06-13 21:34:13','2023-06-13 21:34:13'),(918,1,'en','core/media/media','javascript.clipboard.success','These file links has been copied to clipboard','2023-06-13 21:34:13','2023-06-13 21:34:13'),(919,1,'en','core/media/media','javascript.message.error_header','Error','2023-06-13 21:34:13','2023-06-13 21:34:13'),(920,1,'en','core/media/media','javascript.message.success_header','Success','2023-06-13 21:34:13','2023-06-13 21:34:13'),(921,1,'en','core/media/media','javascript.download.error','No files selected or cannot download these files','2023-06-13 21:34:13','2023-06-13 21:34:13'),(922,1,'en','core/media/media','javascript.actions_list.basic.preview','Preview','2023-06-13 21:34:13','2023-06-13 21:34:13'),(923,1,'en','core/media/media','javascript.actions_list.basic.crop','Crop','2023-06-13 21:34:13','2023-06-13 21:34:13'),(924,1,'en','core/media/media','javascript.actions_list.file.copy_link','Copy link','2023-06-13 21:34:13','2023-06-13 21:34:13'),(925,1,'en','core/media/media','javascript.actions_list.file.rename','Rename','2023-06-13 21:34:13','2023-06-13 21:34:13'),(926,1,'en','core/media/media','javascript.actions_list.file.make_copy','Make a copy','2023-06-13 21:34:13','2023-06-13 21:34:13'),(927,1,'en','core/media/media','javascript.actions_list.user.favorite','Add to favorite','2023-06-13 21:34:13','2023-06-13 21:34:13'),(928,1,'en','core/media/media','javascript.actions_list.user.remove_favorite','Remove favorite','2023-06-13 21:34:13','2023-06-13 21:34:13'),(929,1,'en','core/media/media','javascript.actions_list.other.download','Download','2023-06-13 21:34:13','2023-06-13 21:34:13'),(930,1,'en','core/media/media','javascript.actions_list.other.trash','Move to trash','2023-06-13 21:34:13','2023-06-13 21:34:13'),(931,1,'en','core/media/media','javascript.actions_list.other.delete','Delete permanently','2023-06-13 21:34:13','2023-06-13 21:34:13'),(932,1,'en','core/media/media','javascript.actions_list.other.restore','Restore','2023-06-13 21:34:13','2023-06-13 21:34:13'),(933,1,'en','core/media/media','javascript.change_image','Change image','2023-06-13 21:34:13','2023-06-13 21:34:13'),(934,1,'en','core/media/media','javascript.delete_image','Delete image','2023-06-13 21:34:13','2023-06-13 21:34:13'),(935,1,'en','core/media/media','javascript.choose_image','Choose image','2023-06-13 21:34:13','2023-06-13 21:34:13'),(936,1,'en','core/media/media','javascript.preview_image','Preview image','2023-06-13 21:34:13','2023-06-13 21:34:13'),(937,1,'en','core/media/media','name_invalid','The folder name has invalid character(s).','2023-06-13 21:34:13','2023-06-13 21:34:13'),(938,1,'en','core/media/media','url_invalid','Please provide a valid URL','2023-06-13 21:34:13','2023-06-13 21:34:13'),(939,1,'en','core/media/media','path_invalid','Please provide a valid path','2023-06-13 21:34:13','2023-06-13 21:34:13'),(940,1,'en','core/media/media','download_link','Download','2023-06-13 21:34:13','2023-06-13 21:34:13'),(941,1,'en','core/media/media','url','URL','2023-06-13 21:34:13','2023-06-13 21:34:13'),(942,1,'en','core/media/media','download_explain','Enter one URL per line.','2023-06-13 21:34:13','2023-06-13 21:34:13'),(943,1,'en','core/media/media','downloading','Downloading...','2023-06-13 21:34:13','2023-06-13 21:34:13'),(944,1,'en','core/media/media','prepare_file_to_download','Preparing file to download...','2023-06-13 21:34:13','2023-06-13 21:34:13'),(945,1,'en','core/media/media','update_alt_text_success','Update alt text successfully!','2023-06-13 21:34:13','2023-06-13 21:34:13'),(946,1,'en','core/media/media','cropper.height','Height','2023-06-13 21:34:13','2023-06-13 21:34:13'),(947,1,'en','core/media/media','cropper.width','Width','2023-06-13 21:34:13','2023-06-13 21:34:13'),(948,1,'en','core/media/media','cropper.aspect_ratio','Aspect ratio?','2023-06-13 21:34:13','2023-06-13 21:34:13'),(949,1,'en','core/media/media','unable_to_write','Unable to write file. Please chmod folder \":folder\" to make it writeable!','2023-06-13 21:34:13','2023-06-13 21:34:13'),(950,1,'en','core/setting/setting','title','Settings','2023-06-13 21:34:13','2023-06-13 21:34:13'),(951,1,'en','core/setting/setting','email_setting_title','Email settings','2023-06-13 21:34:13','2023-06-13 21:34:13'),(952,1,'en','core/setting/setting','general.theme','Theme','2023-06-13 21:34:13','2023-06-13 21:34:13'),(953,1,'en','core/setting/setting','general.description','Setting site information','2023-06-13 21:34:13','2023-06-13 21:34:13'),(954,1,'en','core/setting/setting','general.title','General','2023-06-13 21:34:13','2023-06-13 21:34:13'),(955,1,'en','core/setting/setting','general.general_block','General Information','2023-06-13 21:34:13','2023-06-13 21:34:13'),(956,1,'en','core/setting/setting','general.rich_editor','Rich Editor','2023-06-13 21:34:13','2023-06-13 21:34:13'),(957,1,'en','core/setting/setting','general.site_title','Site title','2023-06-13 21:34:13','2023-06-13 21:34:13'),(958,1,'en','core/setting/setting','general.admin_email','Admin Email','2023-06-13 21:34:13','2023-06-13 21:34:13'),(959,1,'en','core/setting/setting','general.seo_block','SEO Configuration','2023-06-13 21:34:13','2023-06-13 21:34:13'),(960,1,'en','core/setting/setting','general.seo_title','SEO Title','2023-06-13 21:34:13','2023-06-13 21:34:13'),(961,1,'en','core/setting/setting','general.seo_description','SEO Description','2023-06-13 21:34:13','2023-06-13 21:34:13'),(962,1,'en','core/setting/setting','general.webmaster_tools_block','Google Webmaster Tools','2023-06-13 21:34:13','2023-06-13 21:34:13'),(963,1,'en','core/setting/setting','general.placeholder.site_title','Site Title (maximum 120 characters)','2023-06-13 21:34:13','2023-06-13 21:34:13'),(964,1,'en','core/setting/setting','general.placeholder.admin_email','Admin Email','2023-06-13 21:34:13','2023-06-13 21:34:13'),(965,1,'en','core/setting/setting','general.placeholder.seo_title','SEO Title (maximum 120 characters)','2023-06-13 21:34:13','2023-06-13 21:34:13'),(966,1,'en','core/setting/setting','general.placeholder.seo_description','SEO Description (maximum 120 characters)','2023-06-13 21:34:13','2023-06-13 21:34:13'),(967,1,'en','core/setting/setting','general.placeholder.google_analytics','Google Analytics','2023-06-13 21:34:13','2023-06-13 21:34:13'),(968,1,'en','core/setting/setting','general.cache_admin_menu','Cache admin menu?','2023-06-13 21:34:13','2023-06-13 21:34:13'),(969,1,'en','core/setting/setting','general.enable_send_error_reporting_via_email','Enable to send error reporting via email?','2023-06-13 21:34:13','2023-06-13 21:34:13'),(970,1,'en','core/setting/setting','general.time_zone','Timezone','2023-06-13 21:34:13','2023-06-13 21:34:13'),(971,1,'en','core/setting/setting','general.default_admin_theme','Default admin theme','2023-06-13 21:34:13','2023-06-13 21:34:13'),(972,1,'en','core/setting/setting','general.enable_change_admin_theme','Enable change admin theme?','2023-06-13 21:34:13','2023-06-13 21:34:13'),(973,1,'en','core/setting/setting','general.enable','Enable','2023-06-13 21:34:13','2023-06-13 21:34:13'),(974,1,'en','core/setting/setting','general.disable','Disable','2023-06-13 21:34:13','2023-06-13 21:34:13'),(975,1,'en','core/setting/setting','general.enable_cache','Enable cache?','2023-06-13 21:34:13','2023-06-13 21:34:13'),(976,1,'en','core/setting/setting','general.disable_cache_in_the_admin_panel','Disable cache in the admin panel?','2023-06-13 21:34:13','2023-06-13 21:34:13'),(977,1,'en','core/setting/setting','general.cache_time','Cache time (minutes)','2023-06-13 21:34:13','2023-06-13 21:34:13'),(978,1,'en','core/setting/setting','general.enable_cache_site_map','Enable cache site map?','2023-06-13 21:34:13','2023-06-13 21:34:13'),(979,1,'en','core/setting/setting','general.cache_time_site_map','Cache Time Site map (minutes)','2023-06-13 21:34:13','2023-06-13 21:34:13'),(980,1,'en','core/setting/setting','general.admin_logo','Admin logo','2023-06-13 21:34:13','2023-06-13 21:34:13'),(981,1,'en','core/setting/setting','general.admin_favicon','Admin favicon','2023-06-13 21:34:13','2023-06-13 21:34:13'),(982,1,'en','core/setting/setting','general.admin_title','Admin title','2023-06-13 21:34:13','2023-06-13 21:34:13'),(983,1,'en','core/setting/setting','general.admin_title_placeholder','Title show to tab of browser','2023-06-13 21:34:13','2023-06-13 21:34:13'),(984,1,'en','core/setting/setting','general.cache_block','Cache','2023-06-13 21:34:13','2023-06-13 21:34:13'),(985,1,'en','core/setting/setting','general.admin_appearance_title','Admin appearance','2023-06-13 21:34:13','2023-06-13 21:34:13'),(986,1,'en','core/setting/setting','general.admin_appearance_description','Setting admin appearance such as editor, language...','2023-06-13 21:34:13','2023-06-13 21:34:13'),(987,1,'en','core/setting/setting','general.seo_block_description','Setting site title, site meta description, site keyword for optimize SEO','2023-06-13 21:34:13','2023-06-13 21:34:13'),(988,1,'en','core/setting/setting','general.webmaster_tools_description','Google Webmaster Tools (GWT) is free software that helps you manage the technical side of your website','2023-06-13 21:34:13','2023-06-13 21:34:13'),(989,1,'en','core/setting/setting','general.cache_description','Config cache for system for optimize speed','2023-06-13 21:34:13','2023-06-13 21:34:13'),(990,1,'en','core/setting/setting','general.yes','Yes','2023-06-13 21:34:13','2023-06-13 21:34:13'),(991,1,'en','core/setting/setting','general.no','No','2023-06-13 21:34:13','2023-06-13 21:34:13'),(992,1,'en','core/setting/setting','general.show_on_front','Your homepage displays','2023-06-13 21:34:13','2023-06-13 21:34:13'),(993,1,'en','core/setting/setting','general.select',' Select ','2023-06-13 21:34:13','2023-06-13 21:34:13'),(994,1,'en','core/setting/setting','general.show_site_name','Show site name after page title, separate with \"-\"?','2023-06-13 21:34:13','2023-06-13 21:34:13'),(995,1,'en','core/setting/setting','general.locale','Site language','2023-06-13 21:34:13','2023-06-13 21:34:13'),(996,1,'en','core/setting/setting','general.locale_direction','Front site language direction','2023-06-13 21:34:13','2023-06-13 21:34:13'),(997,1,'en','core/setting/setting','general.admin_locale_direction','Admin language direction','2023-06-13 21:34:13','2023-06-13 21:34:13'),(998,1,'en','core/setting/setting','general.admin_login_screen_backgrounds','Login screen backgrounds (~1366x768)','2023-06-13 21:34:13','2023-06-13 21:34:13'),(999,1,'en','core/setting/setting','general.minutes','minutes','2023-06-13 21:34:13','2023-06-13 21:34:13'),(1000,1,'en','core/setting/setting','email.subject','Subject','2023-06-13 21:34:13','2023-06-13 21:34:13'),(1001,1,'en','core/setting/setting','email.content','Content','2023-06-13 21:34:13','2023-06-13 21:34:13'),(1002,1,'en','core/setting/setting','email.title','Setting for email template','2023-06-13 21:34:13','2023-06-13 21:34:13'),(1003,1,'en','core/setting/setting','email.description','Email template using HTML & system variables.','2023-06-13 21:34:13','2023-06-13 21:34:13'),(1004,1,'en','core/setting/setting','email.reset_to_default','Reset to default','2023-06-13 21:34:13','2023-06-13 21:34:13'),(1005,1,'en','core/setting/setting','email.back','Back to settings','2023-06-13 21:34:13','2023-06-13 21:34:13'),(1006,1,'en','core/setting/setting','email.reset_success','Reset back to default successfully','2023-06-13 21:34:13','2023-06-13 21:34:13'),(1007,1,'en','core/setting/setting','email.confirm_reset','Confirm reset email template?','2023-06-13 21:34:13','2023-06-13 21:34:13'),(1008,1,'en','core/setting/setting','email.confirm_message','Do you really want to reset this email template to default?','2023-06-13 21:34:13','2023-06-13 21:34:13'),(1009,1,'en','core/setting/setting','email.continue','Continue','2023-06-13 21:34:13','2023-06-13 21:34:13'),(1010,1,'en','core/setting/setting','email.sender_name','Sender name','2023-06-13 21:34:13','2023-06-13 21:34:13'),(1011,1,'en','core/setting/setting','email.sender_name_placeholder','Name','2023-06-13 21:34:13','2023-06-13 21:34:13'),(1012,1,'en','core/setting/setting','email.sender_email','Sender email','2023-06-13 21:34:13','2023-06-13 21:34:13'),(1013,1,'en','core/setting/setting','email.mailer','Mailer','2023-06-13 21:34:13','2023-06-13 21:34:13'),(1014,1,'en','core/setting/setting','email.port','Port','2023-06-13 21:34:13','2023-06-13 21:34:13'),(1015,1,'en','core/setting/setting','email.port_placeholder','Ex: 587','2023-06-13 21:34:13','2023-06-13 21:34:13'),(1016,1,'en','core/setting/setting','email.host','Host','2023-06-13 21:34:13','2023-06-13 21:34:13'),(1017,1,'en','core/setting/setting','email.host_placeholder','Ex: smtp.gmail.com','2023-06-13 21:34:13','2023-06-13 21:34:13'),(1018,1,'en','core/setting/setting','email.username','Username','2023-06-13 21:34:13','2023-06-13 21:34:13'),(1019,1,'en','core/setting/setting','email.username_placeholder','Username to login to mail server','2023-06-13 21:34:13','2023-06-13 21:34:13'),(1020,1,'en','core/setting/setting','email.password','Password','2023-06-13 21:34:13','2023-06-13 21:34:13'),(1021,1,'en','core/setting/setting','email.password_placeholder','Password to login to mail server','2023-06-13 21:34:13','2023-06-13 21:34:13'),(1022,1,'en','core/setting/setting','email.encryption','Encryption','2023-06-13 21:34:13','2023-06-13 21:34:13'),(1023,1,'en','core/setting/setting','email.mail_gun_domain','Domain','2023-06-13 21:34:13','2023-06-13 21:34:13'),(1024,1,'en','core/setting/setting','email.mail_gun_domain_placeholder','Domain','2023-06-13 21:34:13','2023-06-13 21:34:13'),(1025,1,'en','core/setting/setting','email.mail_gun_secret','Secret','2023-06-13 21:34:13','2023-06-13 21:34:13'),(1026,1,'en','core/setting/setting','email.mail_gun_secret_placeholder','Secret','2023-06-13 21:34:13','2023-06-13 21:34:13'),(1027,1,'en','core/setting/setting','email.mail_gun_endpoint','Endpoint','2023-06-13 21:34:13','2023-06-13 21:34:13'),(1028,1,'en','core/setting/setting','email.mail_gun_endpoint_placeholder','Endpoint','2023-06-13 21:34:13','2023-06-13 21:34:13'),(1029,1,'en','core/setting/setting','email.log_channel','Log channel','2023-06-13 21:34:13','2023-06-13 21:34:13'),(1030,1,'en','core/setting/setting','email.sendmail_path','Sendmail Path','2023-06-13 21:34:13','2023-06-13 21:34:13'),(1031,1,'en','core/setting/setting','email.encryption_placeholder','Encryption: ssl or tls','2023-06-13 21:34:13','2023-06-13 21:34:13'),(1032,1,'en','core/setting/setting','email.ses_key','Key','2023-06-13 21:34:13','2023-06-13 21:34:13'),(1033,1,'en','core/setting/setting','email.ses_key_placeholder','Key','2023-06-13 21:34:13','2023-06-13 21:34:13'),(1034,1,'en','core/setting/setting','email.ses_secret','Secret','2023-06-13 21:34:13','2023-06-13 21:34:13'),(1035,1,'en','core/setting/setting','email.ses_secret_placeholder','Secret','2023-06-13 21:34:13','2023-06-13 21:34:13'),(1036,1,'en','core/setting/setting','email.ses_region','Region','2023-06-13 21:34:13','2023-06-13 21:34:13'),(1037,1,'en','core/setting/setting','email.ses_region_placeholder','Region','2023-06-13 21:34:13','2023-06-13 21:34:13'),(1038,1,'en','core/setting/setting','email.postmark_token','Token','2023-06-13 21:34:13','2023-06-13 21:34:13'),(1039,1,'en','core/setting/setting','email.postmark_token_placeholder','Token','2023-06-13 21:34:13','2023-06-13 21:34:13'),(1040,1,'en','core/setting/setting','email.template_title','Email templates','2023-06-13 21:34:13','2023-06-13 21:34:13'),(1041,1,'en','core/setting/setting','email.template_description','Base templates for all emails','2023-06-13 21:34:13','2023-06-13 21:34:13'),(1042,1,'en','core/setting/setting','email.template_header','Email template header','2023-06-13 21:34:13','2023-06-13 21:34:13'),(1043,1,'en','core/setting/setting','email.template_header_description','Template for header of emails','2023-06-13 21:34:13','2023-06-13 21:34:13'),(1044,1,'en','core/setting/setting','email.template_footer','Email template footer','2023-06-13 21:34:13','2023-06-13 21:34:13'),(1045,1,'en','core/setting/setting','email.template_footer_description','Template for footer of emails','2023-06-13 21:34:13','2023-06-13 21:34:13'),(1046,1,'en','core/setting/setting','email.default','Default','2023-06-13 21:34:13','2023-06-13 21:34:13'),(1047,1,'en','core/setting/setting','media.title','Media','2023-06-13 21:34:13','2023-06-13 21:34:13'),(1048,1,'en','core/setting/setting','media.driver','Driver','2023-06-13 21:34:13','2023-06-13 21:34:13'),(1049,1,'en','core/setting/setting','media.description','Settings for media','2023-06-13 21:34:13','2023-06-13 21:34:13'),(1050,1,'en','core/setting/setting','media.aws_access_key_id','AWS Access Key ID','2023-06-13 21:34:13','2023-06-13 21:34:13'),(1051,1,'en','core/setting/setting','media.aws_secret_key','AWS Secret Key','2023-06-13 21:34:13','2023-06-13 21:34:13'),(1052,1,'en','core/setting/setting','media.aws_default_region','AWS Default Region','2023-06-13 21:34:13','2023-06-13 21:34:13'),(1053,1,'en','core/setting/setting','media.aws_bucket','AWS Bucket','2023-06-13 21:34:13','2023-06-13 21:34:13'),(1054,1,'en','core/setting/setting','media.aws_url','AWS URL','2023-06-13 21:34:13','2023-06-13 21:34:13'),(1055,1,'en','core/setting/setting','media.aws_endpoint','AWS Endpoint (Optional)','2023-06-13 21:34:13','2023-06-13 21:34:13'),(1056,1,'en','core/setting/setting','media.do_spaces_access_key_id','DO Spaces Access Key ID','2023-06-13 21:34:13','2023-06-13 21:34:13'),(1057,1,'en','core/setting/setting','media.do_spaces_secret_key','DO Spaces Secret Key','2023-06-13 21:34:13','2023-06-13 21:34:13'),(1058,1,'en','core/setting/setting','media.do_spaces_default_region','DO Spaces Default Region','2023-06-13 21:34:13','2023-06-13 21:34:13'),(1059,1,'en','core/setting/setting','media.do_spaces_bucket','DO Spaces Bucket','2023-06-13 21:34:13','2023-06-13 21:34:13'),(1060,1,'en','core/setting/setting','media.do_spaces_endpoint','DO Spaces Endpoint','2023-06-13 21:34:13','2023-06-13 21:34:13'),(1061,1,'en','core/setting/setting','media.do_spaces_cdn_enabled','Is DO Spaces CDN enabled?','2023-06-13 21:34:13','2023-06-13 21:34:13'),(1062,1,'en','core/setting/setting','media.media_do_spaces_cdn_custom_domain','Do Spaces CDN custom domain','2023-06-13 21:34:13','2023-06-13 21:34:13'),(1063,1,'en','core/setting/setting','media.media_do_spaces_cdn_custom_domain_placeholder','https://your-custom-domain.com','2023-06-13 21:34:13','2023-06-13 21:34:13'),(1064,1,'en','core/setting/setting','media.wasabi_access_key_id','Wasabi Access Key ID','2023-06-13 21:34:13','2023-06-13 21:34:13'),(1065,1,'en','core/setting/setting','media.wasabi_secret_key','Wasabi Secret Key','2023-06-13 21:34:13','2023-06-13 21:34:13'),(1066,1,'en','core/setting/setting','media.wasabi_default_region','Wasabi Default Region','2023-06-13 21:34:13','2023-06-13 21:34:13'),(1067,1,'en','core/setting/setting','media.wasabi_bucket','Wasabi Bucket','2023-06-13 21:34:13','2023-06-13 21:34:13'),(1068,1,'en','core/setting/setting','media.wasabi_root','Wasabi Root','2023-06-13 21:34:13','2023-06-13 21:34:13'),(1069,1,'en','core/setting/setting','media.default_placeholder_image','Default placeholder image','2023-06-13 21:34:13','2023-06-13 21:34:13'),(1070,1,'en','core/setting/setting','media.enable_chunk','Enable chunk size upload?','2023-06-13 21:34:14','2023-06-13 21:34:14'),(1071,1,'en','core/setting/setting','media.chunk_size','Chunk size (Bytes)','2023-06-13 21:34:14','2023-06-13 21:34:14'),(1072,1,'en','core/setting/setting','media.chunk_size_placeholder','Default: 1048576 ~ 1MB','2023-06-13 21:34:14','2023-06-13 21:34:14'),(1073,1,'en','core/setting/setting','media.max_file_size','Chunk max file size (MB)','2023-06-13 21:34:14','2023-06-13 21:34:14'),(1074,1,'en','core/setting/setting','media.max_file_size_placeholder','Default: 1048576 ~ 1GB','2023-06-13 21:34:14','2023-06-13 21:34:14'),(1075,1,'en','core/setting/setting','media.enable_watermark','Enable watermark?','2023-06-13 21:34:14','2023-06-13 21:34:14'),(1076,1,'en','core/setting/setting','media.watermark_source','Watermark image','2023-06-13 21:34:14','2023-06-13 21:34:14'),(1077,1,'en','core/setting/setting','media.watermark_size','Size of watermark (%)','2023-06-13 21:34:14','2023-06-13 21:34:14'),(1078,1,'en','core/setting/setting','media.watermark_size_placeholder','Default: 10 (%)','2023-06-13 21:34:14','2023-06-13 21:34:14'),(1079,1,'en','core/setting/setting','media.watermark_opacity','Watermark Opacity (%)','2023-06-13 21:34:14','2023-06-13 21:34:14'),(1080,1,'en','core/setting/setting','media.watermark_opacity_placeholder','Default: 70 (%)','2023-06-13 21:34:14','2023-06-13 21:34:14'),(1081,1,'en','core/setting/setting','media.watermark_position','Watermark position','2023-06-13 21:34:14','2023-06-13 21:34:14'),(1082,1,'en','core/setting/setting','media.watermark_position_x','Watermark position X','2023-06-13 21:34:14','2023-06-13 21:34:14'),(1083,1,'en','core/setting/setting','media.watermark_position_y','Watermark position Y','2023-06-13 21:34:14','2023-06-13 21:34:14'),(1084,1,'en','core/setting/setting','media.watermark_position_top_left','Top left','2023-06-13 21:34:14','2023-06-13 21:34:14'),(1085,1,'en','core/setting/setting','media.watermark_position_top_right','Top right','2023-06-13 21:34:14','2023-06-13 21:34:14'),(1086,1,'en','core/setting/setting','media.watermark_position_bottom_left','Bottom left','2023-06-13 21:34:14','2023-06-13 21:34:14'),(1087,1,'en','core/setting/setting','media.watermark_position_bottom_right','Bottom right','2023-06-13 21:34:14','2023-06-13 21:34:14'),(1088,1,'en','core/setting/setting','media.watermark_position_center','Center','2023-06-13 21:34:14','2023-06-13 21:34:14'),(1089,1,'en','core/setting/setting','media.turn_off_automatic_url_translation_into_latin','Turn off automatic URL translation into Latin?','2023-06-13 21:34:14','2023-06-13 21:34:14'),(1090,1,'en','core/setting/setting','media.bunnycdn_hostname','Hostname','2023-06-13 21:34:14','2023-06-13 21:34:14'),(1091,1,'en','core/setting/setting','media.bunnycdn_zone','Zone Name (The name of your storage zone)','2023-06-13 21:34:14','2023-06-13 21:34:14'),(1092,1,'en','core/setting/setting','media.bunnycdn_key','FTP & API Access Password (The storage zone API Access Password)','2023-06-13 21:34:14','2023-06-13 21:34:14'),(1093,1,'en','core/setting/setting','media.bunnycdn_region','Region (The storage zone region)','2023-06-13 21:34:14','2023-06-13 21:34:14'),(1094,1,'en','core/setting/setting','media.optional','Optional','2023-06-13 21:34:14','2023-06-13 21:34:14'),(1095,1,'en','core/setting/setting','media.sizes','Media thumbnails sizes','2023-06-13 21:34:14','2023-06-13 21:34:14'),(1096,1,'en','core/setting/setting','media.media_sizes_helper','Set width or height to 0 if you just want to crop by width or height. Need to click on \"Generate thumbnails\" to apply changes.','2023-06-13 21:34:14','2023-06-13 21:34:14'),(1097,1,'en','core/setting/setting','media.width','Width','2023-06-13 21:34:14','2023-06-13 21:34:14'),(1098,1,'en','core/setting/setting','media.height','Height','2023-06-13 21:34:14','2023-06-13 21:34:14'),(1099,1,'en','core/setting/setting','media.default_size_value','Default: :size','2023-06-13 21:34:14','2023-06-13 21:34:14'),(1100,1,'en','core/setting/setting','media.all','All','2023-06-13 21:34:14','2023-06-13 21:34:14'),(1101,1,'en','core/setting/setting','media.media_folders_can_add_watermark','Add watermark for images in folders:','2023-06-13 21:34:14','2023-06-13 21:34:14'),(1102,1,'en','core/setting/setting','media.max_upload_filesize','Max upload filesize (MB)','2023-06-13 21:34:14','2023-06-13 21:34:14'),(1103,1,'en','core/setting/setting','media.max_upload_filesize_placeholder','Default: :size, must less than :size.','2023-06-13 21:34:14','2023-06-13 21:34:14'),(1104,1,'en','core/setting/setting','media.max_upload_filesize_helper','Your server allows to upload files maximum :size, you can change this value to limit upload filesize.','2023-06-13 21:34:14','2023-06-13 21:34:14'),(1105,1,'en','core/setting/setting','media.image_processing_library','Image processing library','2023-06-13 21:34:14','2023-06-13 21:34:14'),(1106,1,'en','core/setting/setting','license.purchase_code','Purchase code','2023-06-13 21:34:14','2023-06-13 21:34:14'),(1107,1,'en','core/setting/setting','license.buyer','Buyer','2023-06-13 21:34:14','2023-06-13 21:34:14'),(1108,1,'en','core/setting/setting','field_type_not_exists','This field type does not exist','2023-06-13 21:34:14','2023-06-13 21:34:14'),(1109,1,'en','core/setting/setting','save_settings','Save settings','2023-06-13 21:34:14','2023-06-13 21:34:14'),(1110,1,'en','core/setting/setting','template','Template','2023-06-13 21:34:14','2023-06-13 21:34:14'),(1111,1,'en','core/setting/setting','description','Description','2023-06-13 21:34:14','2023-06-13 21:34:14'),(1112,1,'en','core/setting/setting','enable','Enable','2023-06-13 21:34:14','2023-06-13 21:34:14'),(1113,1,'en','core/setting/setting','send','Send','2023-06-13 21:34:14','2023-06-13 21:34:14'),(1114,1,'en','core/setting/setting','test_email_description','To send test email, please make sure you are updated configuration to send mail!','2023-06-13 21:34:14','2023-06-13 21:34:14'),(1115,1,'en','core/setting/setting','test_email_input_placeholder','Enter the email which you want to send test email.','2023-06-13 21:34:14','2023-06-13 21:34:14'),(1116,1,'en','core/setting/setting','test_email_modal_title','Send a test email','2023-06-13 21:34:14','2023-06-13 21:34:14'),(1117,1,'en','core/setting/setting','test_send_mail','Send test mail','2023-06-13 21:34:14','2023-06-13 21:34:14'),(1118,1,'en','core/setting/setting','test_email_send_success','Send email successfully!','2023-06-13 21:34:14','2023-06-13 21:34:14'),(1119,1,'en','core/setting/setting','locale_direction_ltr','Left to Right','2023-06-13 21:34:14','2023-06-13 21:34:14'),(1120,1,'en','core/setting/setting','locale_direction_rtl','Right to Left','2023-06-13 21:34:14','2023-06-13 21:34:14'),(1121,1,'en','core/setting/setting','saving','Saving...','2023-06-13 21:34:14','2023-06-13 21:34:14'),(1122,1,'en','core/setting/setting','emails_warning','You can add up to :count emails','2023-06-13 21:34:14','2023-06-13 21:34:14'),(1123,1,'en','core/setting/setting','email_add_more','Add more','2023-06-13 21:34:14','2023-06-13 21:34:14'),(1124,1,'en','core/setting/setting','generate','Generate','2023-06-13 21:34:14','2023-06-13 21:34:14'),(1125,1,'en','core/setting/setting','generate_thumbnails','Generate thumbnails','2023-06-13 21:34:14','2023-06-13 21:34:14'),(1126,1,'en','core/setting/setting','generate_thumbnails_success','Generate thumbnails successfully. :count files are generated!','2023-06-13 21:34:14','2023-06-13 21:34:14'),(1127,1,'en','core/setting/setting','generate_thumbnails_error','We are unable to regenerate thumbnail for these files :count files!','2023-06-13 21:34:14','2023-06-13 21:34:14'),(1128,1,'en','core/setting/setting','generate_thumbnails_description','Are you sure you want to re-generate thumbnails for all images? It will take time so please DO NOT leave this page, wait until it is finished.','2023-06-13 21:34:14','2023-06-13 21:34:14'),(1129,1,'en','core/setting/setting','enable_chunk_description','Chunk size upload is used to upload large file size.','2023-06-13 21:34:14','2023-06-13 21:34:14'),(1130,1,'en','core/setting/setting','watermark_description','WARNING: Watermark is just added to new uploaded images, it won\'t be added to existing images. Disable watermark won\'t remove watermark from existing images.','2023-06-13 21:34:14','2023-06-13 21:34:14'),(1131,1,'en','core/setting/setting','submit','Submit','2023-06-13 21:34:14','2023-06-13 21:34:14'),(1132,1,'en','core/setting/setting','back','Back','2023-06-13 21:34:14','2023-06-13 21:34:14'),(1133,1,'en','core/setting/setting','enter_sample_value','Enter sample values for testing','2023-06-13 21:34:14','2023-06-13 21:34:14'),(1134,1,'en','core/setting/setting','preview','Preview','2023-06-13 21:34:14','2023-06-13 21:34:14'),(1135,1,'en','core/setting/setting','media_size_width',':size size width must be greater than 0','2023-06-13 21:34:14','2023-06-13 21:34:14'),(1136,1,'en','core/setting/setting','media_size_height',':size size height must be greater than 0','2023-06-13 21:34:14','2023-06-13 21:34:14'),(1137,1,'en','core/setting/setting','cronjob.name','Cronjob','2023-06-13 21:34:14','2023-06-13 21:34:14'),(1138,1,'en','core/setting/setting','cronjob.description','Cronjob allow you to automate certain commands or scripts on your site.','2023-06-13 21:34:14','2023-06-13 21:34:14'),(1139,1,'en','core/setting/setting','cronjob.is_not_ready','To run the cronjob, follow the instructions below.','2023-06-13 21:34:14','2023-06-13 21:34:14'),(1140,1,'en','core/setting/setting','cronjob.is_working','Congratulations! Your cronjob is running.','2023-06-13 21:34:14','2023-06-13 21:34:14'),(1141,1,'en','core/setting/setting','cronjob.is_not_working','Your cronjob is not running. Please check your server\'s cronjob.','2023-06-13 21:34:14','2023-06-13 21:34:14'),(1142,1,'en','core/setting/setting','cronjob.last_checked','Last checked at :time.','2023-06-13 21:34:14','2023-06-13 21:34:14'),(1143,1,'en','core/setting/setting','cronjob.copy_button','Copy','2023-06-13 21:34:14','2023-06-13 21:34:14'),(1144,1,'en','core/setting/setting','cronjob.setup.name','Setting up the Cronjob','2023-06-13 21:34:14','2023-06-13 21:34:14'),(1145,1,'en','core/setting/setting','cronjob.setup.connect_to_server','Connect to your server via SSH or any preferred method.','2023-06-13 21:34:14','2023-06-13 21:34:14'),(1146,1,'en','core/setting/setting','cronjob.setup.open_crontab','Open the crontab file using a text editor (e.g., `crontab -e`).','2023-06-13 21:34:14','2023-06-13 21:34:14'),(1147,1,'en','core/setting/setting','cronjob.setup.add_cronjob','Add the above command to the crontab file and save it.','2023-06-13 21:34:14','2023-06-13 21:34:14'),(1148,1,'en','core/setting/setting','cronjob.setup.done','The cronjob will now run at every minute and execute the specified command.','2023-06-13 21:34:14','2023-06-13 21:34:14'),(1149,1,'en','core/setting/setting','cronjob.setup.learn_more','You can learn more about cronjob from the Laravel :documentation','2023-06-13 21:34:14','2023-06-13 21:34:14'),(1150,1,'en','core/setting/setting','cronjob.setup.documentation','documentation','2023-06-13 21:34:14','2023-06-13 21:34:14'),(1151,1,'en','core/setting/setting','cronjob.setup.copied','Copied','2023-06-13 21:34:14','2023-06-13 21:34:14'),(1152,1,'en','core/table/table','operations','Operations','2023-06-13 21:34:14','2023-06-13 21:34:14'),(1153,1,'en','core/table/table','loading_data','Loading data from server','2023-06-13 21:34:14','2023-06-13 21:34:14'),(1154,1,'en','core/table/table','display','Display','2023-06-13 21:34:14','2023-06-13 21:34:14'),(1155,1,'en','core/table/table','all','All','2023-06-13 21:34:14','2023-06-13 21:34:14'),(1156,1,'en','core/table/table','edit_entry','Edit','2023-06-13 21:34:14','2023-06-13 21:34:14'),(1157,1,'en','core/table/table','delete_entry','Delete','2023-06-13 21:34:14','2023-06-13 21:34:14'),(1158,1,'en','core/table/table','show_from','Showing from','2023-06-13 21:34:14','2023-06-13 21:34:14'),(1159,1,'en','core/table/table','to','to','2023-06-13 21:34:14','2023-06-13 21:34:14'),(1160,1,'en','core/table/table','in','in','2023-06-13 21:34:14','2023-06-13 21:34:14'),(1161,1,'en','core/table/table','records','records','2023-06-13 21:34:14','2023-06-13 21:34:14'),(1162,1,'en','core/table/table','no_data','No data to display','2023-06-13 21:34:14','2023-06-13 21:34:14'),(1163,1,'en','core/table/table','no_record','No record','2023-06-13 21:34:14','2023-06-13 21:34:14'),(1164,1,'en','core/table/table','loading','Loading data from server','2023-06-13 21:34:14','2023-06-13 21:34:14'),(1165,1,'en','core/table/table','confirm_delete','Confirm delete','2023-06-13 21:34:14','2023-06-13 21:34:14'),(1166,1,'en','core/table/table','confirm_delete_msg','Do you really want to delete this record?','2023-06-13 21:34:14','2023-06-13 21:34:14'),(1167,1,'en','core/table/table','cancel','Cancel','2023-06-13 21:34:14','2023-06-13 21:34:14'),(1168,1,'en','core/table/table','delete','Delete','2023-06-13 21:34:14','2023-06-13 21:34:14'),(1169,1,'en','core/table/table','close','Close','2023-06-13 21:34:14','2023-06-13 21:34:14'),(1170,1,'en','core/table/table','contains','Contains','2023-06-13 21:34:14','2023-06-13 21:34:14'),(1171,1,'en','core/table/table','is_equal_to','Is equal to','2023-06-13 21:34:14','2023-06-13 21:34:14'),(1172,1,'en','core/table/table','greater_than','Greater than','2023-06-13 21:34:14','2023-06-13 21:34:14'),(1173,1,'en','core/table/table','less_than','Less than','2023-06-13 21:34:14','2023-06-13 21:34:14'),(1174,1,'en','core/table/table','value','Value','2023-06-13 21:34:14','2023-06-13 21:34:14'),(1175,1,'en','core/table/table','select_field','Select field','2023-06-13 21:34:14','2023-06-13 21:34:14'),(1176,1,'en','core/table/table','reset','Reset','2023-06-13 21:34:14','2023-06-13 21:34:14'),(1177,1,'en','core/table/table','add_additional_filter','Add additional filter','2023-06-13 21:34:14','2023-06-13 21:34:14'),(1178,1,'en','core/table/table','apply','Apply','2023-06-13 21:34:14','2023-06-13 21:34:14'),(1179,1,'en','core/table/table','filters','Filters','2023-06-13 21:34:14','2023-06-13 21:34:14'),(1180,1,'en','core/table/table','bulk_change','Bulk changes','2023-06-13 21:34:14','2023-06-13 21:34:14'),(1181,1,'en','core/table/table','select_option','Select option','2023-06-13 21:34:14','2023-06-13 21:34:14'),(1182,1,'en','core/table/table','bulk_actions','Bulk Actions','2023-06-13 21:34:14','2023-06-13 21:34:14'),(1183,1,'en','core/table/table','save_bulk_change_success','Update data for selected record(s) successfully!','2023-06-13 21:34:14','2023-06-13 21:34:14'),(1184,1,'en','core/table/table','please_select_record','Please select at least one record to perform this action!','2023-06-13 21:34:14','2023-06-13 21:34:14'),(1185,1,'en','core/table/table','filtered','(filtered from _MAX_ total records)','2023-06-13 21:34:14','2023-06-13 21:34:14'),(1186,1,'en','core/table/table','search','Search...','2023-06-13 21:34:14','2023-06-13 21:34:14'),(1187,1,'en','packages/api/api','settings','API Settings','2023-06-13 21:34:14','2023-06-13 21:34:14'),(1188,1,'en','packages/api/api','save_settings','Save settings','2023-06-13 21:34:14','2023-06-13 21:34:14'),(1189,1,'en','packages/api/api','setting_title','API settings','2023-06-13 21:34:14','2023-06-13 21:34:14'),(1190,1,'en','packages/api/api','setting_description','Settings for API','2023-06-13 21:34:14','2023-06-13 21:34:14'),(1191,1,'en','packages/api/api','api_enabled','API enabled?','2023-06-13 21:34:14','2023-06-13 21:34:14'),(1192,1,'en','packages/get-started/get-started','welcome_title','Welcome to your admin dashboard!','2023-06-13 21:34:14','2023-06-13 21:34:14'),(1193,1,'en','packages/get-started/get-started','welcome_description','In a few short steps, you can have your new dashboard up and running!','2023-06-13 21:34:14','2023-06-13 21:34:14'),(1194,1,'en','packages/get-started/get-started','get_started','Get Started!','2023-06-13 21:34:14','2023-06-13 21:34:14'),(1195,1,'en','packages/get-started/get-started','customize_branding_title','Customize branding','2023-06-13 21:34:14','2023-06-13 21:34:14'),(1196,1,'en','packages/get-started/get-started','customize_branding_description','Customize your site with colors, logo and subdomain to match your business unique branding and identity.','2023-06-13 21:34:14','2023-06-13 21:34:14'),(1197,1,'en','packages/get-started/get-started','colors','Colors','2023-06-13 21:34:14','2023-06-13 21:34:14'),(1198,1,'en','packages/get-started/get-started','fonts','Fonts','2023-06-13 21:34:14','2023-06-13 21:34:14'),(1199,1,'en','packages/get-started/get-started','primary_color','Primary color','2023-06-13 21:34:14','2023-06-13 21:34:14'),(1200,1,'en','packages/get-started/get-started','primary_font','Primary font','2023-06-13 21:34:14','2023-06-13 21:34:14'),(1201,1,'en','packages/get-started/get-started','setup_wizard_button',':link to finish Quick setup Wizard!','2023-06-13 21:34:14','2023-06-13 21:34:14'),(1202,1,'en','packages/get-started/get-started','click_here','Click here','2023-06-13 21:34:14','2023-06-13 21:34:14'),(1203,1,'en','packages/get-started/get-started','site_title','Site title','2023-06-13 21:34:14','2023-06-13 21:34:14'),(1204,1,'en','packages/get-started/get-started','identify','Identify','2023-06-13 21:34:14','2023-06-13 21:34:14'),(1205,1,'en','packages/get-started/get-started','logo','Logo','2023-06-13 21:34:14','2023-06-13 21:34:14'),(1206,1,'en','packages/get-started/get-started','admin_logo','Admin logo','2023-06-13 21:34:14','2023-06-13 21:34:14'),(1207,1,'en','packages/get-started/get-started','favicon','Favicon','2023-06-13 21:34:14','2023-06-13 21:34:14'),(1208,1,'en','packages/get-started/get-started','admin_favicon','Admin favicon','2023-06-13 21:34:14','2023-06-13 21:34:14'),(1209,1,'en','packages/get-started/get-started','next_step','Next step','2023-06-13 21:34:14','2023-06-13 21:34:14'),(1210,1,'en','packages/get-started/get-started','site_ready_title','Your site is ready!','2023-06-13 21:34:14','2023-06-13 21:34:14'),(1211,1,'en','packages/get-started/get-started','site_ready_description','Welcome to your new site! Your website has been created and populated with sample data. You are in the admin area of your site where you can set up everything else needed to complete your site.','2023-06-13 21:34:14','2023-06-13 21:34:14'),(1212,1,'en','packages/get-started/get-started','finish','Finish','2023-06-13 21:34:14','2023-06-13 21:34:14'),(1213,1,'en','packages/get-started/get-started','exit_wizard_title','Are you sure you want to exit the Quick Setup Wizard?','2023-06-13 21:34:14','2023-06-13 21:34:14'),(1214,1,'en','packages/get-started/get-started','exit_wizard_confirm','Yes, I\'ll finish it later','2023-06-13 21:34:14','2023-06-13 21:34:14'),(1215,1,'en','packages/get-started/get-started','exit_wizard_cancel','No, take me back to the wizard','2023-06-13 21:34:14','2023-06-13 21:34:14'),(1216,1,'en','packages/get-started/get-started','change_default_account_info_title','Change default account info','2023-06-13 21:34:14','2023-06-13 21:34:14'),(1217,1,'en','packages/get-started/get-started','change_default_account_info_description','The default account is using a weak password. You need to change it to a complex password for better security.','2023-06-13 21:34:14','2023-06-13 21:34:14'),(1218,1,'en','packages/get-started/get-started','username','Username','2023-06-13 21:34:14','2023-06-13 21:34:14'),(1219,1,'en','packages/get-started/get-started','email','Email','2023-06-13 21:34:14','2023-06-13 21:34:14'),(1220,1,'en','packages/get-started/get-started','password','Password','2023-06-13 21:34:14','2023-06-13 21:34:14'),(1221,1,'en','packages/get-started/get-started','password_confirmation','Password confirmation','2023-06-13 21:34:14','2023-06-13 21:34:14'),(1222,1,'en','packages/installer/installer','title','Installer','2023-06-13 21:34:14','2023-06-13 21:34:14'),(1223,1,'en','packages/installer/installer','next','Next Step','2023-06-13 21:34:14','2023-06-13 21:34:14'),(1224,1,'en','packages/installer/installer','back','Previous','2023-06-13 21:34:14','2023-06-13 21:34:14'),(1225,1,'en','packages/installer/installer','finish','Install','2023-06-13 21:34:14','2023-06-13 21:34:14'),(1226,1,'en','packages/installer/installer','installation','Installation','2023-06-13 21:34:14','2023-06-13 21:34:14'),(1227,1,'en','packages/installer/installer','forms.errorTitle','The following errors occurred:','2023-06-13 21:34:15','2023-06-13 21:34:15'),(1228,1,'en','packages/installer/installer','welcome.templateTitle','Welcome','2023-06-13 21:34:15','2023-06-13 21:34:15'),(1229,1,'en','packages/installer/installer','welcome.title','Welcome','2023-06-13 21:34:15','2023-06-13 21:34:15'),(1230,1,'en','packages/installer/installer','welcome.message','Before getting started, we need some information on the database. You will need to know the following items before proceeding.','2023-06-13 21:34:15','2023-06-13 21:34:15'),(1231,1,'en','packages/installer/installer','welcome.next','Let\'s go','2023-06-13 21:34:15','2023-06-13 21:34:15'),(1232,1,'en','packages/installer/installer','requirements.templateTitle','Step 1 | Server Requirements','2023-06-13 21:34:15','2023-06-13 21:34:15'),(1233,1,'en','packages/installer/installer','requirements.title','Server Requirements','2023-06-13 21:34:15','2023-06-13 21:34:15'),(1234,1,'en','packages/installer/installer','requirements.next','Check Permissions','2023-06-13 21:34:15','2023-06-13 21:34:15'),(1235,1,'en','packages/installer/installer','permissions.templateTitle','Step 2 | Permissions','2023-06-13 21:34:15','2023-06-13 21:34:15'),(1236,1,'en','packages/installer/installer','permissions.title','Permissions','2023-06-13 21:34:15','2023-06-13 21:34:15'),(1237,1,'en','packages/installer/installer','permissions.next','Configure Environment','2023-06-13 21:34:15','2023-06-13 21:34:15'),(1238,1,'en','packages/installer/installer','environment.wizard.templateTitle','Environment Settings','2023-06-13 21:34:15','2023-06-13 21:34:15'),(1239,1,'en','packages/installer/installer','environment.wizard.title','Environment Settings','2023-06-13 21:34:15','2023-06-13 21:34:15'),(1240,1,'en','packages/installer/installer','environment.wizard.form.name_required','An environment name is required.','2023-06-13 21:34:15','2023-06-13 21:34:15'),(1241,1,'en','packages/installer/installer','environment.wizard.form.app_name_label','Site title','2023-06-13 21:34:15','2023-06-13 21:34:15'),(1242,1,'en','packages/installer/installer','environment.wizard.form.app_name_placeholder','Site title','2023-06-13 21:34:15','2023-06-13 21:34:15'),(1243,1,'en','packages/installer/installer','environment.wizard.form.app_url_label','URL','2023-06-13 21:34:15','2023-06-13 21:34:15'),(1244,1,'en','packages/installer/installer','environment.wizard.form.app_url_placeholder','URL','2023-06-13 21:34:15','2023-06-13 21:34:15'),(1245,1,'en','packages/installer/installer','environment.wizard.form.db_connection_label','Database Connection','2023-06-13 21:34:15','2023-06-13 21:34:15'),(1246,1,'en','packages/installer/installer','environment.wizard.form.db_connection_label_mysql','MySQL','2023-06-13 21:34:15','2023-06-13 21:34:15'),(1247,1,'en','packages/installer/installer','environment.wizard.form.db_connection_label_sqlite','SQLite','2023-06-13 21:34:15','2023-06-13 21:34:15'),(1248,1,'en','packages/installer/installer','environment.wizard.form.db_connection_label_pgsql','PostgreSQL','2023-06-13 21:34:15','2023-06-13 21:34:15'),(1249,1,'en','packages/installer/installer','environment.wizard.form.db_host_label','Database host','2023-06-13 21:34:15','2023-06-13 21:34:15'),(1250,1,'en','packages/installer/installer','environment.wizard.form.db_host_placeholder','Database host','2023-06-13 21:34:15','2023-06-13 21:34:15'),(1251,1,'en','packages/installer/installer','environment.wizard.form.db_port_label','Database port','2023-06-13 21:34:15','2023-06-13 21:34:15'),(1252,1,'en','packages/installer/installer','environment.wizard.form.db_port_placeholder','Database port','2023-06-13 21:34:15','2023-06-13 21:34:15'),(1253,1,'en','packages/installer/installer','environment.wizard.form.db_name_label','Database name','2023-06-13 21:34:15','2023-06-13 21:34:15'),(1254,1,'en','packages/installer/installer','environment.wizard.form.db_name_placeholder','Database name','2023-06-13 21:34:15','2023-06-13 21:34:15'),(1255,1,'en','packages/installer/installer','environment.wizard.form.db_username_label','Database username','2023-06-13 21:34:15','2023-06-13 21:34:15'),(1256,1,'en','packages/installer/installer','environment.wizard.form.db_username_placeholder','Database username','2023-06-13 21:34:15','2023-06-13 21:34:15'),(1257,1,'en','packages/installer/installer','environment.wizard.form.db_password_label','Database password','2023-06-13 21:34:15','2023-06-13 21:34:15'),(1258,1,'en','packages/installer/installer','environment.wizard.form.db_password_placeholder','Database password','2023-06-13 21:34:15','2023-06-13 21:34:15'),(1259,1,'en','packages/installer/installer','environment.wizard.form.buttons.install','Install','2023-06-13 21:34:15','2023-06-13 21:34:15'),(1260,1,'en','packages/installer/installer','environment.wizard.form.db_host_helper','If you use Laravel Sail, just change DB_HOST to DB_HOST=mysql. On some hosting DB_HOST can be localhost instead of 127.0.0.1','2023-06-13 21:34:15','2023-06-13 21:34:15'),(1261,1,'en','packages/installer/installer','environment.wizard.form.db_connections.mysql','MySQL','2023-06-13 21:34:15','2023-06-13 21:34:15'),(1262,1,'en','packages/installer/installer','environment.wizard.form.db_connections.sqlite','SQLite','2023-06-13 21:34:15','2023-06-13 21:34:15'),(1263,1,'en','packages/installer/installer','environment.wizard.form.db_connections.pgsql','PostgreSQL','2023-06-13 21:34:15','2023-06-13 21:34:15'),(1264,1,'en','packages/installer/installer','environment.success','Your .env file settings have been saved.','2023-06-13 21:34:15','2023-06-13 21:34:15'),(1265,1,'en','packages/installer/installer','environment.errors','Unable to save the .env file, Please create it manually.','2023-06-13 21:34:15','2023-06-13 21:34:15'),(1266,1,'en','packages/installer/installer','install','Install','2023-06-13 21:34:15','2023-06-13 21:34:15'),(1267,1,'en','packages/installer/installer','final.title','Installation Finished','2023-06-13 21:34:15','2023-06-13 21:34:15'),(1268,1,'en','packages/installer/installer','final.templateTitle','Installation Finished','2023-06-13 21:34:15','2023-06-13 21:34:15'),(1269,1,'en','packages/installer/installer','final.finished','Application has been successfully installed.','2023-06-13 21:34:15','2023-06-13 21:34:15'),(1270,1,'en','packages/installer/installer','final.exit','Click here to exit','2023-06-13 21:34:15','2023-06-13 21:34:15'),(1271,1,'en','packages/installer/installer','create_account','Create account','2023-06-13 21:34:15','2023-06-13 21:34:15'),(1272,1,'en','packages/installer/installer','first_name','First name','2023-06-13 21:34:15','2023-06-13 21:34:15'),(1273,1,'en','packages/installer/installer','last_name','Last name','2023-06-13 21:34:15','2023-06-13 21:34:15'),(1274,1,'en','packages/installer/installer','username','Username','2023-06-13 21:34:15','2023-06-13 21:34:15'),(1275,1,'en','packages/installer/installer','email','Email','2023-06-13 21:34:15','2023-06-13 21:34:15'),(1276,1,'en','packages/installer/installer','password','Password','2023-06-13 21:34:15','2023-06-13 21:34:15'),(1277,1,'en','packages/installer/installer','password_confirmation','Password confirmation','2023-06-13 21:34:15','2023-06-13 21:34:15'),(1278,1,'en','packages/installer/installer','create','Create','2023-06-13 21:34:15','2023-06-13 21:34:15'),(1279,1,'en','packages/installer/installer','install_success','Installed successfully!','2023-06-13 21:34:15','2023-06-13 21:34:15'),(1280,1,'en','packages/menu/menu','name','Menus','2023-06-13 21:34:15','2023-06-13 21:34:15'),(1281,1,'en','packages/menu/menu','key_name','Menu name (key: :key)','2023-06-13 21:34:15','2023-06-13 21:34:15'),(1282,1,'en','packages/menu/menu','basic_info','Basic information','2023-06-13 21:34:15','2023-06-13 21:34:15'),(1283,1,'en','packages/menu/menu','add_to_menu','Add to menu','2023-06-13 21:34:15','2023-06-13 21:34:15'),(1284,1,'en','packages/menu/menu','custom_link','Custom link','2023-06-13 21:34:15','2023-06-13 21:34:15'),(1285,1,'en','packages/menu/menu','add_link','Add link','2023-06-13 21:34:15','2023-06-13 21:34:15'),(1286,1,'en','packages/menu/menu','structure','Menu structure','2023-06-13 21:34:15','2023-06-13 21:34:15'),(1287,1,'en','packages/menu/menu','remove','Remove','2023-06-13 21:34:15','2023-06-13 21:34:15'),(1288,1,'en','packages/menu/menu','cancel','Cancel','2023-06-13 21:34:15','2023-06-13 21:34:15'),(1289,1,'en','packages/menu/menu','title','Title','2023-06-13 21:34:15','2023-06-13 21:34:15'),(1290,1,'en','packages/menu/menu','icon','Icon','2023-06-13 21:34:15','2023-06-13 21:34:15'),(1291,1,'en','packages/menu/menu','url','URL','2023-06-13 21:34:15','2023-06-13 21:34:15'),(1292,1,'en','packages/menu/menu','target','Target','2023-06-13 21:34:15','2023-06-13 21:34:15'),(1293,1,'en','packages/menu/menu','css_class','CSS class','2023-06-13 21:34:15','2023-06-13 21:34:15'),(1294,1,'en','packages/menu/menu','self_open_link','Open link directly','2023-06-13 21:34:15','2023-06-13 21:34:15'),(1295,1,'en','packages/menu/menu','blank_open_link','Open link in new tab','2023-06-13 21:34:15','2023-06-13 21:34:15'),(1296,1,'en','packages/menu/menu','create','Create menu','2023-06-13 21:34:15','2023-06-13 21:34:15'),(1297,1,'en','packages/menu/menu','menu_settings','Menu settings','2023-06-13 21:34:15','2023-06-13 21:34:15'),(1298,1,'en','packages/menu/menu','display_location','Display location','2023-06-13 21:34:15','2023-06-13 21:34:15'),(1299,1,'en','packages/menu/menu','title_placeholder','Title','2023-06-13 21:34:15','2023-06-13 21:34:15'),(1300,1,'en','packages/menu/menu','icon_placeholder','Icon','2023-06-13 21:34:15','2023-06-13 21:34:15'),(1301,1,'en','packages/menu/menu','url_placeholder','URL','2023-06-13 21:34:15','2023-06-13 21:34:15'),(1302,1,'en','packages/menu/menu','css_class_placeholder','CSS class','2023-06-13 21:34:15','2023-06-13 21:34:15'),(1303,1,'en','packages/menu/menu','menu_id','Menu ID','2023-06-13 21:34:15','2023-06-13 21:34:15'),(1304,1,'en','packages/optimize/optimize','settings.title','Optimize page speed','2023-06-13 21:34:15','2023-06-13 21:34:15'),(1305,1,'en','packages/optimize/optimize','settings.description','Minify HTML output, inline CSS, remove comments...','2023-06-13 21:34:15','2023-06-13 21:34:15'),(1306,1,'en','packages/optimize/optimize','settings.enable','Enable optimize page speed?','2023-06-13 21:34:15','2023-06-13 21:34:15'),(1307,1,'en','packages/optimize/optimize','collapse_white_space','Collapse white space','2023-06-13 21:34:15','2023-06-13 21:34:15'),(1308,1,'en','packages/optimize/optimize','collapse_white_space_description','This filter reduces bytes transmitted in an HTML file by removing unnecessary whitespace.','2023-06-13 21:34:15','2023-06-13 21:34:15'),(1309,1,'en','packages/optimize/optimize','elide_attributes','Elide attributes','2023-06-13 21:34:15','2023-06-13 21:34:15'),(1310,1,'en','packages/optimize/optimize','elide_attributes_description','This filter reduces the transfer size of HTML files by removing attributes from tags when the specified value is equal to the default value for that attribute. This can save a modest number of bytes, and may make the document more compressible by canonicalizing the affected tags.','2023-06-13 21:34:15','2023-06-13 21:34:15'),(1311,1,'en','packages/optimize/optimize','inline_css','Inline CSS','2023-06-13 21:34:15','2023-06-13 21:34:15'),(1312,1,'en','packages/optimize/optimize','inline_css_description','This filter transforms the inline \"style\" attribute of tags into classes by moving the CSS to the header.','2023-06-13 21:34:15','2023-06-13 21:34:15'),(1313,1,'en','packages/optimize/optimize','insert_dns_prefetch','Insert DNS prefetch','2023-06-13 21:34:15','2023-06-13 21:34:15'),(1314,1,'en','packages/optimize/optimize','insert_dns_prefetch_description','This filter injects tags in the HEAD to enable the browser to do DNS prefetching.','2023-06-13 21:34:15','2023-06-13 21:34:15'),(1315,1,'en','packages/optimize/optimize','remove_comments','Remove comments','2023-06-13 21:34:15','2023-06-13 21:34:15'),(1316,1,'en','packages/optimize/optimize','remove_comments_description','This filter eliminates HTML, JS and CSS comments. The filter reduces the transfer size of HTML files by removing the comments. Depending on the HTML file, this filter can significantly reduce the number of bytes transmitted on the network.','2023-06-13 21:34:15','2023-06-13 21:34:15'),(1317,1,'en','packages/optimize/optimize','remove_quotes','Remove quotes','2023-06-13 21:34:15','2023-06-13 21:34:15'),(1318,1,'en','packages/optimize/optimize','remove_quotes_description','This filter eliminates unnecessary quotation marks from HTML attributes. While required by the various HTML specifications, browsers permit their omission when the value of an attribute is composed of a certain subset of characters (alphanumerics and some punctuation characters).','2023-06-13 21:34:15','2023-06-13 21:34:15'),(1319,1,'en','packages/optimize/optimize','defer_javascript','Defer javascript','2023-06-13 21:34:15','2023-06-13 21:34:15'),(1320,1,'en','packages/optimize/optimize','defer_javascript_description','Defers the execution of javascript in the HTML. If necessary cancel deferring in some script, use data-pagespeed-no-defer as script attribute to cancel deferring.','2023-06-13 21:34:15','2023-06-13 21:34:15'),(1321,1,'en','packages/page/pages','create','Create new page','2023-06-13 21:34:15','2023-06-13 21:34:15'),(1322,1,'en','packages/page/pages','form.name','Name','2023-06-13 21:34:15','2023-06-13 21:34:15'),(1323,1,'en','packages/page/pages','form.name_placeholder','Page\'s name (Maximum 120 characters)','2023-06-13 21:34:15','2023-06-13 21:34:15'),(1324,1,'en','packages/page/pages','form.content','Content','2023-06-13 21:34:15','2023-06-13 21:34:15'),(1325,1,'en','packages/page/pages','form.note','Note content','2023-06-13 21:34:15','2023-06-13 21:34:15'),(1326,1,'en','packages/page/pages','notices.no_select','Please select at least one record to take this action!','2023-06-13 21:34:15','2023-06-13 21:34:15'),(1327,1,'en','packages/page/pages','notices.update_success_message','Update successfully','2023-06-13 21:34:15','2023-06-13 21:34:15'),(1328,1,'en','packages/page/pages','cannot_delete','Page could not be deleted','2023-06-13 21:34:15','2023-06-13 21:34:15'),(1329,1,'en','packages/page/pages','deleted','Page deleted','2023-06-13 21:34:15','2023-06-13 21:34:15'),(1330,1,'en','packages/page/pages','pages','Pages','2023-06-13 21:34:15','2023-06-13 21:34:15'),(1331,1,'en','packages/page/pages','menu','Pages','2023-06-13 21:34:15','2023-06-13 21:34:15'),(1332,1,'en','packages/page/pages','menu_name','Pages','2023-06-13 21:34:15','2023-06-13 21:34:15'),(1333,1,'en','packages/page/pages','edit_this_page','Edit this page','2023-06-13 21:34:15','2023-06-13 21:34:15'),(1334,1,'en','packages/page/pages','total_pages','Total pages','2023-06-13 21:34:15','2023-06-13 21:34:15'),(1335,1,'en','packages/page/pages','settings.show_on_front','Your homepage displays','2023-06-13 21:34:15','2023-06-13 21:34:15'),(1336,1,'en','packages/page/pages','settings.select',' Select ','2023-06-13 21:34:15','2023-06-13 21:34:15'),(1337,1,'en','packages/page/pages','front_page','Front Page','2023-06-13 21:34:15','2023-06-13 21:34:15'),(1338,1,'en','packages/plugin-management/marketplace','previous','&laquo; Previous','2023-06-13 21:34:15','2023-06-13 21:34:15'),(1339,1,'en','packages/plugin-management/marketplace','next','Next &raquo;','2023-06-13 21:34:15','2023-06-13 21:34:15'),(1340,1,'en','packages/plugin-management/marketplace','showing','Showing','2023-06-13 21:34:15','2023-06-13 21:34:15'),(1341,1,'en','packages/plugin-management/marketplace','to','to','2023-06-13 21:34:15','2023-06-13 21:34:15'),(1342,1,'en','packages/plugin-management/marketplace','of','of','2023-06-13 21:34:15','2023-06-13 21:34:15'),(1343,1,'en','packages/plugin-management/marketplace','results','results','2023-06-13 21:34:15','2023-06-13 21:34:15'),(1344,1,'en','packages/plugin-management/marketplace','add_new','Add new','2023-06-13 21:34:15','2023-06-13 21:34:15'),(1345,1,'en','packages/plugin-management/marketplace','installed','Installed','2023-06-13 21:34:15','2023-06-13 21:34:15'),(1346,1,'en','packages/plugin-management/marketplace','install_now','Install now','2023-06-13 21:34:15','2023-06-13 21:34:15'),(1347,1,'en','packages/plugin-management/marketplace','installing','Installing...','2023-06-13 21:34:15','2023-06-13 21:34:15'),(1348,1,'en','packages/plugin-management/marketplace','detail','Details','2023-06-13 21:34:15','2023-06-13 21:34:15'),(1349,1,'en','packages/plugin-management/marketplace','version','Version','2023-06-13 21:34:15','2023-06-13 21:34:15'),(1350,1,'en','packages/plugin-management/marketplace','minimum_core_version','Minimum core version','2023-06-13 21:34:15','2023-06-13 21:34:15'),(1351,1,'en','packages/plugin-management/marketplace','last_update','Last update','2023-06-13 21:34:15','2023-06-13 21:34:15'),(1352,1,'en','packages/plugin-management/marketplace','compatible_version','Compatible with your version','2023-06-13 21:34:15','2023-06-13 21:34:15'),(1353,1,'en','packages/plugin-management/marketplace','incompatible_version','Incompatible with your version','2023-06-13 21:34:15','2023-06-13 21:34:15'),(1354,1,'en','packages/plugin-management/marketplace','deactivate','Deactivate','2023-06-13 21:34:15','2023-06-13 21:34:15'),(1355,1,'en','packages/plugin-management/marketplace','activate','Activate','2023-06-13 21:34:15','2023-06-13 21:34:15'),(1356,1,'en','packages/plugin-management/marketplace','activating','Activating...','2023-06-13 21:34:15','2023-06-13 21:34:15'),(1357,1,'en','packages/plugin-management/marketplace','activated','Activated','2023-06-13 21:34:15','2023-06-13 21:34:15'),(1358,1,'en','packages/plugin-management/marketplace','connection_aborted','Connection Aborted','2023-06-13 21:34:15','2023-06-13 21:34:15'),(1359,1,'en','packages/plugin-management/marketplace','connection_aborted_description','Connection Aborted Description','2023-06-13 21:34:15','2023-06-13 21:34:15'),(1360,1,'en','packages/plugin-management/marketplace','api_connect_error','Connect to Marketplace API Error, please contact support','2023-06-13 21:34:15','2023-06-13 21:34:15'),(1361,1,'en','packages/plugin-management/marketplace','keyword','Keyword','2023-06-13 21:34:15','2023-06-13 21:34:15'),(1362,1,'en','packages/plugin-management/marketplace','search','Search','2023-06-13 21:34:15','2023-06-13 21:34:15'),(1363,1,'en','packages/plugin-management/marketplace','all','All','2023-06-13 21:34:15','2023-06-13 21:34:15'),(1364,1,'en','packages/plugin-management/marketplace','featured','Featured','2023-06-13 21:34:15','2023-06-13 21:34:15'),(1365,1,'en','packages/plugin-management/marketplace','popular','Popular','2023-06-13 21:34:15','2023-06-13 21:34:15'),(1366,1,'en','packages/plugin-management/marketplace','top_rated','Top Rated','2023-06-13 21:34:15','2023-06-13 21:34:15'),(1367,1,'en','packages/plugin-management/marketplace','install_plugin','Install plugin','2023-06-13 21:34:15','2023-06-13 21:34:15'),(1368,1,'en','packages/plugin-management/marketplace','cancel','Cancel','2023-06-13 21:34:15','2023-06-13 21:34:15'),(1369,1,'en','packages/plugin-management/marketplace','yes_install',' Yes! Install','2023-06-13 21:34:15','2023-06-13 21:34:15'),(1370,1,'en','packages/plugin-management/marketplace','message_alert','Are you sure you want to install this plugin?','2023-06-13 21:34:15','2023-06-13 21:34:15'),(1371,1,'en','packages/plugin-management/marketplace','folder_permissions','Folder does not have permission to write file or the update file path could not be resolved, please contact support','2023-06-13 21:34:15','2023-06-13 21:34:15'),(1372,1,'en','packages/plugin-management/marketplace','unzip_failed','Unzip extraction failed','2023-06-13 21:34:15','2023-06-13 21:34:15'),(1373,1,'en','packages/plugin-management/marketplace','unzip_success','Download file extracted','2023-06-13 21:34:15','2023-06-13 21:34:15'),(1374,1,'en','packages/plugin-management/marketplace','install_success','Installed plugin successfully!','2023-06-13 21:34:15','2023-06-13 21:34:15'),(1375,1,'en','packages/plugin-management/marketplace','update_success','Updated plugin successfully!','2023-06-13 21:34:16','2023-06-13 21:34:16'),(1376,1,'en','packages/plugin-management/marketplace','minimum_core_version_error','Cannot install this plugin. Minimum core version is :version.','2023-06-13 21:34:16','2023-06-13 21:34:16'),(1377,1,'en','packages/plugin-management/plugin','enabled','Enabled','2023-06-13 21:34:16','2023-06-13 21:34:16'),(1378,1,'en','packages/plugin-management/plugin','deactivated','Deactivated','2023-06-13 21:34:16','2023-06-13 21:34:16'),(1379,1,'en','packages/plugin-management/plugin','activated','Activated','2023-06-13 21:34:16','2023-06-13 21:34:16'),(1380,1,'en','packages/plugin-management/plugin','activate','Activate','2023-06-13 21:34:16','2023-06-13 21:34:16'),(1381,1,'en','packages/plugin-management/plugin','deactivate','Deactivate','2023-06-13 21:34:16','2023-06-13 21:34:16'),(1382,1,'en','packages/plugin-management/plugin','author','By','2023-06-13 21:34:16','2023-06-13 21:34:16'),(1383,1,'en','packages/plugin-management/plugin','update_plugin_status_success','Update plugin successfully','2023-06-13 21:34:16','2023-06-13 21:34:16'),(1384,1,'en','packages/plugin-management/plugin','plugins','Plugins','2023-06-13 21:34:16','2023-06-13 21:34:16'),(1385,1,'en','packages/plugin-management/plugin','missing_required_plugins','Please activate plugin(s): :plugins before activate this plugin!','2023-06-13 21:34:16','2023-06-13 21:34:16'),(1386,1,'en','packages/plugin-management/plugin','remove','Remove','2023-06-13 21:34:16','2023-06-13 21:34:16'),(1387,1,'en','packages/plugin-management/plugin','remove_plugin_success','Remove plugin successfully!','2023-06-13 21:34:16','2023-06-13 21:34:16'),(1388,1,'en','packages/plugin-management/plugin','remove_plugin','Remove plugin','2023-06-13 21:34:16','2023-06-13 21:34:16'),(1389,1,'en','packages/plugin-management/plugin','remove_plugin_confirm_message','Do you really want to remove this plugin?','2023-06-13 21:34:16','2023-06-13 21:34:16'),(1390,1,'en','packages/plugin-management/plugin','remove_plugin_confirm_yes','Yes, remove it!','2023-06-13 21:34:16','2023-06-13 21:34:16'),(1391,1,'en','packages/plugin-management/plugin','total_plugins','Total plugins','2023-06-13 21:34:16','2023-06-13 21:34:16'),(1392,1,'en','packages/plugin-management/plugin','invalid_plugin','This plugin is not a valid plugin, please check it again!','2023-06-13 21:34:16','2023-06-13 21:34:16'),(1393,1,'en','packages/plugin-management/plugin','version','Version','2023-06-13 21:34:16','2023-06-13 21:34:16'),(1394,1,'en','packages/plugin-management/plugin','invalid_json','Invalid plugin.json!','2023-06-13 21:34:16','2023-06-13 21:34:16'),(1395,1,'en','packages/plugin-management/plugin','activate_success','Activate plugin successfully!','2023-06-13 21:34:16','2023-06-13 21:34:16'),(1396,1,'en','packages/plugin-management/plugin','activated_already','This plugin is activated already!','2023-06-13 21:34:16','2023-06-13 21:34:16'),(1397,1,'en','packages/plugin-management/plugin','plugin_not_exist','This plugin is not exists.','2023-06-13 21:34:16','2023-06-13 21:34:16'),(1398,1,'en','packages/plugin-management/plugin','missing_json_file','Missing file plugin.json!','2023-06-13 21:34:16','2023-06-13 21:34:16'),(1399,1,'en','packages/plugin-management/plugin','plugin_invalid','Plugin is valid!','2023-06-13 21:34:16','2023-06-13 21:34:16'),(1400,1,'en','packages/plugin-management/plugin','published_assets_success','Publish assets for plugin :name successfully!','2023-06-13 21:34:16','2023-06-13 21:34:16'),(1401,1,'en','packages/plugin-management/plugin','plugin_removed','Plugin has been removed!','2023-06-13 21:34:16','2023-06-13 21:34:16'),(1402,1,'en','packages/plugin-management/plugin','deactivated_success','Deactivate plugin successfully!','2023-06-13 21:34:16','2023-06-13 21:34:16'),(1403,1,'en','packages/plugin-management/plugin','deactivated_already','This plugin is deactivated already!','2023-06-13 21:34:16','2023-06-13 21:34:16'),(1404,1,'en','packages/plugin-management/plugin','folder_is_not_writeable','Cannot write files! Folder :name is not writable. Please chmod to make it writable!','2023-06-13 21:34:16','2023-06-13 21:34:16'),(1405,1,'en','packages/plugin-management/plugin','plugin_is_not_ready','Plugin :name is not ready to use','2023-06-13 21:34:16','2023-06-13 21:34:16'),(1406,1,'en','packages/plugin-management/plugin','plugins_installed','Installed Plugins','2023-06-13 21:34:16','2023-06-13 21:34:16'),(1407,1,'en','packages/plugin-management/plugin','plugins_add_new','Add new','2023-06-13 21:34:16','2023-06-13 21:34:16'),(1408,1,'en','packages/plugin-management/plugin','update','Update','2023-06-13 21:34:16','2023-06-13 21:34:16'),(1409,1,'en','packages/plugin-management/plugin','requirement_not_met','Plugin :plugin requires plugin(s): :required_plugins. Do you want to install them and activate :plugin now?','2023-06-13 21:34:16','2023-06-13 21:34:16'),(1410,1,'en','packages/plugin-management/plugin','install','Install now','2023-06-13 21:34:16','2023-06-13 21:34:16'),(1411,1,'en','packages/plugin-management/plugin','install_plugin','Install Plugin','2023-06-13 21:34:16','2023-06-13 21:34:16'),(1412,1,'en','packages/plugin-management/plugin','minimum_core_version_not_met','Plugin :plugin requires :minimum_core_version version of core, but your core version is :current_core_version. Please upgrade your core to use this plugin!','2023-06-13 21:34:16','2023-06-13 21:34:16'),(1413,1,'en','packages/seo-helper/seo-helper','meta_box_header','Search Engine Optimize','2023-06-13 21:34:16','2023-06-13 21:34:16'),(1414,1,'en','packages/seo-helper/seo-helper','edit_seo_meta','Edit SEO meta','2023-06-13 21:34:16','2023-06-13 21:34:16'),(1415,1,'en','packages/seo-helper/seo-helper','default_description','Setup meta title & description to make your site easy to discovered on search engines such as Google','2023-06-13 21:34:16','2023-06-13 21:34:16'),(1416,1,'en','packages/seo-helper/seo-helper','seo_title','SEO Title','2023-06-13 21:34:16','2023-06-13 21:34:16'),(1417,1,'en','packages/seo-helper/seo-helper','seo_description','SEO description','2023-06-13 21:34:16','2023-06-13 21:34:16'),(1418,1,'en','packages/slug/slug','permalink_settings','Permalink','2023-06-13 21:34:16','2023-06-13 21:34:16'),(1419,1,'en','packages/slug/slug','settings.title','Permalink settings','2023-06-13 21:34:16','2023-06-13 21:34:16'),(1420,1,'en','packages/slug/slug','settings.description','Manage permalink for all modules.','2023-06-13 21:34:16','2023-06-13 21:34:16'),(1421,1,'en','packages/slug/slug','settings.preview','Preview','2023-06-13 21:34:16','2023-06-13 21:34:16'),(1422,1,'en','packages/slug/slug','settings.turn_off_automatic_url_translation_into_latin','Turn off automatic URL translation into Latin?','2023-06-13 21:34:16','2023-06-13 21:34:16'),(1423,1,'en','packages/slug/slug','settings.available_variables','Available variables','2023-06-13 21:34:16','2023-06-13 21:34:16'),(1424,1,'en','packages/slug/slug','preview','Preview','2023-06-13 21:34:16','2023-06-13 21:34:16'),(1425,1,'en','packages/slug/slug','prefix_for','Prefix for :name','2023-06-13 21:34:16','2023-06-13 21:34:16'),(1426,1,'en','packages/slug/slug','public_single_ending_url','Postfix for single page URL','2023-06-13 21:34:16','2023-06-13 21:34:16'),(1427,1,'en','packages/slug/slug','current_year','Current year','2023-06-13 21:34:16','2023-06-13 21:34:16'),(1428,1,'en','packages/slug/slug','current_month','Current month','2023-06-13 21:34:16','2023-06-13 21:34:16'),(1429,1,'en','packages/slug/slug','current_day','Current day','2023-06-13 21:34:16','2023-06-13 21:34:16'),(1430,1,'en','packages/theme/theme','name','Themes','2023-06-13 21:34:16','2023-06-13 21:34:16'),(1431,1,'en','packages/theme/theme','theme','Theme','2023-06-13 21:34:16','2023-06-13 21:34:16'),(1432,1,'en','packages/theme/theme','author','Author','2023-06-13 21:34:16','2023-06-13 21:34:16'),(1433,1,'en','packages/theme/theme','version','Version','2023-06-13 21:34:16','2023-06-13 21:34:16'),(1434,1,'en','packages/theme/theme','description','Description','2023-06-13 21:34:16','2023-06-13 21:34:16'),(1435,1,'en','packages/theme/theme','active_success','Activate theme :name successfully!','2023-06-13 21:34:16','2023-06-13 21:34:16'),(1436,1,'en','packages/theme/theme','active','Active','2023-06-13 21:34:16','2023-06-13 21:34:16'),(1437,1,'en','packages/theme/theme','activated','Activated','2023-06-13 21:34:16','2023-06-13 21:34:16'),(1438,1,'en','packages/theme/theme','appearance','Appearance','2023-06-13 21:34:16','2023-06-13 21:34:16'),(1439,1,'en','packages/theme/theme','theme_options','Theme options','2023-06-13 21:34:16','2023-06-13 21:34:16'),(1440,1,'en','packages/theme/theme','save_changes','Save Changes','2023-06-13 21:34:16','2023-06-13 21:34:16'),(1441,1,'en','packages/theme/theme','developer_mode','Developer Mode Enabled','2023-06-13 21:34:16','2023-06-13 21:34:16'),(1442,1,'en','packages/theme/theme','custom_css','Custom CSS','2023-06-13 21:34:16','2023-06-13 21:34:16'),(1443,1,'en','packages/theme/theme','custom_js','Custom JS','2023-06-13 21:34:16','2023-06-13 21:34:16'),(1444,1,'en','packages/theme/theme','custom_header_js','Header JS','2023-06-13 21:34:16','2023-06-13 21:34:16'),(1445,1,'en','packages/theme/theme','custom_header_js_placeholder','JS in header of page, wrap it inside &#x3C;script&#x3E;&#x3C;/script&#x3E;','2023-06-13 21:34:16','2023-06-13 21:34:16'),(1446,1,'en','packages/theme/theme','custom_body_js','Body JS','2023-06-13 21:34:16','2023-06-13 21:34:16'),(1447,1,'en','packages/theme/theme','custom_body_js_placeholder','JS in body of page, wrap it inside &#x3C;script&#x3E;&#x3C;/script&#x3E;','2023-06-13 21:34:16','2023-06-13 21:34:16'),(1448,1,'en','packages/theme/theme','custom_footer_js','Footer JS','2023-06-13 21:34:16','2023-06-13 21:34:16'),(1449,1,'en','packages/theme/theme','custom_footer_js_placeholder','JS in footer of page, wrap it inside &#x3C;script&#x3E;&#x3C;/script&#x3E;','2023-06-13 21:34:16','2023-06-13 21:34:16'),(1450,1,'en','packages/theme/theme','custom_html','Custom HTML','2023-06-13 21:34:16','2023-06-13 21:34:16'),(1451,1,'en','packages/theme/theme','custom_header_html','Header HTML','2023-06-13 21:34:16','2023-06-13 21:34:16'),(1452,1,'en','packages/theme/theme','custom_header_html_placeholder','HTML in header of page, no special tags: script, style, iframe...','2023-06-13 21:34:16','2023-06-13 21:34:16'),(1453,1,'en','packages/theme/theme','custom_body_html','Body HTML','2023-06-13 21:34:16','2023-06-13 21:34:16'),(1454,1,'en','packages/theme/theme','custom_body_html_placeholder','HTML in body of page, no special tags: script, style, iframe...','2023-06-13 21:34:16','2023-06-13 21:34:16'),(1455,1,'en','packages/theme/theme','custom_footer_html','Footer HTML','2023-06-13 21:34:16','2023-06-13 21:34:16'),(1456,1,'en','packages/theme/theme','custom_footer_html_placeholder','HTML in footer of page, no special tags: script, style, iframe...','2023-06-13 21:34:16','2023-06-13 21:34:16'),(1457,1,'en','packages/theme/theme','remove_theme_success','Remove theme successfully!','2023-06-13 21:34:16','2023-06-13 21:34:16'),(1458,1,'en','packages/theme/theme','theme_is_not_existed','This theme is not existed!','2023-06-13 21:34:16','2023-06-13 21:34:16'),(1459,1,'en','packages/theme/theme','remove','Remove','2023-06-13 21:34:16','2023-06-13 21:34:16'),(1460,1,'en','packages/theme/theme','remove_theme','Remove theme','2023-06-13 21:34:16','2023-06-13 21:34:16'),(1461,1,'en','packages/theme/theme','remove_theme_confirm_message','Do you really want to remove this theme?','2023-06-13 21:34:16','2023-06-13 21:34:16'),(1462,1,'en','packages/theme/theme','remove_theme_confirm_yes','Yes, remove it!','2023-06-13 21:34:16','2023-06-13 21:34:16'),(1463,1,'en','packages/theme/theme','total_themes','Total themes','2023-06-13 21:34:16','2023-06-13 21:34:16'),(1464,1,'en','packages/theme/theme','show_admin_bar','Show admin bar (When admin logged in, still show admin bar in website)?','2023-06-13 21:34:16','2023-06-13 21:34:16'),(1465,1,'en','packages/theme/theme','settings.title','Theme','2023-06-13 21:34:16','2023-06-13 21:34:16'),(1466,1,'en','packages/theme/theme','settings.description','Setting for theme','2023-06-13 21:34:16','2023-06-13 21:34:16'),(1467,1,'en','packages/theme/theme','settings.redirect_404_to_homepage','Redirect all not found requests to homepage?','2023-06-13 21:34:16','2023-06-13 21:34:16'),(1468,1,'en','packages/theme/theme','settings.show_guidelines','Show guidelines?','2023-06-13 21:34:16','2023-06-13 21:34:16'),(1469,1,'en','packages/theme/theme','add_new','Add new','2023-06-13 21:34:16','2023-06-13 21:34:16'),(1470,1,'en','packages/theme/theme','theme_activated_already','Theme \":name\" is activated already!','2023-06-13 21:34:16','2023-06-13 21:34:16'),(1471,1,'en','packages/theme/theme','missing_json_file','Missing file theme.json!','2023-06-13 21:34:16','2023-06-13 21:34:16'),(1472,1,'en','packages/theme/theme','theme_invalid','Theme is valid!','2023-06-13 21:34:16','2023-06-13 21:34:16'),(1473,1,'en','packages/theme/theme','published_assets_success','Publish assets for :themes successfully!','2023-06-13 21:34:16','2023-06-13 21:34:16'),(1474,1,'en','packages/theme/theme','cannot_remove_theme','Cannot remove activated theme, please activate another theme before removing \":name\"!','2023-06-13 21:34:16','2023-06-13 21:34:16'),(1475,1,'en','packages/theme/theme','theme_deleted','Theme \":name\" has been destroyed.','2023-06-13 21:34:16','2023-06-13 21:34:16'),(1476,1,'en','packages/theme/theme','removed_assets','Remove assets of a theme :name successfully!','2023-06-13 21:34:16','2023-06-13 21:34:16'),(1477,1,'en','packages/theme/theme','update_custom_css_success','Update custom CSS successfully!','2023-06-13 21:34:16','2023-06-13 21:34:16'),(1478,1,'en','packages/theme/theme','update_custom_js_success','Update custom JS successfully!','2023-06-13 21:34:16','2023-06-13 21:34:16'),(1479,1,'en','packages/theme/theme','update_custom_html_success','Update custom HTML successfully!','2023-06-13 21:34:16','2023-06-13 21:34:16'),(1480,1,'en','packages/theme/theme','go_to_dashboard','Go to dashboard','2023-06-13 21:34:16','2023-06-13 21:34:16'),(1481,1,'en','packages/theme/theme','custom_css_placeholder','Using Ctrl + Space to autocomplete.','2023-06-13 21:34:16','2023-06-13 21:34:16'),(1482,1,'en','packages/theme/theme','theme_option_general','General','2023-06-13 21:34:16','2023-06-13 21:34:16'),(1483,1,'en','packages/theme/theme','theme_option_general_description','General settings','2023-06-13 21:34:16','2023-06-13 21:34:16'),(1484,1,'en','packages/theme/theme','theme_option_seo_open_graph_image','SEO default Open Graph image','2023-06-13 21:34:16','2023-06-13 21:34:16'),(1485,1,'en','packages/theme/theme','theme_option_logo','Logo','2023-06-13 21:34:16','2023-06-13 21:34:16'),(1486,1,'en','packages/theme/theme','theme_option_favicon','Favicon','2023-06-13 21:34:16','2023-06-13 21:34:16'),(1487,1,'en','packages/theme/theme','folder_is_not_writeable','Cannot write files! Folder :name is not writable. Please chmod to make it writable!','2023-06-13 21:34:16','2023-06-13 21:34:16'),(1488,1,'en','packages/widget/widget','name','Widgets','2023-06-13 21:34:16','2023-06-13 21:34:16'),(1489,1,'en','packages/widget/widget','create','New widget','2023-06-13 21:34:16','2023-06-13 21:34:16'),(1490,1,'en','packages/widget/widget','edit','Edit widget','2023-06-13 21:34:16','2023-06-13 21:34:16'),(1491,1,'en','packages/widget/widget','delete','Delete','2023-06-13 21:34:16','2023-06-13 21:34:16'),(1492,1,'en','packages/widget/widget','available','Available Widgets','2023-06-13 21:34:16','2023-06-13 21:34:16'),(1493,1,'en','packages/widget/widget','instruction','To activate a widget drag it to a sidebar or click on it. To deactivate a widget and delete its settings, drag it back.','2023-06-13 21:34:16','2023-06-13 21:34:16'),(1494,1,'en','packages/widget/widget','number_tag_display','Number tags will be display','2023-06-13 21:34:16','2023-06-13 21:34:16'),(1495,1,'en','packages/widget/widget','number_post_display','Number posts will be display','2023-06-13 21:34:16','2023-06-13 21:34:16'),(1496,1,'en','packages/widget/widget','select_menu','Select Menu','2023-06-13 21:34:16','2023-06-13 21:34:16'),(1497,1,'en','packages/widget/widget','widget_text','Text','2023-06-13 21:34:16','2023-06-13 21:34:16'),(1498,1,'en','packages/widget/widget','widget_text_description','Arbitrary text or HTML.','2023-06-13 21:34:16','2023-06-13 21:34:16'),(1499,1,'en','packages/widget/widget','widget_recent_post','Recent Posts','2023-06-13 21:34:16','2023-06-13 21:34:16'),(1500,1,'en','packages/widget/widget','widget_recent_post_description','Recent posts widget.','2023-06-13 21:34:16','2023-06-13 21:34:16'),(1501,1,'en','packages/widget/widget','widget_custom_menu','Custom Menu','2023-06-13 21:34:16','2023-06-13 21:34:16'),(1502,1,'en','packages/widget/widget','widget_custom_menu_description','Add a custom menu to your widget area.','2023-06-13 21:34:16','2023-06-13 21:34:16'),(1503,1,'en','packages/widget/widget','widget_tag','Tags','2023-06-13 21:34:16','2023-06-13 21:34:16'),(1504,1,'en','packages/widget/widget','widget_tag_description','Popular tags','2023-06-13 21:34:16','2023-06-13 21:34:16'),(1505,1,'en','packages/widget/widget','save_success','Save widget successfully!','2023-06-13 21:34:16','2023-06-13 21:34:16'),(1506,1,'en','packages/widget/widget','delete_success','Delete widget successfully!','2023-06-13 21:34:16','2023-06-13 21:34:16'),(1507,1,'en','packages/widget/widget','primary_sidebar_name','Primary sidebar','2023-06-13 21:34:16','2023-06-13 21:34:16'),(1508,1,'en','packages/widget/widget','primary_sidebar_description','Primary sidebar section','2023-06-13 21:34:16','2023-06-13 21:34:16'),(1509,1,'en','plugins/analytics/analytics','sessions','Sessions','2023-06-13 21:34:16','2023-06-13 21:34:16'),(1510,1,'en','plugins/analytics/analytics','visitors','Visitors','2023-06-13 21:34:16','2023-06-13 21:34:16'),(1511,1,'en','plugins/analytics/analytics','pageviews','Pageviews','2023-06-13 21:34:16','2023-06-13 21:34:16'),(1512,1,'en','plugins/analytics/analytics','bounce_rate','Bounce Rate','2023-06-13 21:34:16','2023-06-13 21:34:16'),(1513,1,'en','plugins/analytics/analytics','page_session','Pages/Session','2023-06-13 21:34:16','2023-06-13 21:34:16'),(1514,1,'en','plugins/analytics/analytics','avg_duration','Avg. Duration','2023-06-13 21:34:16','2023-06-13 21:34:16'),(1515,1,'en','plugins/analytics/analytics','percent_new_session','Percent new session','2023-06-13 21:34:16','2023-06-13 21:34:16'),(1516,1,'en','plugins/analytics/analytics','new_users','New visitors','2023-06-13 21:34:16','2023-06-13 21:34:16'),(1517,1,'en','plugins/analytics/analytics','visits','visits','2023-06-13 21:34:16','2023-06-13 21:34:16'),(1518,1,'en','plugins/analytics/analytics','views','views','2023-06-13 21:34:17','2023-06-13 21:34:17'),(1519,1,'en','plugins/analytics/analytics','property_id_not_specified','You must provide a valid view id. The document here: <a href=\"https://docs.botble.com/cms/master/plugin-analytics\" target=\"_blank\">https://docs.botble.com/cms/master/plugin-analytics</a>','2023-06-13 21:34:17','2023-06-13 21:34:17'),(1520,1,'en','plugins/analytics/analytics','credential_is_not_valid','Analytics credentials is not valid. The document here: <a href=\"https://docs.botble.com/cms/master/plugin-analytics\" target=\"_blank\">https://docs.botble.com/cms/master/plugin-analytics</a>','2023-06-13 21:34:17','2023-06-13 21:34:17'),(1521,1,'en','plugins/analytics/analytics','start_date_can_not_before_end_date','Start date :start_date cannot be after end date :end_date','2023-06-13 21:34:17','2023-06-13 21:34:17'),(1522,1,'en','plugins/analytics/analytics','wrong_configuration','To view analytics you\'ll need to get a Google Analytics client id and add it to your settings. <br /> You also need JSON credential data. <br /> The document here: <a href=\"https://docs.botble.com/cms/master/plugin-analytics\" target=\"_blank\">https://docs.botble.com/cms/master/plugin-analytics</a>','2023-06-13 21:34:17','2023-06-13 21:34:17'),(1523,1,'en','plugins/analytics/analytics','property_id_is_invalid','Property ID is invalid. Check this: https://developers.google.com/analytics/devguides/reporting/data/v1/property-id','2023-06-13 21:34:17','2023-06-13 21:34:17'),(1524,1,'en','plugins/analytics/analytics','settings.title','Google Analytics','2023-06-13 21:34:17','2023-06-13 21:34:17'),(1525,1,'en','plugins/analytics/analytics','settings.description','Config Credentials for Google Analytics','2023-06-13 21:34:17','2023-06-13 21:34:17'),(1526,1,'en','plugins/analytics/analytics','settings.google_tag_id','Google tag ID','2023-06-13 21:34:17','2023-06-13 21:34:17'),(1527,1,'en','plugins/analytics/analytics','settings.google_tag_id_placeholder','Example: G-76NX8HY29D','2023-06-13 21:34:17','2023-06-13 21:34:17'),(1528,1,'en','plugins/analytics/analytics','settings.analytics_property_id','Property ID for GA4','2023-06-13 21:34:17','2023-06-13 21:34:17'),(1529,1,'en','plugins/analytics/analytics','settings.analytics_property_id_description','Google Analytics Property ID (GA4)','2023-06-13 21:34:17','2023-06-13 21:34:17'),(1530,1,'en','plugins/analytics/analytics','settings.json_credential','Service Account Credentials','2023-06-13 21:34:17','2023-06-13 21:34:17'),(1531,1,'en','plugins/analytics/analytics','settings.json_credential_description','Service Account Credentials','2023-06-13 21:34:17','2023-06-13 21:34:17'),(1532,1,'en','plugins/analytics/analytics','widget_analytics_page','Top Most Visit Pages','2023-06-13 21:34:17','2023-06-13 21:34:17'),(1533,1,'en','plugins/analytics/analytics','widget_analytics_browser','Top Browsers','2023-06-13 21:34:17','2023-06-13 21:34:17'),(1534,1,'en','plugins/analytics/analytics','widget_analytics_referrer','Top Referrers','2023-06-13 21:34:17','2023-06-13 21:34:17'),(1535,1,'en','plugins/analytics/analytics','widget_analytics_general','Site Analytics','2023-06-13 21:34:17','2023-06-13 21:34:17'),(1536,1,'en','plugins/analytics/analytics','missing_library_warning','Analytics plugin error: Missing third-party libraries, please run \"composer update\" to install them.','2023-06-13 21:34:17','2023-06-13 21:34:17'),(1537,1,'en','plugins/audit-log/history','name','Activities Logs','2023-06-13 21:34:17','2023-06-13 21:34:17'),(1538,1,'en','plugins/audit-log/history','created','created','2023-06-13 21:34:17','2023-06-13 21:34:17'),(1539,1,'en','plugins/audit-log/history','updated','updated','2023-06-13 21:34:17','2023-06-13 21:34:17'),(1540,1,'en','plugins/audit-log/history','deleted','deleted','2023-06-13 21:34:17','2023-06-13 21:34:17'),(1541,1,'en','plugins/audit-log/history','logged in','logged in','2023-06-13 21:34:17','2023-06-13 21:34:17'),(1542,1,'en','plugins/audit-log/history','logged out','logged out','2023-06-13 21:34:17','2023-06-13 21:34:17'),(1543,1,'en','plugins/audit-log/history','changed password','changed password','2023-06-13 21:34:17','2023-06-13 21:34:17'),(1544,1,'en','plugins/audit-log/history','updated profile','updated profile','2023-06-13 21:34:17','2023-06-13 21:34:17'),(1545,1,'en','plugins/audit-log/history','attached','attached','2023-06-13 21:34:17','2023-06-13 21:34:17'),(1546,1,'en','plugins/audit-log/history','shared','shared','2023-06-13 21:34:17','2023-06-13 21:34:17'),(1547,1,'en','plugins/audit-log/history','to the system','to the system','2023-06-13 21:34:17','2023-06-13 21:34:17'),(1548,1,'en','plugins/audit-log/history','of the system','of the system','2023-06-13 21:34:17','2023-06-13 21:34:17'),(1549,1,'en','plugins/audit-log/history','menu','menu','2023-06-13 21:34:17','2023-06-13 21:34:17'),(1550,1,'en','plugins/audit-log/history','post','post','2023-06-13 21:34:17','2023-06-13 21:34:17'),(1551,1,'en','plugins/audit-log/history','page','page','2023-06-13 21:34:17','2023-06-13 21:34:17'),(1552,1,'en','plugins/audit-log/history','category','category','2023-06-13 21:34:17','2023-06-13 21:34:17'),(1553,1,'en','plugins/audit-log/history','tag','tag','2023-06-13 21:34:17','2023-06-13 21:34:17'),(1554,1,'en','plugins/audit-log/history','user','user','2023-06-13 21:34:17','2023-06-13 21:34:17'),(1555,1,'en','plugins/audit-log/history','contact','contact','2023-06-13 21:34:17','2023-06-13 21:34:17'),(1556,1,'en','plugins/audit-log/history','backup','backup','2023-06-13 21:34:17','2023-06-13 21:34:17'),(1557,1,'en','plugins/audit-log/history','custom-field','custom field','2023-06-13 21:34:17','2023-06-13 21:34:17'),(1558,1,'en','plugins/audit-log/history','widget_audit_logs','Activities Logs','2023-06-13 21:34:17','2023-06-13 21:34:17'),(1559,1,'en','plugins/audit-log/history','action','Action','2023-06-13 21:34:17','2023-06-13 21:34:17'),(1560,1,'en','plugins/audit-log/history','user_agent','User Agent','2023-06-13 21:34:17','2023-06-13 21:34:17'),(1561,1,'en','plugins/audit-log/history','system','System','2023-06-13 21:34:17','2023-06-13 21:34:17'),(1562,1,'en','plugins/audit-log/history','delete_all','Delete all records','2023-06-13 21:34:17','2023-06-13 21:34:17'),(1563,1,'en','plugins/backup/backup','name','Backup','2023-06-13 21:34:17','2023-06-13 21:34:17'),(1564,1,'en','plugins/backup/backup','backup_description','Backup database and uploads folder.','2023-06-13 21:34:17','2023-06-13 21:34:17'),(1565,1,'en','plugins/backup/backup','create_backup_success','Created backup successfully!','2023-06-13 21:34:17','2023-06-13 21:34:17'),(1566,1,'en','plugins/backup/backup','delete_backup_success','Delete backup successfully!','2023-06-13 21:34:17','2023-06-13 21:34:17'),(1567,1,'en','plugins/backup/backup','restore_backup_success','Restore backup successfully!','2023-06-13 21:34:17','2023-06-13 21:34:17'),(1568,1,'en','plugins/backup/backup','generate_btn','Generate backup','2023-06-13 21:34:17','2023-06-13 21:34:17'),(1569,1,'en','plugins/backup/backup','create','Create a backup','2023-06-13 21:34:17','2023-06-13 21:34:17'),(1570,1,'en','plugins/backup/backup','restore','Restore a backup','2023-06-13 21:34:17','2023-06-13 21:34:17'),(1571,1,'en','plugins/backup/backup','create_btn','Create','2023-06-13 21:34:17','2023-06-13 21:34:17'),(1572,1,'en','plugins/backup/backup','restore_btn','Restore','2023-06-13 21:34:17','2023-06-13 21:34:17'),(1573,1,'en','plugins/backup/backup','restore_confirm_msg','Do you really want to restore this revision?','2023-06-13 21:34:17','2023-06-13 21:34:17'),(1574,1,'en','plugins/backup/backup','download_uploads_folder','Download backup of uploads folder','2023-06-13 21:34:17','2023-06-13 21:34:17'),(1575,1,'en','plugins/backup/backup','download_database','Download backup of database','2023-06-13 21:34:17','2023-06-13 21:34:17'),(1576,1,'en','plugins/backup/backup','restore_tooltip','Restore this backup','2023-06-13 21:34:17','2023-06-13 21:34:17'),(1577,1,'en','plugins/backup/backup','demo_alert','Hi guest, if you see demo site is destroyed, please help me <a href=\":link\">go here</a> and restore demo site to the latest revision! Thank you so much!','2023-06-13 21:34:17','2023-06-13 21:34:17'),(1578,1,'en','plugins/backup/backup','menu_name','Backups','2023-06-13 21:34:17','2023-06-13 21:34:17'),(1579,1,'en','plugins/backup/backup','size','Size','2023-06-13 21:34:17','2023-06-13 21:34:17'),(1580,1,'en','plugins/backup/backup','no_backups','There is no backup now!','2023-06-13 21:34:17','2023-06-13 21:34:17'),(1581,1,'en','plugins/backup/backup','proc_open_disabled_error','Function <strong>proc_open()</strong> has been disabled so the system cannot backup the database. Please contact your hosting provider to enable it.','2023-06-13 21:34:17','2023-06-13 21:34:17'),(1582,1,'en','plugins/backup/backup','database_backup_not_existed','Backup database is not existed!','2023-06-13 21:34:17','2023-06-13 21:34:17'),(1583,1,'en','plugins/backup/backup','uploads_folder_backup_not_existed','Backup uploads folder is not existed!','2023-06-13 21:34:17','2023-06-13 21:34:17'),(1584,1,'en','plugins/backup/backup','important_message1','This is a simple backup feature, it is a solution for you if your site has < 1GB data and can be used for quickly backup your site.','2023-06-13 21:34:17','2023-06-13 21:34:17'),(1585,1,'en','plugins/backup/backup','important_message2','If you have more than 1GB images/files in local storage, you should use backup feature of your hosting or VPS.','2023-06-13 21:34:17','2023-06-13 21:34:17'),(1586,1,'en','plugins/backup/backup','important_message3','To backup your database, function <strong>proc_open()</strong> or <strong>system()</strong> must be enabled. Contact your hosting provider to enable it if it is disabled.','2023-06-13 21:34:17','2023-06-13 21:34:17'),(1587,1,'en','plugins/backup/backup','important_message4','It is not a full backup, it is just back up uploaded files and your database.','2023-06-13 21:34:17','2023-06-13 21:34:17'),(1588,1,'en','plugins/backup/backup','cannot_restore_database','Cannot restore database. The database backup is missing!','2023-06-13 21:34:17','2023-06-13 21:34:17'),(1589,1,'en','plugins/blog/base','menu_name','Blog','2023-06-13 21:34:17','2023-06-13 21:34:17'),(1590,1,'en','plugins/blog/base','blog_page','Blog Page','2023-06-13 21:34:17','2023-06-13 21:34:17'),(1591,1,'en','plugins/blog/base','select','-- Select --','2023-06-13 21:34:17','2023-06-13 21:34:17'),(1592,1,'en','plugins/blog/base','blog_page_id','Blog page','2023-06-13 21:34:17','2023-06-13 21:34:17'),(1593,1,'en','plugins/blog/base','number_posts_per_page','Number posts per page','2023-06-13 21:34:17','2023-06-13 21:34:17'),(1594,1,'en','plugins/blog/base','write_some_tags','Write some tags','2023-06-13 21:34:17','2023-06-13 21:34:17'),(1595,1,'en','plugins/blog/base','short_code_name','Blog posts','2023-06-13 21:34:17','2023-06-13 21:34:17'),(1596,1,'en','plugins/blog/base','short_code_description','Add blog posts','2023-06-13 21:34:17','2023-06-13 21:34:17'),(1597,1,'en','plugins/blog/base','number_posts_per_page_in_category','Number of posts per page in a category','2023-06-13 21:34:17','2023-06-13 21:34:17'),(1598,1,'en','plugins/blog/base','number_posts_per_page_in_tag','Number of posts per page in a tag','2023-06-13 21:34:17','2023-06-13 21:34:17'),(1599,1,'en','plugins/blog/base','settings.title','Blog','2023-06-13 21:34:17','2023-06-13 21:34:17'),(1600,1,'en','plugins/blog/base','settings.description','Settings for Blog','2023-06-13 21:34:17','2023-06-13 21:34:17'),(1601,1,'en','plugins/blog/base','settings.enable_blog_post_schema','Enable Blog Post Schema?','2023-06-13 21:34:17','2023-06-13 21:34:17'),(1602,1,'en','plugins/blog/base','settings.enable_blog_post_schema_description','Learn more: https://schema.org/Article','2023-06-13 21:34:17','2023-06-13 21:34:17'),(1603,1,'en','plugins/blog/base','settings.schema_type','Schema type','2023-06-13 21:34:17','2023-06-13 21:34:17'),(1604,1,'en','plugins/blog/categories','create','Create new category','2023-06-13 21:34:17','2023-06-13 21:34:17'),(1605,1,'en','plugins/blog/categories','menu','Categories','2023-06-13 21:34:17','2023-06-13 21:34:17'),(1606,1,'en','plugins/blog/categories','edit_this_category','Edit this category','2023-06-13 21:34:17','2023-06-13 21:34:17'),(1607,1,'en','plugins/blog/categories','menu_name','Categories','2023-06-13 21:34:17','2023-06-13 21:34:17'),(1608,1,'en','plugins/blog/categories','none','None','2023-06-13 21:34:17','2023-06-13 21:34:17'),(1609,1,'en','plugins/blog/categories','total_posts','Total posts: :total','2023-06-13 21:34:17','2023-06-13 21:34:17'),(1610,1,'en','plugins/blog/member','dob','Born :date','2023-06-13 21:34:17','2023-06-13 21:34:17'),(1611,1,'en','plugins/blog/member','draft_posts','Draft Posts','2023-06-13 21:34:17','2023-06-13 21:34:17'),(1612,1,'en','plugins/blog/member','pending_posts','Pending Posts','2023-06-13 21:34:17','2023-06-13 21:34:17'),(1613,1,'en','plugins/blog/member','published_posts','Published Posts','2023-06-13 21:34:17','2023-06-13 21:34:17'),(1614,1,'en','plugins/blog/member','posts','Posts','2023-06-13 21:34:17','2023-06-13 21:34:17'),(1615,1,'en','plugins/blog/member','write_post','Write a post','2023-06-13 21:34:17','2023-06-13 21:34:17'),(1616,1,'en','plugins/blog/posts','create','Create new post','2023-06-13 21:34:17','2023-06-13 21:34:17'),(1617,1,'en','plugins/blog/posts','form.name','Name','2023-06-13 21:34:17','2023-06-13 21:34:17'),(1618,1,'en','plugins/blog/posts','form.name_placeholder','Post\'s name (Maximum :c characters)','2023-06-13 21:34:17','2023-06-13 21:34:17'),(1619,1,'en','plugins/blog/posts','form.description','Description','2023-06-13 21:34:17','2023-06-13 21:34:17'),(1620,1,'en','plugins/blog/posts','form.description_placeholder','Short description for post (Maximum :c characters)','2023-06-13 21:34:17','2023-06-13 21:34:17'),(1621,1,'en','plugins/blog/posts','form.categories','Categories','2023-06-13 21:34:17','2023-06-13 21:34:17'),(1622,1,'en','plugins/blog/posts','form.tags','Tags','2023-06-13 21:34:17','2023-06-13 21:34:17'),(1623,1,'en','plugins/blog/posts','form.tags_placeholder','Tags','2023-06-13 21:34:17','2023-06-13 21:34:17'),(1624,1,'en','plugins/blog/posts','form.content','Content','2023-06-13 21:34:17','2023-06-13 21:34:17'),(1625,1,'en','plugins/blog/posts','form.is_featured','Is featured?','2023-06-13 21:34:17','2023-06-13 21:34:17'),(1626,1,'en','plugins/blog/posts','form.note','Note content','2023-06-13 21:34:17','2023-06-13 21:34:17'),(1627,1,'en','plugins/blog/posts','form.format_type','Format','2023-06-13 21:34:17','2023-06-13 21:34:17'),(1628,1,'en','plugins/blog/posts','cannot_delete','Post could not be deleted','2023-06-13 21:34:17','2023-06-13 21:34:17'),(1629,1,'en','plugins/blog/posts','post_deleted','Post deleted','2023-06-13 21:34:17','2023-06-13 21:34:17'),(1630,1,'en','plugins/blog/posts','posts','Posts','2023-06-13 21:34:17','2023-06-13 21:34:17'),(1631,1,'en','plugins/blog/posts','post','Post','2023-06-13 21:34:17','2023-06-13 21:34:17'),(1632,1,'en','plugins/blog/posts','edit_this_post','Edit this post','2023-06-13 21:34:17','2023-06-13 21:34:17'),(1633,1,'en','plugins/blog/posts','no_new_post_now','There is no new post now!','2023-06-13 21:34:17','2023-06-13 21:34:17'),(1634,1,'en','plugins/blog/posts','menu_name','Posts','2023-06-13 21:34:17','2023-06-13 21:34:17'),(1635,1,'en','plugins/blog/posts','widget_posts_recent','Recent Posts','2023-06-13 21:34:17','2023-06-13 21:34:17'),(1636,1,'en','plugins/blog/posts','categories','Categories','2023-06-13 21:34:17','2023-06-13 21:34:17'),(1637,1,'en','plugins/blog/posts','category','Category','2023-06-13 21:34:17','2023-06-13 21:34:17'),(1638,1,'en','plugins/blog/posts','author','Author','2023-06-13 21:34:17','2023-06-13 21:34:17'),(1639,1,'en','plugins/blog/tags','form.name','Name','2023-06-13 21:34:17','2023-06-13 21:34:17'),(1640,1,'en','plugins/blog/tags','form.name_placeholder','Tag\'s name (Maximum 120 characters)','2023-06-13 21:34:17','2023-06-13 21:34:17'),(1641,1,'en','plugins/blog/tags','form.description','Description','2023-06-13 21:34:17','2023-06-13 21:34:17'),(1642,1,'en','plugins/blog/tags','form.description_placeholder','Short description for tag (Maximum 400 characters)','2023-06-13 21:34:17','2023-06-13 21:34:17'),(1643,1,'en','plugins/blog/tags','form.categories','Categories','2023-06-13 21:34:17','2023-06-13 21:34:17'),(1644,1,'en','plugins/blog/tags','notices.no_select','Please select at least one tag to take this action!','2023-06-13 21:34:17','2023-06-13 21:34:17'),(1645,1,'en','plugins/blog/tags','create','Create new tag','2023-06-13 21:34:17','2023-06-13 21:34:17'),(1646,1,'en','plugins/blog/tags','cannot_delete','Tag could not be deleted','2023-06-13 21:34:17','2023-06-13 21:34:17'),(1647,1,'en','plugins/blog/tags','deleted','Tag deleted','2023-06-13 21:34:17','2023-06-13 21:34:17'),(1648,1,'en','plugins/blog/tags','menu','Tags','2023-06-13 21:34:17','2023-06-13 21:34:17'),(1649,1,'en','plugins/blog/tags','edit_this_tag','Edit this tag','2023-06-13 21:34:17','2023-06-13 21:34:17'),(1650,1,'en','plugins/blog/tags','menu_name','Tags','2023-06-13 21:34:17','2023-06-13 21:34:17'),(1651,1,'en','plugins/captcha/captcha','settings.title','Captcha','2023-06-13 21:34:17','2023-06-13 21:34:17'),(1652,1,'en','plugins/captcha/captcha','settings.description','Settings for Google Captcha','2023-06-13 21:34:17','2023-06-13 21:34:17'),(1653,1,'en','plugins/captcha/captcha','settings.captcha_site_key','Captcha Site Key','2023-06-13 21:34:18','2023-06-13 21:34:18'),(1654,1,'en','plugins/captcha/captcha','settings.captcha_secret','Captcha Secret','2023-06-13 21:34:18','2023-06-13 21:34:18'),(1655,1,'en','plugins/captcha/captcha','settings.enable_captcha','Enable Captcha?','2023-06-13 21:34:18','2023-06-13 21:34:18'),(1656,1,'en','plugins/captcha/captcha','settings.helper','Go here to get credentials https://www.google.com/recaptcha/admin#list.','2023-06-13 21:34:18','2023-06-13 21:34:18'),(1657,1,'en','plugins/captcha/captcha','settings.hide_badge','Hide recaptcha badge (for v3)','2023-06-13 21:34:18','2023-06-13 21:34:18'),(1658,1,'en','plugins/captcha/captcha','settings.type','Type','2023-06-13 21:34:18','2023-06-13 21:34:18'),(1659,1,'en','plugins/captcha/captcha','settings.v2_description','V2 (Verify requests with a challenge)','2023-06-13 21:34:18','2023-06-13 21:34:18'),(1660,1,'en','plugins/captcha/captcha','settings.v3_description','V3 (Verify requests with a score)','2023-06-13 21:34:18','2023-06-13 21:34:18'),(1661,1,'en','plugins/captcha/captcha','numbers.0','Zero','2023-06-13 21:34:18','2023-06-13 21:34:18'),(1662,1,'en','plugins/captcha/captcha','numbers.1','One','2023-06-13 21:34:18','2023-06-13 21:34:18'),(1663,1,'en','plugins/captcha/captcha','numbers.2','Two','2023-06-13 21:34:18','2023-06-13 21:34:18'),(1664,1,'en','plugins/captcha/captcha','numbers.3','Three','2023-06-13 21:34:18','2023-06-13 21:34:18'),(1665,1,'en','plugins/captcha/captcha','numbers.4','Four','2023-06-13 21:34:18','2023-06-13 21:34:18'),(1666,1,'en','plugins/captcha/captcha','numbers.5','Five','2023-06-13 21:34:18','2023-06-13 21:34:18'),(1667,1,'en','plugins/captcha/captcha','numbers.6','Six','2023-06-13 21:34:18','2023-06-13 21:34:18'),(1668,1,'en','plugins/captcha/captcha','numbers.7','Seven','2023-06-13 21:34:18','2023-06-13 21:34:18'),(1669,1,'en','plugins/captcha/captcha','numbers.8','Eight','2023-06-13 21:34:18','2023-06-13 21:34:18'),(1670,1,'en','plugins/captcha/captcha','numbers.9','Nine','2023-06-13 21:34:18','2023-06-13 21:34:18'),(1671,1,'en','plugins/captcha/captcha','numbers.10','Ten','2023-06-13 21:34:18','2023-06-13 21:34:18'),(1672,1,'en','plugins/captcha/captcha','numbers.11','Eleven','2023-06-13 21:34:18','2023-06-13 21:34:18'),(1673,1,'en','plugins/captcha/captcha','numbers.12','Twelve','2023-06-13 21:34:18','2023-06-13 21:34:18'),(1674,1,'en','plugins/captcha/captcha','operands.+','plus','2023-06-13 21:34:18','2023-06-13 21:34:18'),(1675,1,'en','plugins/captcha/captcha','operands.-','minus','2023-06-13 21:34:18','2023-06-13 21:34:18'),(1676,1,'en','plugins/captcha/captcha','operands.*','times','2023-06-13 21:34:18','2023-06-13 21:34:18'),(1677,1,'en','plugins/captcha/captcha','operands./','divided by','2023-06-13 21:34:18','2023-06-13 21:34:18'),(1678,1,'en','plugins/contact/contact','menu','Contact','2023-06-13 21:34:18','2023-06-13 21:34:18'),(1679,1,'en','plugins/contact/contact','edit','View contact','2023-06-13 21:34:18','2023-06-13 21:34:18'),(1680,1,'en','plugins/contact/contact','tables.phone','Phone','2023-06-13 21:34:18','2023-06-13 21:34:18'),(1681,1,'en','plugins/contact/contact','tables.email','Email','2023-06-13 21:34:18','2023-06-13 21:34:18'),(1682,1,'en','plugins/contact/contact','tables.full_name','Full Name','2023-06-13 21:34:18','2023-06-13 21:34:18'),(1683,1,'en','plugins/contact/contact','tables.time','Time','2023-06-13 21:34:18','2023-06-13 21:34:18'),(1684,1,'en','plugins/contact/contact','tables.address','Address','2023-06-13 21:34:18','2023-06-13 21:34:18'),(1685,1,'en','plugins/contact/contact','tables.subject','Subject','2023-06-13 21:34:18','2023-06-13 21:34:18'),(1686,1,'en','plugins/contact/contact','tables.content','Content','2023-06-13 21:34:18','2023-06-13 21:34:18'),(1687,1,'en','plugins/contact/contact','contact_information','Contact information','2023-06-13 21:34:18','2023-06-13 21:34:18'),(1688,1,'en','plugins/contact/contact','replies','Replies','2023-06-13 21:34:18','2023-06-13 21:34:18'),(1689,1,'en','plugins/contact/contact','email.header','Email','2023-06-13 21:34:18','2023-06-13 21:34:18'),(1690,1,'en','plugins/contact/contact','email.title','New contact from your site','2023-06-13 21:34:18','2023-06-13 21:34:18'),(1691,1,'en','plugins/contact/contact','form.name.required','Name is required','2023-06-13 21:34:18','2023-06-13 21:34:18'),(1692,1,'en','plugins/contact/contact','form.email.required','Email is required','2023-06-13 21:34:18','2023-06-13 21:34:18'),(1693,1,'en','plugins/contact/contact','form.email.email','The email address is not valid','2023-06-13 21:34:18','2023-06-13 21:34:18'),(1694,1,'en','plugins/contact/contact','form.content.required','Content is required','2023-06-13 21:34:18','2023-06-13 21:34:18'),(1695,1,'en','plugins/contact/contact','contact_sent_from','This contact information sent from','2023-06-13 21:34:18','2023-06-13 21:34:18'),(1696,1,'en','plugins/contact/contact','sender','Sender','2023-06-13 21:34:18','2023-06-13 21:34:18'),(1697,1,'en','plugins/contact/contact','sender_email','Email','2023-06-13 21:34:18','2023-06-13 21:34:18'),(1698,1,'en','plugins/contact/contact','sender_address','Address','2023-06-13 21:34:18','2023-06-13 21:34:18'),(1699,1,'en','plugins/contact/contact','sender_phone','Phone','2023-06-13 21:34:18','2023-06-13 21:34:18'),(1700,1,'en','plugins/contact/contact','message_content','Message content','2023-06-13 21:34:18','2023-06-13 21:34:18'),(1701,1,'en','plugins/contact/contact','sent_from','Email sent from','2023-06-13 21:34:18','2023-06-13 21:34:18'),(1702,1,'en','plugins/contact/contact','form_name','Name','2023-06-13 21:34:18','2023-06-13 21:34:18'),(1703,1,'en','plugins/contact/contact','form_email','Email','2023-06-13 21:34:18','2023-06-13 21:34:18'),(1704,1,'en','plugins/contact/contact','form_address','Address','2023-06-13 21:34:18','2023-06-13 21:34:18'),(1705,1,'en','plugins/contact/contact','form_subject','Subject','2023-06-13 21:34:18','2023-06-13 21:34:18'),(1706,1,'en','plugins/contact/contact','form_phone','Phone','2023-06-13 21:34:18','2023-06-13 21:34:18'),(1707,1,'en','plugins/contact/contact','form_message','Message','2023-06-13 21:34:18','2023-06-13 21:34:18'),(1708,1,'en','plugins/contact/contact','required_field','The field with (<span style=\"color: red\">*</span>) is required.','2023-06-13 21:34:18','2023-06-13 21:34:18'),(1709,1,'en','plugins/contact/contact','send_btn','Send message','2023-06-13 21:34:18','2023-06-13 21:34:18'),(1710,1,'en','plugins/contact/contact','new_msg_notice','You have <span class=\"bold\">:count</span> New Messages','2023-06-13 21:34:18','2023-06-13 21:34:18'),(1711,1,'en','plugins/contact/contact','view_all','View all','2023-06-13 21:34:18','2023-06-13 21:34:18'),(1712,1,'en','plugins/contact/contact','statuses.read','Read','2023-06-13 21:34:18','2023-06-13 21:34:18'),(1713,1,'en','plugins/contact/contact','statuses.unread','Unread','2023-06-13 21:34:18','2023-06-13 21:34:18'),(1714,1,'en','plugins/contact/contact','phone','Phone','2023-06-13 21:34:18','2023-06-13 21:34:18'),(1715,1,'en','plugins/contact/contact','address','Address','2023-06-13 21:34:18','2023-06-13 21:34:18'),(1716,1,'en','plugins/contact/contact','message','Message','2023-06-13 21:34:18','2023-06-13 21:34:18'),(1717,1,'en','plugins/contact/contact','settings.email.title','Contact','2023-06-13 21:34:18','2023-06-13 21:34:18'),(1718,1,'en','plugins/contact/contact','settings.email.description','Contact email configuration','2023-06-13 21:34:18','2023-06-13 21:34:18'),(1719,1,'en','plugins/contact/contact','settings.email.templates.notice_title','Send notice to administrator','2023-06-13 21:34:18','2023-06-13 21:34:18'),(1720,1,'en','plugins/contact/contact','settings.email.templates.notice_description','Email template to send notice to administrator when system get new contact','2023-06-13 21:34:18','2023-06-13 21:34:18'),(1721,1,'en','plugins/contact/contact','settings.title','Contact','2023-06-13 21:34:18','2023-06-13 21:34:18'),(1722,1,'en','plugins/contact/contact','settings.description','Settings for contact plugin','2023-06-13 21:34:18','2023-06-13 21:34:18'),(1723,1,'en','plugins/contact/contact','settings.blacklist_keywords','Blacklist keywords','2023-06-13 21:34:18','2023-06-13 21:34:18'),(1724,1,'en','plugins/contact/contact','settings.blacklist_keywords_placeholder','keywords...','2023-06-13 21:34:18','2023-06-13 21:34:18'),(1725,1,'en','plugins/contact/contact','settings.blacklist_keywords_helper','Blacklist contact requests if it includes those keywords in the content field (separate by comma).','2023-06-13 21:34:18','2023-06-13 21:34:18'),(1726,1,'en','plugins/contact/contact','settings.blacklist_email_domains','Blacklist email domains','2023-06-13 21:34:18','2023-06-13 21:34:18'),(1727,1,'en','plugins/contact/contact','settings.blacklist_email_domains_placeholder','domain...','2023-06-13 21:34:18','2023-06-13 21:34:18'),(1728,1,'en','plugins/contact/contact','settings.blacklist_email_domains_helper','Blacklist contact requests if the email domain is in blacklist domains (separate by comma).','2023-06-13 21:34:18','2023-06-13 21:34:18'),(1729,1,'en','plugins/contact/contact','settings.enable_math_captcha','Enable math captcha?','2023-06-13 21:34:18','2023-06-13 21:34:18'),(1730,1,'en','plugins/contact/contact','no_reply','No reply yet!','2023-06-13 21:34:18','2023-06-13 21:34:18'),(1731,1,'en','plugins/contact/contact','reply','Reply','2023-06-13 21:34:18','2023-06-13 21:34:18'),(1732,1,'en','plugins/contact/contact','send','Send','2023-06-13 21:34:18','2023-06-13 21:34:18'),(1733,1,'en','plugins/contact/contact','shortcode_name','Contact form','2023-06-13 21:34:18','2023-06-13 21:34:18'),(1734,1,'en','plugins/contact/contact','shortcode_description','Add a contact form','2023-06-13 21:34:18','2023-06-13 21:34:18'),(1735,1,'en','plugins/contact/contact','shortcode_content_description','Add shortcode [contact-form][/contact-form] to editor?','2023-06-13 21:34:18','2023-06-13 21:34:18'),(1736,1,'en','plugins/contact/contact','message_sent_success','Message sent successfully!','2023-06-13 21:34:18','2023-06-13 21:34:18'),(1737,1,'en','plugins/cookie-consent/cookie-consent','theme_options.name','Cookie Consent','2023-06-13 21:34:18','2023-06-13 21:34:18'),(1738,1,'en','plugins/cookie-consent/cookie-consent','theme_options.description','Cookie consent settings','2023-06-13 21:34:18','2023-06-13 21:34:18'),(1739,1,'en','plugins/cookie-consent/cookie-consent','theme_options.enable','Enable cookie consent?','2023-06-13 21:34:18','2023-06-13 21:34:18'),(1740,1,'en','plugins/cookie-consent/cookie-consent','theme_options.message','Message','2023-06-13 21:34:18','2023-06-13 21:34:18'),(1741,1,'en','plugins/cookie-consent/cookie-consent','theme_options.button_text','Button text','2023-06-13 21:34:18','2023-06-13 21:34:18'),(1742,1,'en','plugins/cookie-consent/cookie-consent','theme_options.max_width','Max width (px)','2023-06-13 21:34:18','2023-06-13 21:34:18'),(1743,1,'en','plugins/cookie-consent/cookie-consent','theme_options.background_color','Background color','2023-06-13 21:34:18','2023-06-13 21:34:18'),(1744,1,'en','plugins/cookie-consent/cookie-consent','theme_options.text_color','Text color','2023-06-13 21:34:18','2023-06-13 21:34:18'),(1745,1,'en','plugins/cookie-consent/cookie-consent','theme_options.learn_more_url','Learn more URL','2023-06-13 21:34:18','2023-06-13 21:34:18'),(1746,1,'en','plugins/cookie-consent/cookie-consent','theme_options.learn_more_text','Learn more text','2023-06-13 21:34:18','2023-06-13 21:34:18'),(1747,1,'en','plugins/cookie-consent/cookie-consent','theme_options.style','Style','2023-06-13 21:34:18','2023-06-13 21:34:18'),(1748,1,'en','plugins/cookie-consent/cookie-consent','theme_options.full_width','Full width','2023-06-13 21:34:18','2023-06-13 21:34:18'),(1749,1,'en','plugins/cookie-consent/cookie-consent','theme_options.minimal','Minimal','2023-06-13 21:34:18','2023-06-13 21:34:18'),(1750,1,'en','plugins/cookie-consent/cookie-consent','message','Your experience on this site will be improved by allowing cookies.','2023-06-13 21:34:18','2023-06-13 21:34:18'),(1751,1,'en','plugins/cookie-consent/cookie-consent','button_text','Allow cookies','2023-06-13 21:34:18','2023-06-13 21:34:18'),(1752,1,'en','plugins/faq/faq-category','name','Categories','2023-06-13 21:34:18','2023-06-13 21:34:18'),(1753,1,'en','plugins/faq/faq-category','create','New category','2023-06-13 21:34:18','2023-06-13 21:34:18'),(1754,1,'en','plugins/faq/faq','name','FAQ','2023-06-13 21:34:18','2023-06-13 21:34:18'),(1755,1,'en','plugins/faq/faq','create','New faq','2023-06-13 21:34:18','2023-06-13 21:34:18'),(1756,1,'en','plugins/faq/faq','question','Question','2023-06-13 21:34:18','2023-06-13 21:34:18'),(1757,1,'en','plugins/faq/faq','answer','Answer','2023-06-13 21:34:18','2023-06-13 21:34:18'),(1758,1,'en','plugins/faq/faq','category','Category','2023-06-13 21:34:18','2023-06-13 21:34:18'),(1759,1,'en','plugins/faq/faq','all','All','2023-06-13 21:34:18','2023-06-13 21:34:18'),(1760,1,'en','plugins/faq/faq','faq_schema_config','FAQ schema configuration (:link)','2023-06-13 21:34:18','2023-06-13 21:34:18'),(1761,1,'en','plugins/faq/faq','learn_more','Learn more','2023-06-13 21:34:18','2023-06-13 21:34:18'),(1762,1,'en','plugins/faq/faq','settings.title','FAQ','2023-06-13 21:34:18','2023-06-13 21:34:18'),(1763,1,'en','plugins/faq/faq','settings.description','Settings for FAQ','2023-06-13 21:34:18','2023-06-13 21:34:18'),(1764,1,'en','plugins/faq/faq','settings.enable_faq_schema','Enable FAQ Schema?','2023-06-13 21:34:18','2023-06-13 21:34:18'),(1765,1,'en','plugins/faq/faq','settings.enable_faq_schema_description','Learn more: https://developers.google.com/search/docs/data-types/faqpage','2023-06-13 21:34:18','2023-06-13 21:34:18'),(1766,1,'en','plugins/faq/faq','select_category','Select a category','2023-06-13 21:34:18','2023-06-13 21:34:18'),(1767,1,'en','plugins/faq/faq','add_item','Add item','2023-06-13 21:34:18','2023-06-13 21:34:18'),(1768,1,'en','plugins/job-board/account','name','Accounts','2023-06-13 21:34:18','2023-06-13 21:34:18'),(1769,1,'en','plugins/job-board/account','create','New account','2023-06-13 21:34:18','2023-06-13 21:34:18'),(1770,1,'en','plugins/job-board/account','confirmation_subject','Email verification','2023-06-13 21:34:18','2023-06-13 21:34:18'),(1771,1,'en','plugins/job-board/account','confirmation_subject_title','Verify your email','2023-06-13 21:34:18','2023-06-13 21:34:18'),(1772,1,'en','plugins/job-board/account','not_confirmed','The given email address has not been confirmed. <a href=\":resend_link\">Resend confirmation link.</a>','2023-06-13 21:34:18','2023-06-13 21:34:18'),(1773,1,'en','plugins/job-board/account','confirmation_successful','You successfully confirmed your email address.','2023-06-13 21:34:18','2023-06-13 21:34:18'),(1774,1,'en','plugins/job-board/account','confirmation_info','We have sent you an email to verify your email. Please check and confirm your email address!','2023-06-13 21:34:18','2023-06-13 21:34:18'),(1775,1,'en','plugins/job-board/account','confirmation_resent','We sent you another confirmation email. You should receive it shortly.','2023-06-13 21:34:18','2023-06-13 21:34:18'),(1776,1,'en','plugins/job-board/account','form.email','Email','2023-06-13 21:34:18','2023-06-13 21:34:18'),(1777,1,'en','plugins/job-board/account','form.password','Password','2023-06-13 21:34:18','2023-06-13 21:34:18'),(1778,1,'en','plugins/job-board/account','form.password_confirmation','Password confirmation','2023-06-13 21:34:18','2023-06-13 21:34:18'),(1779,1,'en','plugins/job-board/account','form.change_password','Change password?','2023-06-13 21:34:18','2023-06-13 21:34:18'),(1780,1,'en','plugins/job-board/account','form.is_public_profile','Public your profile?','2023-06-13 21:34:18','2023-06-13 21:34:18'),(1781,1,'en','plugins/job-board/account','form.hide_cv','Hide your CV?','2023-06-13 21:34:18','2023-06-13 21:34:18'),(1782,1,'en','plugins/job-board/account','form.avatar_image','Avatar image','2023-06-13 21:34:18','2023-06-13 21:34:18'),(1783,1,'en','plugins/job-board/account','form.gender','Gender','2023-06-13 21:34:18','2023-06-13 21:34:18'),(1784,1,'en','plugins/job-board/account','form.resume','Resume','2023-06-13 21:34:18','2023-06-13 21:34:18'),(1785,1,'en','plugins/job-board/account','form.available_for_hiring','Available for hiring?','2023-06-13 21:34:18','2023-06-13 21:34:18'),(1786,1,'en','plugins/job-board/account','form.company','Company','2023-06-13 21:34:18','2023-06-13 21:34:18'),(1787,1,'en','plugins/job-board/account','form.position','Position','2023-06-13 21:34:18','2023-06-13 21:34:18'),(1788,1,'en','plugins/job-board/account','form.school','School','2023-06-13 21:34:18','2023-06-13 21:34:18'),(1789,1,'en','plugins/job-board/account','form.specialized','Specialized','2023-06-13 21:34:18','2023-06-13 21:34:18'),(1790,1,'en','plugins/job-board/account','form.started_at','Started At','2023-06-13 21:34:18','2023-06-13 21:34:18'),(1791,1,'en','plugins/job-board/account','form.ended_at','Ended At','2023-06-13 21:34:18','2023-06-13 21:34:18'),(1792,1,'en','plugins/job-board/account','form.description','Description','2023-06-13 21:34:19','2023-06-13 21:34:19'),(1793,1,'en','plugins/job-board/account','form.company_placeholder','Enter company','2023-06-13 21:34:19','2023-06-13 21:34:19'),(1794,1,'en','plugins/job-board/account','form.position_placeholder','Enter position','2023-06-13 21:34:19','2023-06-13 21:34:19'),(1795,1,'en','plugins/job-board/account','form.school_placeholder','Enter school','2023-06-13 21:34:19','2023-06-13 21:34:19'),(1796,1,'en','plugins/job-board/account','form.specialized_placeholder','Enter specialized','2023-06-13 21:34:19','2023-06-13 21:34:19'),(1797,1,'en','plugins/job-board/account','form.number_of_credits','Number of credits','2023-06-13 21:34:19','2023-06-13 21:34:19'),(1798,1,'en','plugins/job-board/account','confirm_delete','Are you sure you want to delete this item?','2023-06-13 21:34:19','2023-06-13 21:34:19'),(1799,1,'en','plugins/job-board/account','forgot_password','Forgot password','2023-06-13 21:34:19','2023-06-13 21:34:19'),(1800,1,'en','plugins/job-board/account','login','Login','2023-06-13 21:34:19','2023-06-13 21:34:19'),(1801,1,'en','plugins/job-board/account','type','Type','2023-06-13 21:34:19','2023-06-13 21:34:19'),(1802,1,'en','plugins/job-board/account','types.job-seeker','Job seeker','2023-06-13 21:34:19','2023-06-13 21:34:19'),(1803,1,'en','plugins/job-board/account','types.employer','Employer','2023-06-13 21:34:19','2023-06-13 21:34:19'),(1804,1,'en','plugins/job-board/account','buy_credits','Buy credits','2023-06-13 21:34:19','2023-06-13 21:34:19'),(1805,1,'en','plugins/job-board/account','credits','credits','2023-06-13 21:34:19','2023-06-13 21:34:19'),(1806,1,'en','plugins/job-board/account','emails.title','Account','2023-06-13 21:34:19','2023-06-13 21:34:19'),(1807,1,'en','plugins/job-board/account','emails.description','Account email configuration','2023-06-13 21:34:19','2023-06-13 21:34:19'),(1808,1,'en','plugins/job-board/account','enums.genders.male','Male','2023-06-13 21:34:19','2023-06-13 21:34:19'),(1809,1,'en','plugins/job-board/account','enums.genders.female','Female','2023-06-13 21:34:19','2023-06-13 21:34:19'),(1810,1,'en','plugins/job-board/account','enums.genders.other','Other','2023-06-13 21:34:19','2023-06-13 21:34:19'),(1811,1,'en','plugins/job-board/account','table.educations.school','School','2023-06-13 21:34:19','2023-06-13 21:34:19'),(1812,1,'en','plugins/job-board/account','table.educations.specialized','Specialized','2023-06-13 21:34:19','2023-06-13 21:34:19'),(1813,1,'en','plugins/job-board/account','table.experiences.company','Company','2023-06-13 21:34:19','2023-06-13 21:34:19'),(1814,1,'en','plugins/job-board/account','table.experiences.position','Position','2023-06-13 21:34:19','2023-06-13 21:34:19'),(1815,1,'en','plugins/job-board/account','table.started_at','Started At','2023-06-13 21:34:19','2023-06-13 21:34:19'),(1816,1,'en','plugins/job-board/account','table.ended_at','Ended At','2023-06-13 21:34:19','2023-06-13 21:34:19'),(1817,1,'en','plugins/job-board/account','table.action','Action','2023-06-13 21:34:19','2023-06-13 21:34:19'),(1818,1,'en','plugins/job-board/account','action_table.edit','Edit','2023-06-13 21:34:19','2023-06-13 21:34:19'),(1819,1,'en','plugins/job-board/account','action_table.delete','Delete','2023-06-13 21:34:19','2023-06-13 21:34:19'),(1820,1,'en','plugins/job-board/account','action_table.add','Add','2023-06-13 21:34:19','2023-06-13 21:34:19'),(1821,1,'en','plugins/job-board/account','edit_education','Edit education','2023-06-13 21:34:19','2023-06-13 21:34:19'),(1822,1,'en','plugins/job-board/account','add_education','Add education','2023-06-13 21:34:19','2023-06-13 21:34:19'),(1823,1,'en','plugins/job-board/account','edit_experience','Edit experience','2023-06-13 21:34:19','2023-06-13 21:34:19'),(1824,1,'en','plugins/job-board/account','add_experience','Add experience','2023-06-13 21:34:19','2023-06-13 21:34:19'),(1825,1,'en','plugins/job-board/account','no_education','No educations','2023-06-13 21:34:19','2023-06-13 21:34:19'),(1826,1,'en','plugins/job-board/account','no_experience','No experiences','2023-06-13 21:34:19','2023-06-13 21:34:19'),(1827,1,'en','plugins/job-board/account','now','Now','2023-06-13 21:34:19','2023-06-13 21:34:19'),(1828,1,'en','plugins/job-board/account','add_credit_to_account','Add credit to account','2023-06-13 21:34:19','2023-06-13 21:34:19'),(1829,1,'en','plugins/job-board/account','no_transactions','No transactions','2023-06-13 21:34:19','2023-06-13 21:34:19'),(1830,1,'en','plugins/job-board/account','transactions','Transactions','2023-06-13 21:34:19','2023-06-13 21:34:19'),(1831,1,'en','plugins/job-board/account','add_credit','Add credit','2023-06-13 21:34:19','2023-06-13 21:34:19'),(1832,1,'en','plugins/job-board/account','added','Added','2023-06-13 21:34:19','2023-06-13 21:34:19'),(1833,1,'en','plugins/job-board/account','educations.store','Created education successfully!','2023-06-13 21:34:19','2023-06-13 21:34:19'),(1834,1,'en','plugins/job-board/account','educations.update','Updated education successfully!','2023-06-13 21:34:19','2023-06-13 21:34:19'),(1835,1,'en','plugins/job-board/account','educations.delete','Deleted education successfully!','2023-06-13 21:34:19','2023-06-13 21:34:19'),(1836,1,'en','plugins/job-board/account','experiences.store','Created experience successfully!','2023-06-13 21:34:19','2023-06-13 21:34:19'),(1837,1,'en','plugins/job-board/account','experiences.update','Updated experience successfully!','2023-06-13 21:34:19','2023-06-13 21:34:19'),(1838,1,'en','plugins/job-board/account','experiences.delete','Deleted experience successfully!','2023-06-13 21:34:19','2023-06-13 21:34:19'),(1839,1,'en','plugins/job-board/account','import.name','Import Accounts','2023-06-13 21:34:19','2023-06-13 21:34:19'),(1840,1,'en','plugins/job-board/account','export.name','Export Accounts','2023-06-13 21:34:19','2023-06-13 21:34:19'),(1841,1,'en','plugins/job-board/account','export.total','Total Accounts','2023-06-13 21:34:19','2023-06-13 21:34:19'),(1842,1,'en','plugins/job-board/career-level','name','Career levels','2023-06-13 21:34:19','2023-06-13 21:34:19'),(1843,1,'en','plugins/job-board/career-level','create','New career level','2023-06-13 21:34:19','2023-06-13 21:34:19'),(1844,1,'en','plugins/job-board/company','name','Companies','2023-06-13 21:34:19','2023-06-13 21:34:19'),(1845,1,'en','plugins/job-board/company','create','New company','2023-06-13 21:34:19','2023-06-13 21:34:19'),(1846,1,'en','plugins/job-board/currency','currencies','Currencies','2023-06-13 21:34:19','2023-06-13 21:34:19'),(1847,1,'en','plugins/job-board/currency','setting_description','List of currencies using on website','2023-06-13 21:34:19','2023-06-13 21:34:19'),(1848,1,'en','plugins/job-board/currency','name','Name','2023-06-13 21:34:19','2023-06-13 21:34:19'),(1849,1,'en','plugins/job-board/currency','symbol','Symbol','2023-06-13 21:34:19','2023-06-13 21:34:19'),(1850,1,'en','plugins/job-board/currency','number_of_decimals','Number of decimals','2023-06-13 21:34:19','2023-06-13 21:34:19'),(1851,1,'en','plugins/job-board/currency','exchange_rate','Exchange rate','2023-06-13 21:34:19','2023-06-13 21:34:19'),(1852,1,'en','plugins/job-board/currency','is_prefix_symbol','Position of symbol','2023-06-13 21:34:19','2023-06-13 21:34:19'),(1853,1,'en','plugins/job-board/currency','is_default','Is default?','2023-06-13 21:34:19','2023-06-13 21:34:19'),(1854,1,'en','plugins/job-board/currency','remove','Remove','2023-06-13 21:34:19','2023-06-13 21:34:19'),(1855,1,'en','plugins/job-board/currency','new_currency','Add a new currency','2023-06-13 21:34:19','2023-06-13 21:34:19'),(1856,1,'en','plugins/job-board/currency','save_settings','Save settings','2023-06-13 21:34:19','2023-06-13 21:34:19'),(1857,1,'en','plugins/job-board/currency','before_number','Before number','2023-06-13 21:34:19','2023-06-13 21:34:19'),(1858,1,'en','plugins/job-board/currency','after_number','After number','2023-06-13 21:34:19','2023-06-13 21:34:19'),(1859,1,'en','plugins/job-board/currency','require_at_least_one_currency','The system requires at least one currency!','2023-06-13 21:34:19','2023-06-13 21:34:19'),(1860,1,'en','plugins/job-board/currency','enable_auto_detect_visitor_currency','Enable auto-detect visitor currency?','2023-06-13 21:34:19','2023-06-13 21:34:19'),(1861,1,'en','plugins/job-board/currency','auto_detect_visitor_currency_description','It detects visitor currency based on browser language. It will override default currency selection.','2023-06-13 21:34:19','2023-06-13 21:34:19'),(1862,1,'en','plugins/job-board/currency','add_space_between_price_and_currency','Add a space between price and currency?','2023-06-13 21:34:19','2023-06-13 21:34:19'),(1863,1,'en','plugins/job-board/currency','invalid_currency_name','Invalid currency code, it must be in :currencies.','2023-06-13 21:34:19','2023-06-13 21:34:19'),(1864,1,'en','plugins/job-board/currency','instruction','Please check list currency code here: https://en.wikipedia.org/wiki/ISO_4217','2023-06-13 21:34:19','2023-06-13 21:34:19'),(1865,1,'en','plugins/job-board/currency','code','Code','2023-06-13 21:34:19','2023-06-13 21:34:19'),(1866,1,'en','plugins/job-board/custom-fields','name','Custom Fields','2023-06-13 21:34:19','2023-06-13 21:34:19'),(1867,1,'en','plugins/job-board/custom-fields','create','Create','2023-06-13 21:34:19','2023-06-13 21:34:19'),(1868,1,'en','plugins/job-board/custom-fields','edit','Edit :name','2023-06-13 21:34:19','2023-06-13 21:34:19'),(1869,1,'en','plugins/job-board/custom-fields','type','Type','2023-06-13 21:34:19','2023-06-13 21:34:19'),(1870,1,'en','plugins/job-board/custom-fields','options','Options','2023-06-13 21:34:19','2023-06-13 21:34:19'),(1871,1,'en','plugins/job-board/custom-fields','option.label','Label','2023-06-13 21:34:19','2023-06-13 21:34:19'),(1872,1,'en','plugins/job-board/custom-fields','option.value','Value','2023-06-13 21:34:19','2023-06-13 21:34:19'),(1873,1,'en','plugins/job-board/custom-fields','option.add_row','Add new row','2023-06-13 21:34:19','2023-06-13 21:34:19'),(1874,1,'en','plugins/job-board/custom-fields','option.add_from_global','Add global custom field','2023-06-13 21:34:19','2023-06-13 21:34:19'),(1875,1,'en','plugins/job-board/custom-fields','modal.heading','Add new custom field','2023-06-13 21:34:19','2023-06-13 21:34:19'),(1876,1,'en','plugins/job-board/custom-fields','modal.select_field','Select field','2023-06-13 21:34:19','2023-06-13 21:34:19'),(1877,1,'en','plugins/job-board/custom-fields','modal.button','Add new','2023-06-13 21:34:19','2023-06-13 21:34:19'),(1878,1,'en','plugins/job-board/custom-fields','enums.fields.text','Text','2023-06-13 21:34:19','2023-06-13 21:34:19'),(1879,1,'en','plugins/job-board/custom-fields','enums.fields.dropdown','Dropdown','2023-06-13 21:34:19','2023-06-13 21:34:19'),(1880,1,'en','plugins/job-board/custom-fields','ask_for_select','Please select a custom field','2023-06-13 21:34:19','2023-06-13 21:34:19'),(1881,1,'en','plugins/job-board/custom-fields','add_a_new_custom_field','Add a new custom field','2023-06-13 21:34:19','2023-06-13 21:34:19'),(1882,1,'en','plugins/job-board/dashboard','joined_on','Joined :date','2023-06-13 21:34:19','2023-06-13 21:34:19'),(1883,1,'en','plugins/job-board/dashboard','dob','Born :date','2023-06-13 21:34:19','2023-06-13 21:34:19'),(1884,1,'en','plugins/job-board/dashboard','email','Email','2023-06-13 21:34:19','2023-06-13 21:34:19'),(1885,1,'en','plugins/job-board/dashboard','password','Password','2023-06-13 21:34:19','2023-06-13 21:34:19'),(1886,1,'en','plugins/job-board/dashboard','password-confirmation','Confirm Password','2023-06-13 21:34:19','2023-06-13 21:34:19'),(1887,1,'en','plugins/job-board/dashboard','remember-me','Remember Me','2023-06-13 21:34:19','2023-06-13 21:34:19'),(1888,1,'en','plugins/job-board/dashboard','login-title','Login','2023-06-13 21:34:19','2023-06-13 21:34:19'),(1889,1,'en','plugins/job-board/dashboard','login-cta','Login','2023-06-13 21:34:19','2023-06-13 21:34:19'),(1890,1,'en','plugins/job-board/dashboard','register-title','Register','2023-06-13 21:34:19','2023-06-13 21:34:19'),(1891,1,'en','plugins/job-board/dashboard','register-cta','Register','2023-06-13 21:34:19','2023-06-13 21:34:19'),(1892,1,'en','plugins/job-board/dashboard','forgot-password-cta','Forgot Your Password?','2023-06-13 21:34:19','2023-06-13 21:34:19'),(1893,1,'en','plugins/job-board/dashboard','name','Name','2023-06-13 21:34:19','2023-06-13 21:34:19'),(1894,1,'en','plugins/job-board/dashboard','reset-password-title','Reset Password','2023-06-13 21:34:19','2023-06-13 21:34:19'),(1895,1,'en','plugins/job-board/dashboard','reset-password-cta','Reset Password','2023-06-13 21:34:19','2023-06-13 21:34:19'),(1896,1,'en','plugins/job-board/dashboard','cancel-link','Cancel','2023-06-13 21:34:19','2023-06-13 21:34:19'),(1897,1,'en','plugins/job-board/dashboard','logout-cta','Logout','2023-06-13 21:34:19','2023-06-13 21:34:19'),(1898,1,'en','plugins/job-board/dashboard','header_profile_link','Profile','2023-06-13 21:34:19','2023-06-13 21:34:19'),(1899,1,'en','plugins/job-board/dashboard','header_settings_link','Settings','2023-06-13 21:34:19','2023-06-13 21:34:19'),(1900,1,'en','plugins/job-board/dashboard','header_logout_link','Logout','2023-06-13 21:34:19','2023-06-13 21:34:19'),(1901,1,'en','plugins/job-board/dashboard','unknown_state','Unknown','2023-06-13 21:34:19','2023-06-13 21:34:19'),(1902,1,'en','plugins/job-board/dashboard','close','Close','2023-06-13 21:34:19','2023-06-13 21:34:19'),(1903,1,'en','plugins/job-board/dashboard','save','Save','2023-06-13 21:34:19','2023-06-13 21:34:19'),(1904,1,'en','plugins/job-board/dashboard','loading','Loading...','2023-06-13 21:34:19','2023-06-13 21:34:19'),(1905,1,'en','plugins/job-board/dashboard','new_image','New image','2023-06-13 21:34:19','2023-06-13 21:34:19'),(1906,1,'en','plugins/job-board/dashboard','change_profile_image','Change avatar','2023-06-13 21:34:19','2023-06-13 21:34:19'),(1907,1,'en','plugins/job-board/dashboard','save_cropped_image_failed','Save cropped image failed!','2023-06-13 21:34:19','2023-06-13 21:34:19'),(1908,1,'en','plugins/job-board/dashboard','failed_to_crop_image','Failed to crop image','2023-06-13 21:34:19','2023-06-13 21:34:19'),(1909,1,'en','plugins/job-board/dashboard','failed_to_load_data','Failed to load data','2023-06-13 21:34:19','2023-06-13 21:34:19'),(1910,1,'en','plugins/job-board/dashboard','read_image_failed','Read image failed','2023-06-13 21:34:19','2023-06-13 21:34:19'),(1911,1,'en','plugins/job-board/dashboard','update_avatar_success','Update avatar successfully!','2023-06-13 21:34:19','2023-06-13 21:34:19'),(1912,1,'en','plugins/job-board/dashboard','change_avatar_description','Click on image to change avatar','2023-06-13 21:34:19','2023-06-13 21:34:19'),(1913,1,'en','plugins/job-board/dashboard','notices.error','Error!','2023-06-13 21:34:19','2023-06-13 21:34:19'),(1914,1,'en','plugins/job-board/dashboard','notices.success','Success!','2023-06-13 21:34:19','2023-06-13 21:34:19'),(1915,1,'en','plugins/job-board/dashboard','sidebar_title','Personal settings','2023-06-13 21:34:19','2023-06-13 21:34:19'),(1916,1,'en','plugins/job-board/dashboard','sidebar_information','Account Information','2023-06-13 21:34:19','2023-06-13 21:34:19'),(1917,1,'en','plugins/job-board/dashboard','sidebar_security','Security','2023-06-13 21:34:19','2023-06-13 21:34:19'),(1918,1,'en','plugins/job-board/dashboard','sidebar_packages','Packages','2023-06-13 21:34:19','2023-06-13 21:34:19'),(1919,1,'en','plugins/job-board/dashboard','sidebar_transactions','Transactions','2023-06-13 21:34:19','2023-06-13 21:34:19'),(1920,1,'en','plugins/job-board/dashboard','account_field_title','Account Information','2023-06-13 21:34:19','2023-06-13 21:34:19'),(1921,1,'en','plugins/job-board/dashboard','profile-picture','Profile picture','2023-06-13 21:34:19','2023-06-13 21:34:19'),(1922,1,'en','plugins/job-board/dashboard','uploading','Uploading...','2023-06-13 21:34:19','2023-06-13 21:34:19'),(1923,1,'en','plugins/job-board/dashboard','phone','Phone','2023-06-13 21:34:19','2023-06-13 21:34:19'),(1924,1,'en','plugins/job-board/dashboard','first_name','First name','2023-06-13 21:34:19','2023-06-13 21:34:19'),(1925,1,'en','plugins/job-board/dashboard','last_name','Last name','2023-06-13 21:34:19','2023-06-13 21:34:19'),(1926,1,'en','plugins/job-board/dashboard','description','Description','2023-06-13 21:34:19','2023-06-13 21:34:19'),(1927,1,'en','plugins/job-board/dashboard','description_placeholder','Tell something about yourself...','2023-06-13 21:34:19','2023-06-13 21:34:19'),(1928,1,'en','plugins/job-board/dashboard','verified','Verified','2023-06-13 21:34:19','2023-06-13 21:34:19'),(1929,1,'en','plugins/job-board/dashboard','verify_require_desc','Please verify email by link we sent to you.','2023-06-13 21:34:19','2023-06-13 21:34:19'),(1930,1,'en','plugins/job-board/dashboard','birthday','Birthday','2023-06-13 21:34:19','2023-06-13 21:34:19'),(1931,1,'en','plugins/job-board/dashboard','year_lc','year','2023-06-13 21:34:19','2023-06-13 21:34:19'),(1932,1,'en','plugins/job-board/dashboard','month_lc','month','2023-06-13 21:34:19','2023-06-13 21:34:19'),(1933,1,'en','plugins/job-board/dashboard','day_lc','day','2023-06-13 21:34:19','2023-06-13 21:34:19'),(1934,1,'en','plugins/job-board/dashboard','gender','Gender','2023-06-13 21:34:19','2023-06-13 21:34:19'),(1935,1,'en','plugins/job-board/dashboard','gender_male','Male','2023-06-13 21:34:19','2023-06-13 21:34:19'),(1936,1,'en','plugins/job-board/dashboard','gender_female','Female','2023-06-13 21:34:19','2023-06-13 21:34:19'),(1937,1,'en','plugins/job-board/dashboard','gender_other','Other','2023-06-13 21:34:19','2023-06-13 21:34:19'),(1938,1,'en','plugins/job-board/dashboard','security_title','Security','2023-06-13 21:34:19','2023-06-13 21:34:19'),(1939,1,'en','plugins/job-board/dashboard','packages_title','Packages','2023-06-13 21:34:19','2023-06-13 21:34:19'),(1940,1,'en','plugins/job-board/dashboard','transactions_title','Transactions','2023-06-13 21:34:19','2023-06-13 21:34:19'),(1941,1,'en','plugins/job-board/dashboard','current_password','Current password','2023-06-13 21:34:20','2023-06-13 21:34:20'),(1942,1,'en','plugins/job-board/dashboard','password_new','New password','2023-06-13 21:34:20','2023-06-13 21:34:20'),(1943,1,'en','plugins/job-board/dashboard','password_new_confirmation','Confirmation password','2023-06-13 21:34:20','2023-06-13 21:34:20'),(1944,1,'en','plugins/job-board/dashboard','password_update_btn','Update password','2023-06-13 21:34:20','2023-06-13 21:34:20'),(1945,1,'en','plugins/job-board/dashboard','current_password_incorrect','The current password is incorrect!','2023-06-13 21:34:20','2023-06-13 21:34:20'),(1946,1,'en','plugins/job-board/dashboard','password_update_success','Updated password successfully!','2023-06-13 21:34:20','2023-06-13 21:34:20'),(1947,1,'en','plugins/job-board/dashboard','activity_logs','Activity Logs','2023-06-13 21:34:20','2023-06-13 21:34:20'),(1948,1,'en','plugins/job-board/dashboard','oops','Oops!','2023-06-13 21:34:20','2023-06-13 21:34:20'),(1949,1,'en','plugins/job-board/dashboard','no_activity_logs','You have no activity logs yet','2023-06-13 21:34:20','2023-06-13 21:34:20'),(1950,1,'en','plugins/job-board/dashboard','actions.create_job','You have created job \":name\"','2023-06-13 21:34:20','2023-06-13 21:34:20'),(1951,1,'en','plugins/job-board/dashboard','actions.update_job','You have updated job \":name\"','2023-06-13 21:34:20','2023-06-13 21:34:20'),(1952,1,'en','plugins/job-board/dashboard','actions.delete_job','You have deleted job \":name\"','2023-06-13 21:34:20','2023-06-13 21:34:20'),(1953,1,'en','plugins/job-board/dashboard','actions.renew_job','You have renewed job \":name\"','2023-06-13 21:34:20','2023-06-13 21:34:20'),(1954,1,'en','plugins/job-board/dashboard','actions.update_setting','You have updated your settings','2023-06-13 21:34:20','2023-06-13 21:34:20'),(1955,1,'en','plugins/job-board/dashboard','actions.update_security','You have updated your security settings','2023-06-13 21:34:20','2023-06-13 21:34:20'),(1956,1,'en','plugins/job-board/dashboard','actions.your_job_updated_by_admin','Your job \":name\" is updated by administrator','2023-06-13 21:34:20','2023-06-13 21:34:20'),(1957,1,'en','plugins/job-board/dashboard','actions.changed_avatar','You have changed your avatar','2023-06-13 21:34:20','2023-06-13 21:34:20'),(1958,1,'en','plugins/job-board/dashboard','actions.update_company','You have updated company \":name\"','2023-06-13 21:34:20','2023-06-13 21:34:20'),(1959,1,'en','plugins/job-board/dashboard','actions.create_company','You have created company \":name\"','2023-06-13 21:34:20','2023-06-13 21:34:20'),(1960,1,'en','plugins/job-board/dashboard','actions.delete_company','You have deleted company \":name\"','2023-06-13 21:34:20','2023-06-13 21:34:20'),(1961,1,'en','plugins/job-board/dashboard','load_more','Load more','2023-06-13 21:34:20','2023-06-13 21:34:20'),(1962,1,'en','plugins/job-board/dashboard','loading_more','Loading...','2023-06-13 21:34:20','2023-06-13 21:34:20'),(1963,1,'en','plugins/job-board/dashboard','back-to-login','Back to login page','2023-06-13 21:34:20','2023-06-13 21:34:20'),(1964,1,'en','plugins/job-board/dashboard','no_transactions','No transactions','2023-06-13 21:34:20','2023-06-13 21:34:20'),(1965,1,'en','plugins/job-board/dashboard','company_profile','Company profile','2023-06-13 21:34:20','2023-06-13 21:34:20'),(1966,1,'en','plugins/job-board/dashboard','logo','Logo (~500x500)','2023-06-13 21:34:20','2023-06-13 21:34:20'),(1967,1,'en','plugins/job-board/dashboard','cover_image','Cover image (~1920x300)','2023-06-13 21:34:20','2023-06-13 21:34:20'),(1968,1,'en','plugins/job-board/dashboard','website','Website','2023-06-13 21:34:20','2023-06-13 21:34:20'),(1969,1,'en','plugins/job-board/dashboard','address','Address','2023-06-13 21:34:20','2023-06-13 21:34:20'),(1970,1,'en','plugins/job-board/dashboard','ceo','CEO','2023-06-13 21:34:20','2023-06-13 21:34:20'),(1971,1,'en','plugins/job-board/dashboard','resume','Resume','2023-06-13 21:34:20','2023-06-13 21:34:20'),(1972,1,'en','plugins/job-board/dashboard','resend','Resend','2023-06-13 21:34:20','2023-06-13 21:34:20'),(1973,1,'en','plugins/job-board/dashboard','active_jobs','Active jobs','2023-06-13 21:34:20','2023-06-13 21:34:20'),(1974,1,'en','plugins/job-board/dashboard','expired_jobs','Expired jobs','2023-06-13 21:34:20','2023-06-13 21:34:20'),(1975,1,'en','plugins/job-board/dashboard','draft_jobs','Rejected jobs','2023-06-13 21:34:20','2023-06-13 21:34:20'),(1976,1,'en','plugins/job-board/dashboard','jobs','Jobs','2023-06-13 21:34:20','2023-06-13 21:34:20'),(1977,1,'en','plugins/job-board/dashboard','post_a_job','Post a Job','2023-06-13 21:34:20','2023-06-13 21:34:20'),(1978,1,'en','plugins/job-board/dashboard','your_credits','Your Credits','2023-06-13 21:34:20','2023-06-13 21:34:20'),(1979,1,'en','plugins/job-board/dashboard','credits','credits','2023-06-13 21:34:20','2023-06-13 21:34:20'),(1980,1,'en','plugins/job-board/dashboard','purchase','Purchase','2023-06-13 21:34:20','2023-06-13 21:34:20'),(1981,1,'en','plugins/job-board/dashboard','type','Type','2023-06-13 21:34:20','2023-06-13 21:34:20'),(1982,1,'en','plugins/job-board/dashboard','cover_letter','Cover letter','2023-06-13 21:34:20','2023-06-13 21:34:20'),(1983,1,'en','plugins/job-board/degree-level','name','Degree levels','2023-06-13 21:34:20','2023-06-13 21:34:20'),(1984,1,'en','plugins/job-board/degree-level','create','New degree level','2023-06-13 21:34:20','2023-06-13 21:34:20'),(1985,1,'en','plugins/job-board/degree-type','name','Degree types','2023-06-13 21:34:20','2023-06-13 21:34:20'),(1986,1,'en','plugins/job-board/degree-type','create','New degree type','2023-06-13 21:34:20','2023-06-13 21:34:20'),(1987,1,'en','plugins/job-board/degree-type','degree-level','Degree level','2023-06-13 21:34:20','2023-06-13 21:34:20'),(1988,1,'en','plugins/job-board/export','jobs.name','Export Jobs','2023-06-13 21:34:20','2023-06-13 21:34:20'),(1989,1,'en','plugins/job-board/export','jobs.total_jobs','Total Jobs','2023-06-13 21:34:20','2023-06-13 21:34:20'),(1990,1,'en','plugins/job-board/export','companies.name','Export Companies','2023-06-13 21:34:20','2023-06-13 21:34:20'),(1991,1,'en','plugins/job-board/export','companies.total_companies','Total Companies','2023-06-13 21:34:20','2023-06-13 21:34:20'),(1992,1,'en','plugins/job-board/export','start_export','Start Export','2023-06-13 21:34:20','2023-06-13 21:34:20'),(1993,1,'en','plugins/job-board/export','exporting','Exporting...','2023-06-13 21:34:20','2023-06-13 21:34:20'),(1994,1,'en','plugins/job-board/functional-area','name','Functional areas','2023-06-13 21:34:20','2023-06-13 21:34:20'),(1995,1,'en','plugins/job-board/functional-area','create','New functional area','2023-06-13 21:34:20','2023-06-13 21:34:20'),(1996,1,'en','plugins/job-board/import','name','Import Jobs','2023-06-13 21:34:20','2023-06-13 21:34:20'),(1997,1,'en','plugins/job-board/import','choose_file','Choose file','2023-06-13 21:34:20','2023-06-13 21:34:20'),(1998,1,'en','plugins/job-board/import','choose_file_description','Choose file with mimes: :types.','2023-06-13 21:34:20','2023-06-13 21:34:20'),(1999,1,'en','plugins/job-board/import','import_success_message','Imported successfully.','2023-06-13 21:34:20','2023-06-13 21:34:20'),(2000,1,'en','plugins/job-board/import','import_failed_message','Import failed, please check the errors below!','2023-06-13 21:34:20','2023-06-13 21:34:20'),(2001,1,'en','plugins/job-board/import','row','Row','2023-06-13 21:34:20','2023-06-13 21:34:20'),(2002,1,'en','plugins/job-board/import','attribute','Attribute','2023-06-13 21:34:20','2023-06-13 21:34:20'),(2003,1,'en','plugins/job-board/import','errors','Errors','2023-06-13 21:34:20','2023-06-13 21:34:20'),(2004,1,'en','plugins/job-board/import','failures','Failures','2023-06-13 21:34:20','2023-06-13 21:34:20'),(2005,1,'en','plugins/job-board/import','results','Result: :success success(es), :failed failure(s)','2023-06-13 21:34:20','2023-06-13 21:34:20'),(2006,1,'en','plugins/job-board/import','rules','Rules','2023-06-13 21:34:20','2023-06-13 21:34:20'),(2007,1,'en','plugins/job-board/import','column','Column','2023-06-13 21:34:20','2023-06-13 21:34:20'),(2008,1,'en','plugins/job-board/import','template','Sample template','2023-06-13 21:34:20','2023-06-13 21:34:20'),(2009,1,'en','plugins/job-board/import','download_csv_file','Download CSV file','2023-06-13 21:34:20','2023-06-13 21:34:20'),(2010,1,'en','plugins/job-board/import','download_excel_file','Download Excel file','2023-06-13 21:34:20','2023-06-13 21:34:20'),(2011,1,'en','plugins/job-board/import','downloading','Downloading','2023-06-13 21:34:20','2023-06-13 21:34:20'),(2012,1,'en','plugins/job-board/import','company.name','Import Companies','2023-06-13 21:34:20','2023-06-13 21:34:20'),(2013,1,'en','plugins/job-board/invoice-template','name','Invoice template','2023-06-13 21:34:20','2023-06-13 21:34:20'),(2014,1,'en','plugins/job-board/invoice-template','setting','Invoice Settings','2023-06-13 21:34:20','2023-06-13 21:34:20'),(2015,1,'en','plugins/job-board/invoice-template','setting_description','Settings for Invoice template','2023-06-13 21:34:20','2023-06-13 21:34:20'),(2016,1,'en','plugins/job-board/invoice-template','setting_content','Content','2023-06-13 21:34:20','2023-06-13 21:34:20'),(2017,1,'en','plugins/job-board/invoice-template','preview','Preview','2023-06-13 21:34:20','2023-06-13 21:34:20'),(2018,1,'en','plugins/job-board/invoice-template','preview_heading','Preview Invoice template','2023-06-13 21:34:20','2023-06-13 21:34:20'),(2019,1,'en','plugins/job-board/invoice','name','Invoices','2023-06-13 21:34:20','2023-06-13 21:34:20'),(2020,1,'en','plugins/job-board/invoice','create','New invoice','2023-06-13 21:34:20','2023-06-13 21:34:20'),(2021,1,'en','plugins/job-board/invoice','edit','Edit invoice','2023-06-13 21:34:20','2023-06-13 21:34:20'),(2022,1,'en','plugins/job-board/invoice','print','Print Invoice','2023-06-13 21:34:20','2023-06-13 21:34:20'),(2023,1,'en','plugins/job-board/invoice','download','Download Invoice','2023-06-13 21:34:20','2023-06-13 21:34:20'),(2024,1,'en','plugins/job-board/invoice','heading','Invoice','2023-06-13 21:34:20','2023-06-13 21:34:20'),(2025,1,'en','plugins/job-board/invoice','invoice_for_job','','2023-06-13 21:34:20','2023-06-13 21:34:20'),(2026,1,'en','plugins/job-board/invoice','table.code','Code','2023-06-13 21:34:20','2023-06-13 21:34:20'),(2027,1,'en','plugins/job-board/invoice','table.amount','Amount','2023-06-13 21:34:20','2023-06-13 21:34:20'),(2028,1,'en','plugins/job-board/invoice','detail.invoice_for','Invoice For','2023-06-13 21:34:20','2023-06-13 21:34:20'),(2029,1,'en','plugins/job-board/invoice','detail.invoice_to','Invoice To','2023-06-13 21:34:20','2023-06-13 21:34:20'),(2030,1,'en','plugins/job-board/invoice','detail.tax_id','Tax ID','2023-06-13 21:34:20','2023-06-13 21:34:20'),(2031,1,'en','plugins/job-board/invoice','detail.code','Invoice Code','2023-06-13 21:34:20','2023-06-13 21:34:20'),(2032,1,'en','plugins/job-board/invoice','detail.issue_at','Issue At','2023-06-13 21:34:20','2023-06-13 21:34:20'),(2033,1,'en','plugins/job-board/invoice','detail.description','Description','2023-06-13 21:34:20','2023-06-13 21:34:20'),(2034,1,'en','plugins/job-board/invoice','detail.qty','Qty','2023-06-13 21:34:20','2023-06-13 21:34:20'),(2035,1,'en','plugins/job-board/invoice','detail.amount','Amount','2023-06-13 21:34:20','2023-06-13 21:34:20'),(2036,1,'en','plugins/job-board/invoice','detail.discount','Discount','2023-06-13 21:34:20','2023-06-13 21:34:20'),(2037,1,'en','plugins/job-board/invoice','detail.grand_total','Grand Total','2023-06-13 21:34:20','2023-06-13 21:34:20'),(2038,1,'en','plugins/job-board/invoice','detail.shipping_fee','Shipping Fee','2023-06-13 21:34:20','2023-06-13 21:34:20'),(2039,1,'en','plugins/job-board/invoice','detail.sub_total','Sub Total','2023-06-13 21:34:20','2023-06-13 21:34:20'),(2040,1,'en','plugins/job-board/invoice','detail.tax','Tax','2023-06-13 21:34:20','2023-06-13 21:34:20'),(2041,1,'en','plugins/job-board/invoice','detail.total','Total','2023-06-13 21:34:20','2023-06-13 21:34:20'),(2042,1,'en','plugins/job-board/invoice','total_amount','Total Amount','2023-06-13 21:34:20','2023-06-13 21:34:20'),(2043,1,'en','plugins/job-board/invoice','payment_info','Payment Info','2023-06-13 21:34:20','2023-06-13 21:34:20'),(2044,1,'en','plugins/job-board/invoice','payment_method','Payment Method','2023-06-13 21:34:20','2023-06-13 21:34:20'),(2045,1,'en','plugins/job-board/invoice','payment_status','Payment Status','2023-06-13 21:34:20','2023-06-13 21:34:20'),(2046,1,'en','plugins/job-board/job-application','name','Job Applications','2023-06-13 21:34:20','2023-06-13 21:34:20'),(2047,1,'en','plugins/job-board/job-application','edit','View job application','2023-06-13 21:34:20','2023-06-13 21:34:20'),(2048,1,'en','plugins/job-board/job-application','tables.email','Email','2023-06-13 21:34:20','2023-06-13 21:34:20'),(2049,1,'en','plugins/job-board/job-application','tables.phone','Phone','2023-06-13 21:34:20','2023-06-13 21:34:20'),(2050,1,'en','plugins/job-board/job-application','tables.name','Name','2023-06-13 21:34:20','2023-06-13 21:34:20'),(2051,1,'en','plugins/job-board/job-application','tables.first_name','First name','2023-06-13 21:34:20','2023-06-13 21:34:20'),(2052,1,'en','plugins/job-board/job-application','tables.last_name','Last name','2023-06-13 21:34:20','2023-06-13 21:34:20'),(2053,1,'en','plugins/job-board/job-application','tables.time','Time','2023-06-13 21:34:20','2023-06-13 21:34:20'),(2054,1,'en','plugins/job-board/job-application','tables.message','Summary','2023-06-13 21:34:20','2023-06-13 21:34:20'),(2055,1,'en','plugins/job-board/job-application','tables.resume','Resume','2023-06-13 21:34:20','2023-06-13 21:34:20'),(2056,1,'en','plugins/job-board/job-application','tables.cover_letter','Cover Letter','2023-06-13 21:34:20','2023-06-13 21:34:20'),(2057,1,'en','plugins/job-board/job-application','tables.position','Position','2023-06-13 21:34:20','2023-06-13 21:34:20'),(2058,1,'en','plugins/job-board/job-application','tables.download_resume','Download Resume','2023-06-13 21:34:20','2023-06-13 21:34:20'),(2059,1,'en','plugins/job-board/job-application','information','Information','2023-06-13 21:34:20','2023-06-13 21:34:20'),(2060,1,'en','plugins/job-board/job-application','email.header','Email','2023-06-13 21:34:20','2023-06-13 21:34:20'),(2061,1,'en','plugins/job-board/job-application','email.title','We received a new job application from the website!','2023-06-13 21:34:20','2023-06-13 21:34:20'),(2062,1,'en','plugins/job-board/job-application','email.success','Applied successfully!','2023-06-13 21:34:20','2023-06-13 21:34:20'),(2063,1,'en','plugins/job-board/job-application','email.failed','Can\'t apply on this time, please try again later!','2023-06-13 21:34:20','2023-06-13 21:34:20'),(2064,1,'en','plugins/job-board/job-application','sender','Sender','2023-06-13 21:34:20','2023-06-13 21:34:20'),(2065,1,'en','plugins/job-board/job-application','sender_email','Email','2023-06-13 21:34:20','2023-06-13 21:34:20'),(2066,1,'en','plugins/job-board/job-application','statuses.pending','Pending','2023-06-13 21:34:20','2023-06-13 21:34:20'),(2067,1,'en','plugins/job-board/job-application','statuses.checked','Checked','2023-06-13 21:34:20','2023-06-13 21:34:20'),(2068,1,'en','plugins/job-board/job-board','name','Job Board','2023-06-13 21:34:20','2023-06-13 21:34:20'),(2069,1,'en','plugins/job-board/job-board','settings','Settings','2023-06-13 21:34:20','2023-06-13 21:34:20'),(2070,1,'en','plugins/job-board/job-board','emails.title','Job Board','2023-06-13 21:34:20','2023-06-13 21:34:20'),(2071,1,'en','plugins/job-board/job-board','emails.description','Job Board email configuration','2023-06-13 21:34:20','2023-06-13 21:34:20'),(2072,1,'en','plugins/job-board/job-board','emails.templates.admin_new_job_application_title','New job application (to admin users)','2023-06-13 21:34:20','2023-06-13 21:34:20'),(2073,1,'en','plugins/job-board/job-board','emails.templates.admin_new_job_application_description','Email template to send notice to administrators when system get new job application','2023-06-13 21:34:20','2023-06-13 21:34:20'),(2074,1,'en','plugins/job-board/job-board','emails.templates.employer_new_job_application_title','New job application (to employer and colleagues)','2023-06-13 21:34:20','2023-06-13 21:34:20'),(2075,1,'en','plugins/job-board/job-board','emails.templates.employer_new_job_application_description','Email template to send notice to employer and colleagues when system get new job application','2023-06-13 21:34:20','2023-06-13 21:34:20'),(2076,1,'en','plugins/job-board/job-board','company_settings','Company settings','2023-06-13 21:34:20','2023-06-13 21:34:20'),(2077,1,'en','plugins/job-board/job-board','company_settings_description','Settings Company information for invoicing','2023-06-13 21:34:20','2023-06-13 21:34:20'),(2078,1,'en','plugins/job-board/job-board','other_settings','Other settings','2023-06-13 21:34:20','2023-06-13 21:34:20'),(2079,1,'en','plugins/job-board/job-board','other_settings_description','Settings for Job Board','2023-06-13 21:34:20','2023-06-13 21:34:20'),(2080,1,'en','plugins/job-board/job-board','setting.thousands_separator','Thousands separator','2023-06-13 21:34:20','2023-06-13 21:34:20'),(2081,1,'en','plugins/job-board/job-board','setting.decimal_separator','Decimal separator','2023-06-13 21:34:20','2023-06-13 21:34:20'),(2082,1,'en','plugins/job-board/job-board','setting.separator_period','Period (.)','2023-06-13 21:34:20','2023-06-13 21:34:20'),(2083,1,'en','plugins/job-board/job-board','setting.separator_comma','Comma (,)','2023-06-13 21:34:20','2023-06-13 21:34:20'),(2084,1,'en','plugins/job-board/job-board','setting.separator_space','Space ( )','2023-06-13 21:34:20','2023-06-13 21:34:20'),(2085,1,'en','plugins/job-board/job-board','setting.job_expired_after_days','Job Expired Time (days)','2023-06-13 21:34:20','2023-06-13 21:34:20'),(2086,1,'en','plugins/job-board/job-board','setting.enable_post_approval','Enable post approval?','2023-06-13 21:34:21','2023-06-13 21:34:21'),(2087,1,'en','plugins/job-board/job-board','setting.enable_credits_system','Enable credits system (employers need to buy credits to post their jobs)','2023-06-13 21:34:21','2023-06-13 21:34:21'),(2088,1,'en','plugins/job-board/job-board','setting.display_views_count_in_detail_page','Display views count in the detail page?','2023-06-13 21:34:21','2023-06-13 21:34:21'),(2089,1,'en','plugins/job-board/job-board','setting.enable_recaptcha_in_register_page','Enable Recaptcha in the registration page?','2023-06-13 21:34:21','2023-06-13 21:34:21'),(2090,1,'en','plugins/job-board/job-board','setting.enable_recaptcha_in_pages_description','Need to setup Captcha in Admin -> Settings -> General first.','2023-06-13 21:34:21','2023-06-13 21:34:21'),(2091,1,'en','plugins/job-board/job-board','setting.verify_account_email','Verify account\'s email?','2023-06-13 21:34:21','2023-06-13 21:34:21'),(2092,1,'en','plugins/job-board/job-board','setting.verify_account_created_company','Verify account\'s created company?','2023-06-13 21:34:21','2023-06-13 21:34:21'),(2093,1,'en','plugins/job-board/job-board','setting.enabled_register_as_employer','Allow visitors to register as employer and post their jobs?','2023-06-13 21:34:21','2023-06-13 21:34:21'),(2094,1,'en','plugins/job-board/job-board','setting.enable_recaptcha_in_apply_job','Enable Recaptcha in the apply job?','2023-06-13 21:34:21','2023-06-13 21:34:21'),(2095,1,'en','plugins/job-board/job-board','setting.add_space_between_price_and_currency','Add a space between price and currency?','2023-06-13 21:34:21','2023-06-13 21:34:21'),(2096,1,'en','plugins/job-board/job-board','setting.enable_guest_apply','Enable guest apply?','2023-06-13 21:34:21','2023-06-13 21:34:21'),(2097,1,'en','plugins/job-board/job-board','setting.enable_review_feature','Enable review feature?','2023-06-13 21:34:21','2023-06-13 21:34:21'),(2098,1,'en','plugins/job-board/job-board','setting.default_account_avatar','Default account avatar','2023-06-13 21:34:21','2023-06-13 21:34:21'),(2099,1,'en','plugins/job-board/job-board','setting.default_account_avatar_helper','It\'s used in case users don\'t have an avatar.','2023-06-13 21:34:21','2023-06-13 21:34:21'),(2100,1,'en','plugins/job-board/job-board','setting.invoicing.company_name','Company name','2023-06-13 21:34:21','2023-06-13 21:34:21'),(2101,1,'en','plugins/job-board/job-board','setting.invoicing.company_address','Company address','2023-06-13 21:34:21','2023-06-13 21:34:21'),(2102,1,'en','plugins/job-board/job-board','setting.invoicing.company_email','Company email','2023-06-13 21:34:21','2023-06-13 21:34:21'),(2103,1,'en','plugins/job-board/job-board','setting.invoicing.company_phone','Company phone','2023-06-13 21:34:21','2023-06-13 21:34:21'),(2104,1,'en','plugins/job-board/job-board','setting.invoicing.company_logo','Company logo','2023-06-13 21:34:21','2023-06-13 21:34:21'),(2105,1,'en','plugins/job-board/job-board','setting.using_custom_font_for_invoice','Using custom font for invoice?','2023-06-13 21:34:21','2023-06-13 21:34:21'),(2106,1,'en','plugins/job-board/job-board','setting.invoice_font_family','Invoice font family (Only work for Latin language)','2023-06-13 21:34:21','2023-06-13 21:34:21'),(2107,1,'en','plugins/job-board/job-board','setting.enable_invoice_stamp','Enable invoice stamp?','2023-06-13 21:34:21','2023-06-13 21:34:21'),(2108,1,'en','plugins/job-board/job-board','setting.invoice_support_arabic_language','Support Arabic language in invoice?','2023-06-13 21:34:21','2023-06-13 21:34:21'),(2109,1,'en','plugins/job-board/job-board','setting.invoice_code_prefix','Invoice code prefix','2023-06-13 21:34:21','2023-06-13 21:34:21'),(2110,1,'en','plugins/job-board/job-board','setting.job_location_display','Job location display?','2023-06-13 21:34:21','2023-06-13 21:34:21'),(2111,1,'en','plugins/job-board/job-board','setting.state_and_country','State & Country','2023-06-13 21:34:21','2023-06-13 21:34:21'),(2112,1,'en','plugins/job-board/job-board','setting.city_and_state','City & State','2023-06-13 21:34:21','2023-06-13 21:34:21'),(2113,1,'en','plugins/job-board/job-board','setting.city_state_and_country','City, State & Country','2023-06-13 21:34:21','2023-06-13 21:34:21'),(2114,1,'en','plugins/job-board/job-board','setting.disabled_public_profile','Disable public profile?','2023-06-13 21:34:21','2023-06-13 21:34:21'),(2115,1,'en','plugins/job-board/job-board','job-attributes','Job Attributes','2023-06-13 21:34:21','2023-06-13 21:34:21'),(2116,1,'en','plugins/job-board/job-board','theme_options.name','Job Board','2023-06-13 21:34:21','2023-06-13 21:34:21'),(2117,1,'en','plugins/job-board/job-board','theme_options.description','Theme options for Job Board','2023-06-13 21:34:21','2023-06-13 21:34:21'),(2118,1,'en','plugins/job-board/job-board','theme_options.logo_employer_dashboard','Logo in the employer dashboard (Default is the main logo)','2023-06-13 21:34:21','2023-06-13 21:34:21'),(2119,1,'en','plugins/job-board/job-board','theme_options.default_company_cover_image','Default company cover image','2023-06-13 21:34:21','2023-06-13 21:34:21'),(2120,1,'en','plugins/job-board/job-board','theme_options.default_company_logo','Default company logo (Default is the main logo)','2023-06-13 21:34:21','2023-06-13 21:34:21'),(2121,1,'en','plugins/job-board/job-board','theme_options.job_companies_page_id','Job companies page','2023-06-13 21:34:21','2023-06-13 21:34:21'),(2122,1,'en','plugins/job-board/job-board','theme_options.job_categories_page_id','Job categories page','2023-06-13 21:34:21','2023-06-13 21:34:21'),(2123,1,'en','plugins/job-board/job-board','theme_options.job_candidates_page_id','Job candidates page','2023-06-13 21:34:21','2023-06-13 21:34:21'),(2124,1,'en','plugins/job-board/job-board','theme_options.job_list_page_id','Job list page','2023-06-13 21:34:21','2023-06-13 21:34:21'),(2125,1,'en','plugins/job-board/job-board','jobs_page','Jobs Page','2023-06-13 21:34:21','2023-06-13 21:34:21'),(2126,1,'en','plugins/job-board/job-board','categories_page','Job Categories Page','2023-06-13 21:34:21','2023-06-13 21:34:21'),(2127,1,'en','plugins/job-board/job-board','companies_page','Job Companies Page','2023-06-13 21:34:21','2023-06-13 21:34:21'),(2128,1,'en','plugins/job-board/job-board','candidates_page','Job Candidates Page','2023-06-13 21:34:21','2023-06-13 21:34:21'),(2129,1,'en','plugins/job-board/job-category','name','Job categories','2023-06-13 21:34:21','2023-06-13 21:34:21'),(2130,1,'en','plugins/job-board/job-category','create','New category','2023-06-13 21:34:21','2023-06-13 21:34:21'),(2131,1,'en','plugins/job-board/job-category','none','None','2023-06-13 21:34:21','2023-06-13 21:34:21'),(2132,1,'en','plugins/job-board/job-experience','name','Job experiences','2023-06-13 21:34:21','2023-06-13 21:34:21'),(2133,1,'en','plugins/job-board/job-experience','create','New job experience','2023-06-13 21:34:21','2023-06-13 21:34:21'),(2134,1,'en','plugins/job-board/job-shift','name','Job shifts','2023-06-13 21:34:21','2023-06-13 21:34:21'),(2135,1,'en','plugins/job-board/job-shift','create','New job shift','2023-06-13 21:34:21','2023-06-13 21:34:21'),(2136,1,'en','plugins/job-board/job-skill','name','Job skills','2023-06-13 21:34:21','2023-06-13 21:34:21'),(2137,1,'en','plugins/job-board/job-skill','create','New job skill','2023-06-13 21:34:21','2023-06-13 21:34:21'),(2138,1,'en','plugins/job-board/job-type','name','Job types','2023-06-13 21:34:21','2023-06-13 21:34:21'),(2139,1,'en','plugins/job-board/job-type','create','New job type','2023-06-13 21:34:21','2023-06-13 21:34:21'),(2140,1,'en','plugins/job-board/job','name','Jobs','2023-06-13 21:34:21','2023-06-13 21:34:21'),(2141,1,'en','plugins/job-board/job','create','New job','2023-06-13 21:34:21','2023-06-13 21:34:21'),(2142,1,'en','plugins/job-board/job','moderation_status','Moderation status','2023-06-13 21:34:21','2023-06-13 21:34:21'),(2143,1,'en','plugins/job-board/job','statuses.draft','Draft','2023-06-13 21:34:21','2023-06-13 21:34:21'),(2144,1,'en','plugins/job-board/job','statuses.pending','Pending','2023-06-13 21:34:21','2023-06-13 21:34:21'),(2145,1,'en','plugins/job-board/job','statuses.published','Published','2023-06-13 21:34:21','2023-06-13 21:34:21'),(2146,1,'en','plugins/job-board/job','statuses.closed','Closed','2023-06-13 21:34:21','2023-06-13 21:34:21'),(2147,1,'en','plugins/job-board/job','moderation_statuses.pending','Pending','2023-06-13 21:34:21','2023-06-13 21:34:21'),(2148,1,'en','plugins/job-board/job','moderation_statuses.approved','Approved','2023-06-13 21:34:21','2023-06-13 21:34:21'),(2149,1,'en','plugins/job-board/job','moderation_statuses.rejected','Rejected','2023-06-13 21:34:21','2023-06-13 21:34:21'),(2150,1,'en','plugins/job-board/job','salary_periods.hourly','Hourly','2023-06-13 21:34:21','2023-06-13 21:34:21'),(2151,1,'en','plugins/job-board/job','salary_periods.weekly','Weekly','2023-06-13 21:34:21','2023-06-13 21:34:21'),(2152,1,'en','plugins/job-board/job','salary_periods.monthly','Monthly','2023-06-13 21:34:21','2023-06-13 21:34:21'),(2153,1,'en','plugins/job-board/job','salary_periods.yearly','Yearly','2023-06-13 21:34:21','2023-06-13 21:34:21'),(2154,1,'en','plugins/job-board/job','analytics.total_views','Total views','2023-06-13 21:34:21','2023-06-13 21:34:21'),(2155,1,'en','plugins/job-board/job','analytics.views_today','Views today','2023-06-13 21:34:21','2023-06-13 21:34:21'),(2156,1,'en','plugins/job-board/job','analytics.number_of_favorites','Number of favorites','2023-06-13 21:34:21','2023-06-13 21:34:21'),(2157,1,'en','plugins/job-board/job','analytics.applicants','Applicants','2023-06-13 21:34:21','2023-06-13 21:34:21'),(2158,1,'en','plugins/job-board/job','tags','Tags','2023-06-13 21:34:21','2023-06-13 21:34:21'),(2159,1,'en','plugins/job-board/job','write_some_tags','Write some tags','2023-06-13 21:34:21','2023-06-13 21:34:21'),(2160,1,'en','plugins/job-board/language-level','name','Language levels','2023-06-13 21:34:21','2023-06-13 21:34:21'),(2161,1,'en','plugins/job-board/language-level','create','New language level','2023-06-13 21:34:21','2023-06-13 21:34:21'),(2162,1,'en','plugins/job-board/major-subject','name','Major subjects','2023-06-13 21:34:21','2023-06-13 21:34:21'),(2163,1,'en','plugins/job-board/major-subject','create','New major subject','2023-06-13 21:34:21','2023-06-13 21:34:21'),(2164,1,'en','plugins/job-board/package','name','Packages','2023-06-13 21:34:21','2023-06-13 21:34:21'),(2165,1,'en','plugins/job-board/package','create','New package','2023-06-13 21:34:21','2023-06-13 21:34:21'),(2166,1,'en','plugins/job-board/package','price','Price','2023-06-13 21:34:21','2023-06-13 21:34:21'),(2167,1,'en','plugins/job-board/package','currency','Currency','2023-06-13 21:34:21','2023-06-13 21:34:21'),(2168,1,'en','plugins/job-board/package','percent_save','Percent save','2023-06-13 21:34:21','2023-06-13 21:34:21'),(2169,1,'en','plugins/job-board/package','number_of_listings','Number of listings','2023-06-13 21:34:21','2023-06-13 21:34:21'),(2170,1,'en','plugins/job-board/package','add_credit_success','Add credit successfully!','2023-06-13 21:34:21','2023-06-13 21:34:21'),(2171,1,'en','plugins/job-board/package','setup_payment_methods','Please setup payment methods (PayPal, Stripe, COD, Bank transfer)','2023-06-13 21:34:21','2023-06-13 21:34:21'),(2172,1,'en','plugins/job-board/package','add_credit_warning','Please add your credit to create your own posts here:','2023-06-13 21:34:21','2023-06-13 21:34:21'),(2173,1,'en','plugins/job-board/package','add_credit','Add credit','2023-06-13 21:34:21','2023-06-13 21:34:21'),(2174,1,'en','plugins/job-board/package','account_limit','Limit purchase by account','2023-06-13 21:34:21','2023-06-13 21:34:21'),(2175,1,'en','plugins/job-board/package','account_limit_placeholder','An account can purchase x times','2023-06-13 21:34:21','2023-06-13 21:34:21'),(2176,1,'en','plugins/job-board/package','subscribe_package','Subscribe package','2023-06-13 21:34:21','2023-06-13 21:34:21'),(2177,1,'en','plugins/job-board/package','add_credit_alert','Please add your credit to create your own posts.','2023-06-13 21:34:21','2023-06-13 21:34:21'),(2178,1,'en','plugins/job-board/result-type','name','Result types','2023-06-13 21:34:21','2023-06-13 21:34:21'),(2179,1,'en','plugins/job-board/result-type','create','New result type','2023-06-13 21:34:21','2023-06-13 21:34:21'),(2180,1,'en','plugins/job-board/review','name','Reviews','2023-06-13 21:34:21','2023-06-13 21:34:21'),(2181,1,'en','plugins/job-board/review','company','Company','2023-06-13 21:34:21','2023-06-13 21:34:21'),(2182,1,'en','plugins/job-board/review','user','User','2023-06-13 21:34:21','2023-06-13 21:34:21'),(2183,1,'en','plugins/job-board/review','star','Star','2023-06-13 21:34:21','2023-06-13 21:34:21'),(2184,1,'en','plugins/job-board/review','review','Review','2023-06-13 21:34:21','2023-06-13 21:34:21'),(2185,1,'en','plugins/job-board/review','status','Status','2023-06-13 21:34:21','2023-06-13 21:34:21'),(2186,1,'en','plugins/job-board/review','account_or_company','Account/Company','2023-06-13 21:34:21','2023-06-13 21:34:21'),(2187,1,'en','plugins/job-board/review','reviewed_by','Reviewed by','2023-06-13 21:34:21','2023-06-13 21:34:21'),(2188,1,'en','plugins/job-board/tag','name','Job tags','2023-06-13 21:34:21','2023-06-13 21:34:21'),(2189,1,'en','plugins/job-board/tag','create','New tag','2023-06-13 21:34:21','2023-06-13 21:34:21'),(2190,1,'en','plugins/language/language','name','Languages','2023-06-13 21:34:21','2023-06-13 21:34:21'),(2191,1,'en','plugins/language/language','choose_language','Choose a language','2023-06-13 21:34:21','2023-06-13 21:34:21'),(2192,1,'en','plugins/language/language','select_language','Select language','2023-06-13 21:34:21','2023-06-13 21:34:21'),(2193,1,'en','plugins/language/language','choose_language_helper','You can choose a language in the list or directly edit it below.','2023-06-13 21:34:21','2023-06-13 21:34:21'),(2194,1,'en','plugins/language/language','language_name','Language name','2023-06-13 21:34:21','2023-06-13 21:34:21'),(2195,1,'en','plugins/language/language','language_name_helper','The name is how it is displayed on your site (for example: English).','2023-06-13 21:34:21','2023-06-13 21:34:21'),(2196,1,'en','plugins/language/language','locale','Locale','2023-06-13 21:34:21','2023-06-13 21:34:21'),(2197,1,'en','plugins/language/language','locale_helper','Laravel Locale for the language (for example: <code>en</code>).','2023-06-13 21:34:21','2023-06-13 21:34:21'),(2198,1,'en','plugins/language/language','language_code','Language code','2023-06-13 21:34:21','2023-06-13 21:34:21'),(2199,1,'en','plugins/language/language','language_code_helper','Language code - preferably 2-letters ISO 639-1 (for example: en)','2023-06-13 21:34:21','2023-06-13 21:34:21'),(2200,1,'en','plugins/language/language','text_direction','Text direction','2023-06-13 21:34:21','2023-06-13 21:34:21'),(2201,1,'en','plugins/language/language','text_direction_helper','Choose the text direction for the language','2023-06-13 21:34:21','2023-06-13 21:34:21'),(2202,1,'en','plugins/language/language','left_to_right','Left to right','2023-06-13 21:34:21','2023-06-13 21:34:21'),(2203,1,'en','plugins/language/language','right_to_left','Right to left','2023-06-13 21:34:21','2023-06-13 21:34:21'),(2204,1,'en','plugins/language/language','flag','Flag','2023-06-13 21:34:21','2023-06-13 21:34:21'),(2205,1,'en','plugins/language/language','flag_helper','Choose a flag for the language.','2023-06-13 21:34:21','2023-06-13 21:34:21'),(2206,1,'en','plugins/language/language','order','Order','2023-06-13 21:34:21','2023-06-13 21:34:21'),(2207,1,'en','plugins/language/language','order_helper','Position of the language in the language switcher','2023-06-13 21:34:21','2023-06-13 21:34:21'),(2208,1,'en','plugins/language/language','add_new_language','Add new language','2023-06-13 21:34:21','2023-06-13 21:34:21'),(2209,1,'en','plugins/language/language','code','Code','2023-06-13 21:34:21','2023-06-13 21:34:21'),(2210,1,'en','plugins/language/language','default_language','Is default?','2023-06-13 21:34:21','2023-06-13 21:34:21'),(2211,1,'en','plugins/language/language','actions','Actions','2023-06-13 21:34:21','2023-06-13 21:34:21'),(2212,1,'en','plugins/language/language','translations','Translations','2023-06-13 21:34:21','2023-06-13 21:34:21'),(2213,1,'en','plugins/language/language','edit','Edit','2023-06-13 21:34:21','2023-06-13 21:34:21'),(2214,1,'en','plugins/language/language','edit_tooltip','Edit this language','2023-06-13 21:34:21','2023-06-13 21:34:21'),(2215,1,'en','plugins/language/language','delete','Delete','2023-06-13 21:34:21','2023-06-13 21:34:21'),(2216,1,'en','plugins/language/language','delete_tooltip','Delete this language and all its associated data','2023-06-13 21:34:21','2023-06-13 21:34:21'),(2217,1,'en','plugins/language/language','choose_default_language','Choose :language as default language','2023-06-13 21:34:21','2023-06-13 21:34:21'),(2218,1,'en','plugins/language/language','current_language','Current record\'s language','2023-06-13 21:34:21','2023-06-13 21:34:21'),(2219,1,'en','plugins/language/language','edit_related','Edit related language for this record','2023-06-13 21:34:21','2023-06-13 21:34:21'),(2220,1,'en','plugins/language/language','add_language_for_item','Add other language version for this record','2023-06-13 21:34:21','2023-06-13 21:34:21'),(2221,1,'en','plugins/language/language','settings','Settings','2023-06-13 21:34:21','2023-06-13 21:34:21'),(2222,1,'en','plugins/language/language','language_hide_default','Hide default language from URL?','2023-06-13 21:34:21','2023-06-13 21:34:21'),(2223,1,'en','plugins/language/language','language_display_flag_only','Flag only','2023-06-13 21:34:21','2023-06-13 21:34:21'),(2224,1,'en','plugins/language/language','language_display_name_only','Name only','2023-06-13 21:34:21','2023-06-13 21:34:21'),(2225,1,'en','plugins/language/language','language_display_all','Display all flag and name','2023-06-13 21:34:21','2023-06-13 21:34:21'),(2226,1,'en','plugins/language/language','language_display','Language display','2023-06-13 21:34:21','2023-06-13 21:34:21'),(2227,1,'en','plugins/language/language','switcher_display','Switcher language display','2023-06-13 21:34:21','2023-06-13 21:34:21'),(2228,1,'en','plugins/language/language','language_switcher_display_dropdown','Dropdown','2023-06-13 21:34:21','2023-06-13 21:34:21'),(2229,1,'en','plugins/language/language','language_switcher_display_list','List','2023-06-13 21:34:21','2023-06-13 21:34:21'),(2230,1,'en','plugins/language/language','current_language_edit_notification','You are editing \"<strong class=\"current_language_text\">:language</strong>\" version','2023-06-13 21:34:21','2023-06-13 21:34:21'),(2231,1,'en','plugins/language/language','confirm-change-language','Confirm change language','2023-06-13 21:34:21','2023-06-13 21:34:21'),(2232,1,'en','plugins/language/language','confirm-change-language-message','Do you really want to change language to \"<strong class=\"change_to_language_text\"></strong>\" ? This action will be override \"<strong class=\"change_to_language_text\"></strong>\" version if it\'s existed!','2023-06-13 21:34:21','2023-06-13 21:34:21'),(2233,1,'en','plugins/language/language','confirm-change-language-btn','Confirm change','2023-06-13 21:34:21','2023-06-13 21:34:21'),(2234,1,'en','plugins/language/language','hide_languages','Hide languages','2023-06-13 21:34:21','2023-06-13 21:34:21'),(2235,1,'en','plugins/language/language','hide_languages_description','You can completely hide content in specific languages from visitors and search engines, but still view it yourself. This allows reviewing translations that are in progress.','2023-06-13 21:34:21','2023-06-13 21:34:21'),(2236,1,'en','plugins/language/language','hide_languages_helper_display_hidden','{0} All languages are currently displayed.|{1} :language is currently hidden to visitors.|[2, Inf] :language are currently hidden to visitors.','2023-06-13 21:34:21','2023-06-13 21:34:21'),(2237,1,'en','plugins/language/language','show_all','Show all','2023-06-13 21:34:21','2023-06-13 21:34:21'),(2238,1,'en','plugins/language/language','change_language','Language','2023-06-13 21:34:21','2023-06-13 21:34:21'),(2239,1,'en','plugins/language/language','language_show_default_item_if_current_version_not_existed','Show item in default language if it is not existed in current language','2023-06-13 21:34:21','2023-06-13 21:34:21'),(2240,1,'en','plugins/language/language','select_flag','Select a flag...','2023-06-13 21:34:21','2023-06-13 21:34:21'),(2241,1,'en','plugins/language/language','delete_confirmation_message','Do you really want to delete this language? It also deletes all items in this language and cannot rollback!','2023-06-13 21:34:21','2023-06-13 21:34:21'),(2242,1,'en','plugins/language/language','added_already','This language was added already!','2023-06-13 21:34:21','2023-06-13 21:34:21'),(2243,1,'en','plugins/language/language','language_auto_detect_user_language','Auto detect user language?','2023-06-13 21:34:21','2023-06-13 21:34:21'),(2244,1,'en','plugins/location/bulk-import','name','Bulk Import','2023-06-13 21:34:21','2023-06-13 21:34:21'),(2245,1,'en','plugins/location/bulk-import','loading_text','Importing','2023-06-13 21:34:22','2023-06-13 21:34:22'),(2246,1,'en','plugins/location/bulk-import','imported_successfully','Imported successfully.','2023-06-13 21:34:22','2023-06-13 21:34:22'),(2247,1,'en','plugins/location/bulk-import','please_choose_the_file_mime','Please choose the file mime :types','2023-06-13 21:34:22','2023-06-13 21:34:22'),(2248,1,'en','plugins/location/bulk-import','please_choose_the_file','Please choose the file','2023-06-13 21:34:22','2023-06-13 21:34:22'),(2249,1,'en','plugins/location/bulk-import','start_import','Start Import','2023-06-13 21:34:22','2023-06-13 21:34:22'),(2250,1,'en','plugins/location/bulk-import','note','Note!','2023-06-13 21:34:22','2023-06-13 21:34:22'),(2251,1,'en','plugins/location/bulk-import','warning_before_importing','If this is your first time using this feature, please read the documentation or contact the Administrator for access to the correct functionality!','2023-06-13 21:34:22','2023-06-13 21:34:22'),(2252,1,'en','plugins/location/bulk-import','results','Result: :success successes, :failed failures','2023-06-13 21:34:22','2023-06-13 21:34:22'),(2253,1,'en','plugins/location/bulk-import','failures','Failures','2023-06-13 21:34:22','2023-06-13 21:34:22'),(2254,1,'en','plugins/location/bulk-import','tables.import','Import','2023-06-13 21:34:22','2023-06-13 21:34:22'),(2255,1,'en','plugins/location/bulk-import','template','Template','2023-06-13 21:34:22','2023-06-13 21:34:22'),(2256,1,'en','plugins/location/bulk-import','rules','Rules','2023-06-13 21:34:22','2023-06-13 21:34:22'),(2257,1,'en','plugins/location/bulk-import','choose_file_with_mime','Choose file with mime: (:types)','2023-06-13 21:34:22','2023-06-13 21:34:22'),(2258,1,'en','plugins/location/bulk-import','choose_file','Choose file','2023-06-13 21:34:22','2023-06-13 21:34:22'),(2259,1,'en','plugins/location/bulk-import','menu','Import locations','2023-06-13 21:34:22','2023-06-13 21:34:22'),(2260,1,'en','plugins/location/bulk-import','download-csv-file','Download CSV template','2023-06-13 21:34:22','2023-06-13 21:34:22'),(2261,1,'en','plugins/location/bulk-import','download-excel-file','Download Excel template','2023-06-13 21:34:22','2023-06-13 21:34:22'),(2262,1,'en','plugins/location/bulk-import','downloading','Downloading...','2023-06-13 21:34:22','2023-06-13 21:34:22'),(2263,1,'en','plugins/location/bulk-import','export.template.input_error','Input error','2023-06-13 21:34:22','2023-06-13 21:34:22'),(2264,1,'en','plugins/location/bulk-import','export.template.number_not_allowed','Number is not allowed!','2023-06-13 21:34:22','2023-06-13 21:34:22'),(2265,1,'en','plugins/location/bulk-import','export.template.allowed_input','Allowed input','2023-06-13 21:34:22','2023-06-13 21:34:22'),(2266,1,'en','plugins/location/bulk-import','export.template.prompt_decimal','Only numbers or decimals are accepted and greater than or equal to :min.','2023-06-13 21:34:22','2023-06-13 21:34:22'),(2267,1,'en','plugins/location/bulk-import','export.template.prompt_whole_number','Only numbers are accepted and greater than or equal to :min.','2023-06-13 21:34:22','2023-06-13 21:34:22'),(2268,1,'en','plugins/location/bulk-import','export.template.prompt_list','Please pick a value from the drop-down list.','2023-06-13 21:34:22','2023-06-13 21:34:22'),(2269,1,'en','plugins/location/bulk-import','export.template.pick_from_list','Pick from list','2023-06-13 21:34:22','2023-06-13 21:34:22'),(2270,1,'en','plugins/location/bulk-import','export.template.value_not_in_list','Value is not in list.','2023-06-13 21:34:22','2023-06-13 21:34:22'),(2271,1,'en','plugins/location/bulk-import','export.template.max_text_length','Max text length','2023-06-13 21:34:22','2023-06-13 21:34:22'),(2272,1,'en','plugins/location/bulk-import','export.template.prompt_max_text_length','Only accept text with length less than or equal to :max.','2023-06-13 21:34:22','2023-06-13 21:34:22'),(2273,1,'en','plugins/location/bulk-import','import_failed_description','Import failed, please check the errors below!','2023-06-13 21:34:22','2023-06-13 21:34:22'),(2274,1,'en','plugins/location/bulk-import','available_enable_multi_language','Only available when you enable \"Is Multi Language?\"','2023-06-13 21:34:22','2023-06-13 21:34:22'),(2275,1,'en','plugins/location/bulk-import','import_type_required_if','The :attribute field is required when \"Import Type\" is :value.','2023-06-13 21:34:22','2023-06-13 21:34:22'),(2276,1,'en','plugins/location/bulk-import','import_available_data','Import available data','2023-06-13 21:34:22','2023-06-13 21:34:22'),(2277,1,'en','plugins/location/bulk-import','import','Import','2023-06-13 21:34:22','2023-06-13 21:34:22'),(2278,1,'en','plugins/location/bulk-import','import_available_data_confirmation','Import available data confirmation','2023-06-13 21:34:22','2023-06-13 21:34:22'),(2279,1,'en','plugins/location/bulk-import','import_available_data_confirmation_content','Do you really want to import states/cities for this country?','2023-06-13 21:34:22','2023-06-13 21:34:22'),(2280,1,'en','plugins/location/city','name','Cities','2023-06-13 21:34:22','2023-06-13 21:34:22'),(2281,1,'en','plugins/location/city','create','New city','2023-06-13 21:34:22','2023-06-13 21:34:22'),(2282,1,'en','plugins/location/city','state','State','2023-06-13 21:34:22','2023-06-13 21:34:22'),(2283,1,'en','plugins/location/city','select_state','Select state...','2023-06-13 21:34:22','2023-06-13 21:34:22'),(2284,1,'en','plugins/location/city','select_city','Select city...','2023-06-13 21:34:22','2023-06-13 21:34:22'),(2285,1,'en','plugins/location/city','country','Country','2023-06-13 21:34:22','2023-06-13 21:34:22'),(2286,1,'en','plugins/location/city','select_country','Select country...','2023-06-13 21:34:22','2023-06-13 21:34:22'),(2287,1,'en','plugins/location/city','city','City','2023-06-13 21:34:22','2023-06-13 21:34:22'),(2288,1,'en','plugins/location/country','name','Countries','2023-06-13 21:34:22','2023-06-13 21:34:22'),(2289,1,'en','plugins/location/country','create','New country','2023-06-13 21:34:22','2023-06-13 21:34:22'),(2290,1,'en','plugins/location/country','nationality','Nationality','2023-06-13 21:34:22','2023-06-13 21:34:22'),(2291,1,'en','plugins/location/country','code','Country ISO code','2023-06-13 21:34:22','2023-06-13 21:34:22'),(2292,1,'en','plugins/location/country','code_placeholder','ISO country code, uppercase. Ex: US.','2023-06-13 21:34:22','2023-06-13 21:34:22'),(2293,1,'en','plugins/location/country','code_helper','Find country ISO code from here: https://en.wikipedia.org/wiki/List_of_ISO_3166_country_codes','2023-06-13 21:34:22','2023-06-13 21:34:22'),(2294,1,'en','plugins/location/location','name','Locations','2023-06-13 21:34:22','2023-06-13 21:34:22'),(2295,1,'en','plugins/location/location','all_states','All states','2023-06-13 21:34:22','2023-06-13 21:34:22'),(2296,1,'en','plugins/location/location','abbreviation','Abbreviation','2023-06-13 21:34:22','2023-06-13 21:34:22'),(2297,1,'en','plugins/location/location','abbreviation_placeholder','E.g: CA','2023-06-13 21:34:22','2023-06-13 21:34:22'),(2298,1,'en','plugins/location/location','exporting','Exporting','2023-06-13 21:34:22','2023-06-13 21:34:22'),(2299,1,'en','plugins/location/location','total_country','Total countries','2023-06-13 21:34:22','2023-06-13 21:34:22'),(2300,1,'en','plugins/location/location','total_state','Total states','2023-06-13 21:34:22','2023-06-13 21:34:22'),(2301,1,'en','plugins/location/location','total_city','Total cities','2023-06-13 21:34:22','2023-06-13 21:34:22'),(2302,1,'en','plugins/location/location','export_location','Export location','2023-06-13 21:34:22','2023-06-13 21:34:22'),(2303,1,'en','plugins/location/location','start_export','Start exporting','2023-06-13 21:34:22','2023-06-13 21:34:22'),(2304,1,'en','plugins/location/state','name','States','2023-06-13 21:34:22','2023-06-13 21:34:22'),(2305,1,'en','plugins/location/state','create','New state','2023-06-13 21:34:22','2023-06-13 21:34:22'),(2306,1,'en','plugins/location/state','country','Country','2023-06-13 21:34:22','2023-06-13 21:34:22'),(2307,1,'en','plugins/location/state','select_country','Select a country...','2023-06-13 21:34:22','2023-06-13 21:34:22'),(2308,1,'en','plugins/location/state','state','State','2023-06-13 21:34:22','2023-06-13 21:34:22'),(2309,1,'en','plugins/newsletter/newsletter','name','Newsletters','2023-06-13 21:34:22','2023-06-13 21:34:22'),(2310,1,'en','plugins/newsletter/newsletter','settings.email.templates.title','Newsletter','2023-06-13 21:34:22','2023-06-13 21:34:22'),(2311,1,'en','plugins/newsletter/newsletter','settings.email.templates.description','Config newsletter email templates','2023-06-13 21:34:22','2023-06-13 21:34:22'),(2312,1,'en','plugins/newsletter/newsletter','settings.email.templates.to_admin.title','Email send to admin','2023-06-13 21:34:22','2023-06-13 21:34:22'),(2313,1,'en','plugins/newsletter/newsletter','settings.email.templates.to_admin.description','Template for sending email to admin','2023-06-13 21:34:22','2023-06-13 21:34:22'),(2314,1,'en','plugins/newsletter/newsletter','settings.email.templates.to_user.title','Email send to user','2023-06-13 21:34:22','2023-06-13 21:34:22'),(2315,1,'en','plugins/newsletter/newsletter','settings.email.templates.to_user.description','Template for sending email to subscriber','2023-06-13 21:34:22','2023-06-13 21:34:22'),(2316,1,'en','plugins/newsletter/newsletter','settings.title','Newsletter','2023-06-13 21:34:22','2023-06-13 21:34:22'),(2317,1,'en','plugins/newsletter/newsletter','settings.description','Settings for newsletter (auto send newsletter email to SendGrid, Mailchimp... when someone register newsletter on website).','2023-06-13 21:34:22','2023-06-13 21:34:22'),(2318,1,'en','plugins/newsletter/newsletter','settings.mailchimp_api_key','Mailchimp API Key','2023-06-13 21:34:22','2023-06-13 21:34:22'),(2319,1,'en','plugins/newsletter/newsletter','settings.mailchimp_list_id','Mailchimp List ID','2023-06-13 21:34:22','2023-06-13 21:34:22'),(2320,1,'en','plugins/newsletter/newsletter','settings.mailchimp_list','Mailchimp List','2023-06-13 21:34:22','2023-06-13 21:34:22'),(2321,1,'en','plugins/newsletter/newsletter','settings.sendgrid_api_key','Sendgrid API Key','2023-06-13 21:34:22','2023-06-13 21:34:22'),(2322,1,'en','plugins/newsletter/newsletter','settings.sendgrid_list_id','Sendgrid List ID','2023-06-13 21:34:22','2023-06-13 21:34:22'),(2323,1,'en','plugins/newsletter/newsletter','settings.sendgrid_list','Sendgrid List','2023-06-13 21:34:22','2023-06-13 21:34:22'),(2324,1,'en','plugins/newsletter/newsletter','settings.enable_newsletter_contacts_list_api','Enable newsletter contacts list API?','2023-06-13 21:34:22','2023-06-13 21:34:22'),(2325,1,'en','plugins/newsletter/newsletter','statuses.subscribed','Subscribed','2023-06-13 21:34:22','2023-06-13 21:34:22'),(2326,1,'en','plugins/newsletter/newsletter','statuses.unsubscribed','Unsubscribed','2023-06-13 21:34:22','2023-06-13 21:34:22'),(2327,1,'en','plugins/payment/payment','payments','Payments','2023-06-13 21:34:22','2023-06-13 21:34:22'),(2328,1,'en','plugins/payment/payment','checkout_success','Checkout successfully!','2023-06-13 21:34:22','2023-06-13 21:34:22'),(2329,1,'en','plugins/payment/payment','view_payment','View payment #','2023-06-13 21:34:22','2023-06-13 21:34:22'),(2330,1,'en','plugins/payment/payment','charge_id','Charge ID','2023-06-13 21:34:22','2023-06-13 21:34:22'),(2331,1,'en','plugins/payment/payment','amount','Amount','2023-06-13 21:34:22','2023-06-13 21:34:22'),(2332,1,'en','plugins/payment/payment','currency','Currency','2023-06-13 21:34:22','2023-06-13 21:34:22'),(2333,1,'en','plugins/payment/payment','user','User','2023-06-13 21:34:22','2023-06-13 21:34:22'),(2334,1,'en','plugins/payment/payment','stripe','Stripe','2023-06-13 21:34:22','2023-06-13 21:34:22'),(2335,1,'en','plugins/payment/payment','paypal','PayPal','2023-06-13 21:34:22','2023-06-13 21:34:22'),(2336,1,'en','plugins/payment/payment','action','Action','2023-06-13 21:34:22','2023-06-13 21:34:22'),(2337,1,'en','plugins/payment/payment','payment_via_card','Payment via card','2023-06-13 21:34:22','2023-06-13 21:34:22'),(2338,1,'en','plugins/payment/payment','card_number','Card number','2023-06-13 21:34:22','2023-06-13 21:34:22'),(2339,1,'en','plugins/payment/payment','full_name','Full name','2023-06-13 21:34:22','2023-06-13 21:34:22'),(2340,1,'en','plugins/payment/payment','payment_via_paypal','Fast and safe online payment via PayPal.','2023-06-13 21:34:22','2023-06-13 21:34:22'),(2341,1,'en','plugins/payment/payment','mm_yy','MM/YY','2023-06-13 21:34:22','2023-06-13 21:34:22'),(2342,1,'en','plugins/payment/payment','cvc','CVC','2023-06-13 21:34:22','2023-06-13 21:34:22'),(2343,1,'en','plugins/payment/payment','details','Details','2023-06-13 21:34:22','2023-06-13 21:34:22'),(2344,1,'en','plugins/payment/payment','payer_name','Payer Name','2023-06-13 21:34:22','2023-06-13 21:34:22'),(2345,1,'en','plugins/payment/payment','email','Email','2023-06-13 21:34:22','2023-06-13 21:34:22'),(2346,1,'en','plugins/payment/payment','phone','Phone','2023-06-13 21:34:22','2023-06-13 21:34:22'),(2347,1,'en','plugins/payment/payment','country','Country','2023-06-13 21:34:22','2023-06-13 21:34:22'),(2348,1,'en','plugins/payment/payment','shipping_address','Shipping Address','2023-06-13 21:34:22','2023-06-13 21:34:22'),(2349,1,'en','plugins/payment/payment','payment_details','Payment Details','2023-06-13 21:34:22','2023-06-13 21:34:22'),(2350,1,'en','plugins/payment/payment','card','Card','2023-06-13 21:34:22','2023-06-13 21:34:22'),(2351,1,'en','plugins/payment/payment','address','Address','2023-06-13 21:34:22','2023-06-13 21:34:22'),(2352,1,'en','plugins/payment/payment','could_not_get_stripe_token','Could not get Stripe token to make a charge.','2023-06-13 21:34:22','2023-06-13 21:34:22'),(2353,1,'en','plugins/payment/payment','payment_id','Payment ID','2023-06-13 21:34:22','2023-06-13 21:34:22'),(2354,1,'en','plugins/payment/payment','payment_methods','Payment methods','2023-06-13 21:34:22','2023-06-13 21:34:22'),(2355,1,'en','plugins/payment/payment','transactions','Transactions','2023-06-13 21:34:22','2023-06-13 21:34:22'),(2356,1,'en','plugins/payment/payment','payment_methods_description','Setup payment methods for website','2023-06-13 21:34:22','2023-06-13 21:34:22'),(2357,1,'en','plugins/payment/payment','paypal_description','Customer can buy product and pay directly via PayPal','2023-06-13 21:34:22','2023-06-13 21:34:22'),(2358,1,'en','plugins/payment/payment','use','Use','2023-06-13 21:34:22','2023-06-13 21:34:22'),(2359,1,'en','plugins/payment/payment','stripe_description','Customer can buy product and pay directly using Visa, Credit card via Stripe','2023-06-13 21:34:22','2023-06-13 21:34:22'),(2360,1,'en','plugins/payment/payment','edit','Edit','2023-06-13 21:34:22','2023-06-13 21:34:22'),(2361,1,'en','plugins/payment/payment','settings','Settings','2023-06-13 21:34:22','2023-06-13 21:34:22'),(2362,1,'en','plugins/payment/payment','activate','Activate','2023-06-13 21:34:22','2023-06-13 21:34:22'),(2363,1,'en','plugins/payment/payment','deactivate','Deactivate','2023-06-13 21:34:22','2023-06-13 21:34:22'),(2364,1,'en','plugins/payment/payment','update','Update','2023-06-13 21:34:22','2023-06-13 21:34:22'),(2365,1,'en','plugins/payment/payment','configuration_instruction','Configuration instruction for :name','2023-06-13 21:34:22','2023-06-13 21:34:22'),(2366,1,'en','plugins/payment/payment','configuration_requirement','To use :name, you need','2023-06-13 21:34:22','2023-06-13 21:34:22'),(2367,1,'en','plugins/payment/payment','service_registration','Register with :name','2023-06-13 21:34:22','2023-06-13 21:34:22'),(2368,1,'en','plugins/payment/payment','after_service_registration_msg','After registration at :name, you will have Client ID, Client Secret','2023-06-13 21:34:22','2023-06-13 21:34:22'),(2369,1,'en','plugins/payment/payment','enter_client_id_and_secret','Enter Client ID, Secret into the box in right hand','2023-06-13 21:34:22','2023-06-13 21:34:22'),(2370,1,'en','plugins/payment/payment','method_name','Method name','2023-06-13 21:34:22','2023-06-13 21:34:22'),(2371,1,'en','plugins/payment/payment','please_provide_information','Please provide information','2023-06-13 21:34:22','2023-06-13 21:34:22'),(2372,1,'en','plugins/payment/payment','client_id','Client ID','2023-06-13 21:34:22','2023-06-13 21:34:22'),(2373,1,'en','plugins/payment/payment','client_secret','Client Secret','2023-06-13 21:34:22','2023-06-13 21:34:22'),(2374,1,'en','plugins/payment/payment','secret','Secret','2023-06-13 21:34:22','2023-06-13 21:34:22'),(2375,1,'en','plugins/payment/payment','stripe_key','Stripe Public Key','2023-06-13 21:34:22','2023-06-13 21:34:22'),(2376,1,'en','plugins/payment/payment','stripe_secret','Stripe Private Key','2023-06-13 21:34:22','2023-06-13 21:34:22'),(2377,1,'en','plugins/payment/payment','stripe_after_service_registration_msg','After registration at :name, you will have Public, Secret keys','2023-06-13 21:34:22','2023-06-13 21:34:22'),(2378,1,'en','plugins/payment/payment','stripe_enter_client_id_and_secret','Enter Public, Secret keys into the box in right hand','2023-06-13 21:34:22','2023-06-13 21:34:22'),(2379,1,'en','plugins/payment/payment','pay_online_via','Pay online via :name','2023-06-13 21:34:22','2023-06-13 21:34:22'),(2380,1,'en','plugins/payment/payment','sandbox_mode','Sandbox mode','2023-06-13 21:34:22','2023-06-13 21:34:22'),(2381,1,'en','plugins/payment/payment','deactivate_payment_method','Deactivate payment method','2023-06-13 21:34:22','2023-06-13 21:34:22'),(2382,1,'en','plugins/payment/payment','deactivate_payment_method_description','Do you really want to deactivate this payment method?','2023-06-13 21:34:22','2023-06-13 21:34:22'),(2383,1,'en','plugins/payment/payment','agree','Agree','2023-06-13 21:34:22','2023-06-13 21:34:22'),(2384,1,'en','plugins/payment/payment','name','Payments','2023-06-13 21:34:22','2023-06-13 21:34:22'),(2385,1,'en','plugins/payment/payment','create','New payment','2023-06-13 21:34:22','2023-06-13 21:34:22'),(2386,1,'en','plugins/payment/payment','go_back','Go back','2023-06-13 21:34:22','2023-06-13 21:34:22'),(2387,1,'en','plugins/payment/payment','information','Information','2023-06-13 21:34:22','2023-06-13 21:34:22'),(2388,1,'en','plugins/payment/payment','methods.paypal','PayPal','2023-06-13 21:34:22','2023-06-13 21:34:22'),(2389,1,'en','plugins/payment/payment','methods.cod','Cash on delivery (COD)','2023-06-13 21:34:22','2023-06-13 21:34:22'),(2390,1,'en','plugins/payment/payment','methods.bank_transfer','Bank transfer','2023-06-13 21:34:22','2023-06-13 21:34:22'),(2391,1,'en','plugins/payment/payment','statuses.pending','Pending','2023-06-13 21:34:22','2023-06-13 21:34:22'),(2392,1,'en','plugins/payment/payment','statuses.completed','Completed','2023-06-13 21:34:22','2023-06-13 21:34:22'),(2393,1,'en','plugins/payment/payment','statuses.refunding','Refunding','2023-06-13 21:34:22','2023-06-13 21:34:22'),(2394,1,'en','plugins/payment/payment','statuses.refunded','Refunded','2023-06-13 21:34:22','2023-06-13 21:34:22'),(2395,1,'en','plugins/payment/payment','statuses.fraud','Fraud','2023-06-13 21:34:22','2023-06-13 21:34:22'),(2396,1,'en','plugins/payment/payment','statuses.failed','Failed','2023-06-13 21:34:22','2023-06-13 21:34:22'),(2397,1,'en','plugins/payment/payment','payment_methods_instruction','Guide customers to pay directly. You can choose to pay by delivery or bank transfer','2023-06-13 21:34:22','2023-06-13 21:34:22'),(2398,1,'en','plugins/payment/payment','payment_method_description','Payment guide - (Displayed on the notice of successful purchase and payment page)','2023-06-13 21:34:22','2023-06-13 21:34:22'),(2399,1,'en','plugins/payment/payment','payment_via_cod','Cash on delivery (COD)','2023-06-13 21:34:22','2023-06-13 21:34:22'),(2400,1,'en','plugins/payment/payment','payment_via_bank_transfer','Bank transfer','2023-06-13 21:34:22','2023-06-13 21:34:22'),(2401,1,'en','plugins/payment/payment','payment_pending','Checkout successfully. Your payment is pending and will be checked by our staff.','2023-06-13 21:34:22','2023-06-13 21:34:22'),(2402,1,'en','plugins/payment/payment','created_at','Created At','2023-06-13 21:34:22','2023-06-13 21:34:22'),(2403,1,'en','plugins/payment/payment','payment_channel','Payment Channel','2023-06-13 21:34:22','2023-06-13 21:34:22'),(2404,1,'en','plugins/payment/payment','total','Total','2023-06-13 21:34:22','2023-06-13 21:34:22'),(2405,1,'en','plugins/payment/payment','status','Status','2023-06-13 21:34:22','2023-06-13 21:34:22'),(2406,1,'en','plugins/payment/payment','default_payment_method','Default payment method','2023-06-13 21:34:22','2023-06-13 21:34:22'),(2407,1,'en','plugins/payment/payment','turn_off_success','Turn off payment method successfully!','2023-06-13 21:34:22','2023-06-13 21:34:22'),(2408,1,'en','plugins/payment/payment','saved_payment_method_success','Saved payment method successfully!','2023-06-13 21:34:22','2023-06-13 21:34:22'),(2409,1,'en','plugins/payment/payment','saved_payment_settings_success','Saved payment settings successfully!','2023-06-13 21:34:22','2023-06-13 21:34:22'),(2410,1,'en','plugins/payment/payment','payment_name','Name','2023-06-13 21:34:22','2023-06-13 21:34:22'),(2411,1,'en','plugins/payment/payment','payment_not_found','Payment not found!','2023-06-13 21:34:22','2023-06-13 21:34:22'),(2412,1,'en','plugins/payment/payment','refunds.title','Refunds','2023-06-13 21:34:22','2023-06-13 21:34:22'),(2413,1,'en','plugins/payment/payment','refunds.id','ID','2023-06-13 21:34:22','2023-06-13 21:34:22'),(2414,1,'en','plugins/payment/payment','refunds.breakdowns','Breakdowns','2023-06-13 21:34:22','2023-06-13 21:34:22'),(2415,1,'en','plugins/payment/payment','refunds.gross_amount','Gross amount','2023-06-13 21:34:23','2023-06-13 21:34:23'),(2416,1,'en','plugins/payment/payment','refunds.paypal_fee','PayPal fee','2023-06-13 21:34:23','2023-06-13 21:34:23'),(2417,1,'en','plugins/payment/payment','refunds.net_amount','Net amount','2023-06-13 21:34:23','2023-06-13 21:34:23'),(2418,1,'en','plugins/payment/payment','refunds.total_refunded_amount','Total refunded amount','2023-06-13 21:34:23','2023-06-13 21:34:23'),(2419,1,'en','plugins/payment/payment','refunds.create_time','Create time','2023-06-13 21:34:23','2023-06-13 21:34:23'),(2420,1,'en','plugins/payment/payment','refunds.update_time','Update time','2023-06-13 21:34:23','2023-06-13 21:34:23'),(2421,1,'en','plugins/payment/payment','refunds.status','Status','2023-06-13 21:34:23','2023-06-13 21:34:23'),(2422,1,'en','plugins/payment/payment','refunds.description','Description','2023-06-13 21:34:23','2023-06-13 21:34:23'),(2423,1,'en','plugins/payment/payment','refunds.refunded_at','Refunded at','2023-06-13 21:34:23','2023-06-13 21:34:23'),(2424,1,'en','plugins/payment/payment','refunds.error_message','Error message','2023-06-13 21:34:23','2023-06-13 21:34:23'),(2425,1,'en','plugins/payment/payment','view_response_source','View response source','2023-06-13 21:34:23','2023-06-13 21:34:23'),(2426,1,'en','plugins/payment/payment','status_is_not_completed','Status is not COMPLETED','2023-06-13 21:34:23','2023-06-13 21:34:23'),(2427,1,'en','plugins/payment/payment','cannot_found_capture_id','Can not found capture id with payment detail','2023-06-13 21:34:23','2023-06-13 21:34:23'),(2428,1,'en','plugins/payment/payment','amount_refunded','Amount refunded','2023-06-13 21:34:23','2023-06-13 21:34:23'),(2429,1,'en','plugins/payment/payment','amount_remaining','Amount remaining','2023-06-13 21:34:23','2023-06-13 21:34:23'),(2430,1,'en','plugins/payment/payment','paid_at','Paid At','2023-06-13 21:34:23','2023-06-13 21:34:23'),(2431,1,'en','plugins/payment/payment','invalid_settings','Settings for :name are invalid!','2023-06-13 21:34:23','2023-06-13 21:34:23'),(2432,1,'en','plugins/payment/payment','view_transaction','Transaction \":charge_id\"','2023-06-13 21:34:23','2023-06-13 21:34:23'),(2433,1,'en','plugins/payment/payment','payment_description','Pay for your order #:order_id at :site_url','2023-06-13 21:34:23','2023-06-13 21:34:23'),(2434,1,'en','plugins/social-login/social-login','settings.title','Social Login settings','2023-06-13 21:34:23','2023-06-13 21:34:23'),(2435,1,'en','plugins/social-login/social-login','settings.description','Configure social login options','2023-06-13 21:34:23','2023-06-13 21:34:23'),(2436,1,'en','plugins/social-login/social-login','settings.facebook.title','Facebook login settings','2023-06-13 21:34:23','2023-06-13 21:34:23'),(2437,1,'en','plugins/social-login/social-login','settings.facebook.description','Enable/disable & configure app credentials for Facebook login','2023-06-13 21:34:23','2023-06-13 21:34:23'),(2438,1,'en','plugins/social-login/social-login','settings.facebook.app_id','App ID','2023-06-13 21:34:23','2023-06-13 21:34:23'),(2439,1,'en','plugins/social-login/social-login','settings.facebook.app_secret','App Secret','2023-06-13 21:34:23','2023-06-13 21:34:23'),(2440,1,'en','plugins/social-login/social-login','settings.facebook.helper','Please go to https://developers.facebook.com to create new app update App ID, App Secret. Callback URL is :callback','2023-06-13 21:34:23','2023-06-13 21:34:23'),(2441,1,'en','plugins/social-login/social-login','settings.google.title','Google login settings','2023-06-13 21:34:23','2023-06-13 21:34:23'),(2442,1,'en','plugins/social-login/social-login','settings.google.description','Enable/disable & configure app credentials for Google login','2023-06-13 21:34:23','2023-06-13 21:34:23'),(2443,1,'en','plugins/social-login/social-login','settings.google.app_id','App ID','2023-06-13 21:34:23','2023-06-13 21:34:23'),(2444,1,'en','plugins/social-login/social-login','settings.google.app_secret','App Secret','2023-06-13 21:34:23','2023-06-13 21:34:23'),(2445,1,'en','plugins/social-login/social-login','settings.google.helper','Please go to https://console.developers.google.com/apis/dashboard to create new app update App ID, App Secret. Callback URL is :callback','2023-06-13 21:34:23','2023-06-13 21:34:23'),(2446,1,'en','plugins/social-login/social-login','settings.github.title','Github login settings','2023-06-13 21:34:23','2023-06-13 21:34:23'),(2447,1,'en','plugins/social-login/social-login','settings.github.description','Enable/disable & configure app credentials for Github login','2023-06-13 21:34:23','2023-06-13 21:34:23'),(2448,1,'en','plugins/social-login/social-login','settings.github.app_id','App ID','2023-06-13 21:34:23','2023-06-13 21:34:23'),(2449,1,'en','plugins/social-login/social-login','settings.github.app_secret','App Secret','2023-06-13 21:34:23','2023-06-13 21:34:23'),(2450,1,'en','plugins/social-login/social-login','settings.github.helper','Please go to https://github.com/settings/developers to create new app update App ID, App Secret. Callback URL is :callback','2023-06-13 21:34:23','2023-06-13 21:34:23'),(2451,1,'en','plugins/social-login/social-login','settings.linkedin.title','Linkedin login settings','2023-06-13 21:34:23','2023-06-13 21:34:23'),(2452,1,'en','plugins/social-login/social-login','settings.linkedin.description','Enable/disable & configure app credentials for Linkedin login','2023-06-13 21:34:23','2023-06-13 21:34:23'),(2453,1,'en','plugins/social-login/social-login','settings.linkedin.app_id','App ID','2023-06-13 21:34:23','2023-06-13 21:34:23'),(2454,1,'en','plugins/social-login/social-login','settings.linkedin.app_secret','App Secret','2023-06-13 21:34:23','2023-06-13 21:34:23'),(2455,1,'en','plugins/social-login/social-login','settings.linkedin.helper','Please go to https://www.linkedin.com/developers/apps/new to create new app update App ID, App Secret. Callback URL is :callback','2023-06-13 21:34:23','2023-06-13 21:34:23'),(2456,1,'en','plugins/social-login/social-login','settings.enable','Enable?','2023-06-13 21:34:23','2023-06-13 21:34:23'),(2457,1,'en','plugins/social-login/social-login','menu','Social Login','2023-06-13 21:34:23','2023-06-13 21:34:23'),(2458,1,'en','plugins/testimonial/testimonial','name','Testimonials','2023-06-13 21:34:23','2023-06-13 21:34:23'),(2459,1,'en','plugins/testimonial/testimonial','create','New testimonial','2023-06-13 21:34:23','2023-06-13 21:34:23'),(2460,1,'en','plugins/testimonial/testimonial','company','Position/Company','2023-06-13 21:34:23','2023-06-13 21:34:23'),(2461,1,'en','plugins/translation/translation','translations','Translations','2023-06-13 21:34:23','2023-06-13 21:34:23'),(2462,1,'en','plugins/translation/translation','translations_description','Translate all words in system.','2023-06-13 21:34:23','2023-06-13 21:34:23'),(2463,1,'en','plugins/translation/translation','export_warning','Warning, translations are not visible until they are exported back to lang folder. Please use \"Publish translations\" button to apply changes.','2023-06-13 21:34:23','2023-06-13 21:34:23'),(2464,1,'en','plugins/translation/translation','import_done','Done importing, processed :counter items! Reload this page to refresh the groups!','2023-06-13 21:34:23','2023-06-13 21:34:23'),(2465,1,'en','plugins/translation/translation','translation_manager','Translations Manager','2023-06-13 21:34:23','2023-06-13 21:34:23'),(2466,1,'en','plugins/translation/translation','done_publishing','Done publishing the translations for group','2023-06-13 21:34:23','2023-06-13 21:34:23'),(2467,1,'en','plugins/translation/translation','append_translation','Append new translations','2023-06-13 21:34:23','2023-06-13 21:34:23'),(2468,1,'en','plugins/translation/translation','replace_translation','Replace existing translations','2023-06-13 21:34:23','2023-06-13 21:34:23'),(2469,1,'en','plugins/translation/translation','import_group','Import group','2023-06-13 21:34:23','2023-06-13 21:34:23'),(2470,1,'en','plugins/translation/translation','confirm_publish_group','Are you sure you want to publish the translations group \":group\"? This will overwrite existing language files.','2023-06-13 21:34:23','2023-06-13 21:34:23'),(2471,1,'en','plugins/translation/translation','publish_translations','Publish translations','2023-06-13 21:34:23','2023-06-13 21:34:23'),(2472,1,'en','plugins/translation/translation','back','Back','2023-06-13 21:34:23','2023-06-13 21:34:23'),(2473,1,'en','plugins/translation/translation','edit_title','Enter translation','2023-06-13 21:34:23','2023-06-13 21:34:23'),(2474,1,'en','plugins/translation/translation','choose_group_msg','Choose a group to display the group translations. If no groups are visible, make sure you have imported the translations.','2023-06-13 21:34:23','2023-06-13 21:34:23'),(2475,1,'en','plugins/translation/translation','choose_a_group','Choose a group','2023-06-13 21:34:23','2023-06-13 21:34:23'),(2476,1,'en','plugins/translation/translation','locales','Locales','2023-06-13 21:34:23','2023-06-13 21:34:23'),(2477,1,'en','plugins/translation/translation','theme-translations','Theme translations','2023-06-13 21:34:23','2023-06-13 21:34:23'),(2478,1,'en','plugins/translation/translation','admin-translations','Other translations','2023-06-13 21:34:23','2023-06-13 21:34:23'),(2479,1,'en','plugins/translation/translation','translate_from','Translate from','2023-06-13 21:34:23','2023-06-13 21:34:23'),(2480,1,'en','plugins/translation/translation','to','to','2023-06-13 21:34:23','2023-06-13 21:34:23'),(2481,1,'en','plugins/translation/translation','no_other_languages','No other language to translate!','2023-06-13 21:34:23','2023-06-13 21:34:23'),(2482,1,'en','plugins/translation/translation','edit','Edit','2023-06-13 21:34:23','2023-06-13 21:34:23'),(2483,1,'en','plugins/translation/translation','locale','Locale','2023-06-13 21:34:23','2023-06-13 21:34:23'),(2484,1,'en','plugins/translation/translation','locale_placeholder','Ex: en','2023-06-13 21:34:23','2023-06-13 21:34:23'),(2485,1,'en','plugins/translation/translation','name','Name','2023-06-13 21:34:23','2023-06-13 21:34:23'),(2486,1,'en','plugins/translation/translation','default_locale','Default locale?','2023-06-13 21:34:23','2023-06-13 21:34:23'),(2487,1,'en','plugins/translation/translation','actions','Actions','2023-06-13 21:34:23','2023-06-13 21:34:23'),(2488,1,'en','plugins/translation/translation','choose_language','Choose language','2023-06-13 21:34:23','2023-06-13 21:34:23'),(2489,1,'en','plugins/translation/translation','add_new_language','Add new language','2023-06-13 21:34:23','2023-06-13 21:34:23'),(2490,1,'en','plugins/translation/translation','select_language','Select language','2023-06-13 21:34:23','2023-06-13 21:34:23'),(2491,1,'en','plugins/translation/translation','flag','Flag','2023-06-13 21:34:23','2023-06-13 21:34:23'),(2492,1,'en','plugins/translation/translation','folder_is_not_writeable','Cannot write files! Folder :lang_path is not writable. Please chmod to make it writable!','2023-06-13 21:34:23','2023-06-13 21:34:23'),(2493,1,'en','plugins/translation/translation','delete','Delete','2023-06-13 21:34:23','2023-06-13 21:34:23'),(2494,1,'en','plugins/translation/translation','confirm_delete_message','Do you really want to delete this locale? It will delete all files/folders for this local in :lang_path!','2023-06-13 21:34:23','2023-06-13 21:34:23'),(2495,1,'en','plugins/translation/translation','download','Download','2023-06-13 21:34:23','2023-06-13 21:34:23'),(2496,1,'en','plugins/translation/translation','select_locale','Select locale','2023-06-13 21:34:23','2023-06-13 21:34:23'),(2497,1,'en','plugins/translation/translation','theme_translations_instruction','Click on text to translate. Do NOT translate variables, Eg. :username, :query, :link...','2023-06-13 21:34:23','2023-06-13 21:34:23'),(2498,1,'en','plugins/translation/translation','import_available_locale','Or import available locale from our GitHub repository','2023-06-13 21:34:23','2023-06-13 21:34:23'),(2499,1,'en','plugins/translation/translation','add_new_locale','Add new locale','2023-06-13 21:34:23','2023-06-13 21:34:23'),(2500,1,'en','plugins/translation/translation','download_locale','Download locale','2023-06-13 21:34:23','2023-06-13 21:34:23'),(2501,1,'en','plugins/translation/translation','import_available_locale_confirmation','Download locale from GitHub','2023-06-13 21:34:23','2023-06-13 21:34:23'),(2502,1,'en','plugins/translation/translation','import_available_locale_confirmation_content','Are you sure you want to download this locale? It will be downloaded into :lang_path, you can delete it later if you want.','2023-06-13 21:34:23','2023-06-13 21:34:23'),(2503,1,'en','plugins/translation/translation','is_default','Is default?','2023-06-13 21:34:23','2023-06-13 21:34:23');
/*!40000 ALTER TABLE `translations` ENABLE KEYS */;
UNLOCK TABLES;

--
-- Table structure for table `user_meta`
--

DROP TABLE IF EXISTS `user_meta`;
/*!40101 SET @saved_cs_client     = @@character_set_client */;
/*!50503 SET character_set_client = utf8mb4 */;
CREATE TABLE `user_meta` (
  `id` bigint unsigned NOT NULL AUTO_INCREMENT,
  `key` varchar(191) COLLATE utf8mb4_unicode_ci DEFAULT NULL,
  `value` varchar(191) COLLATE utf8mb4_unicode_ci DEFAULT NULL,
  `user_id` bigint unsigned NOT NULL,
  `created_at` timestamp NULL DEFAULT NULL,
  `updated_at` timestamp NULL DEFAULT NULL,
  PRIMARY KEY (`id`),
  KEY `user_meta_user_id_index` (`user_id`)
) ENGINE=InnoDB DEFAULT CHARSET=utf8mb4 COLLATE=utf8mb4_unicode_ci;
/*!40101 SET character_set_client = @saved_cs_client */;

--
-- Dumping data for table `user_meta`
--

LOCK TABLES `user_meta` WRITE;
/*!40000 ALTER TABLE `user_meta` DISABLE KEYS */;
/*!40000 ALTER TABLE `user_meta` ENABLE KEYS */;
UNLOCK TABLES;

--
-- Table structure for table `users`
--

DROP TABLE IF EXISTS `users`;
/*!40101 SET @saved_cs_client     = @@character_set_client */;
/*!50503 SET character_set_client = utf8mb4 */;
CREATE TABLE `users` (
  `id` bigint unsigned NOT NULL AUTO_INCREMENT,
  `email` varchar(191) COLLATE utf8mb4_unicode_ci NOT NULL,
  `email_verified_at` timestamp NULL DEFAULT NULL,
  `password` varchar(191) CHARACTER SET utf8mb4 COLLATE utf8mb4_unicode_ci DEFAULT NULL,
  `remember_token` varchar(100) COLLATE utf8mb4_unicode_ci DEFAULT NULL,
  `created_at` timestamp NULL DEFAULT NULL,
  `updated_at` timestamp NULL DEFAULT NULL,
  `first_name` varchar(191) COLLATE utf8mb4_unicode_ci DEFAULT NULL,
  `last_name` varchar(191) COLLATE utf8mb4_unicode_ci DEFAULT NULL,
  `username` varchar(60) COLLATE utf8mb4_unicode_ci DEFAULT NULL,
  `avatar_id` bigint unsigned DEFAULT NULL,
  `super_user` tinyint(1) NOT NULL DEFAULT '0',
  `manage_supers` tinyint(1) NOT NULL DEFAULT '0',
  `permissions` text COLLATE utf8mb4_unicode_ci,
  `last_login` timestamp NULL DEFAULT NULL,
  PRIMARY KEY (`id`),
  UNIQUE KEY `users_email_unique` (`email`),
  UNIQUE KEY `users_username_unique` (`username`)
) ENGINE=InnoDB AUTO_INCREMENT=3 DEFAULT CHARSET=utf8mb4 COLLATE=utf8mb4_unicode_ci;
/*!40101 SET character_set_client = @saved_cs_client */;

--
-- Dumping data for table `users`
--

LOCK TABLES `users` WRITE;
/*!40000 ALTER TABLE `users` DISABLE KEYS */;
INSERT INTO `users` VALUES (1,'admin@botble.com',NULL,'$2y$10$MeHvNMp5U/qjNnm5pignjeGeDAkv4Wh9Dvd5Ryj9udkEMmE2rJJ1u',NULL,'2023-06-13 21:33:45','2023-06-13 21:33:45','Super','Admin','botble',NULL,1,1,NULL,NULL),(2,'user@botble.com',NULL,'$2y$10$y0I7JcTW89XRlj2NAQthlOiItZJBM3k76A4A7npONx5C36VzXWcY.',NULL,'2023-06-13 21:33:45','2023-06-13 21:33:45','Normal','Admin','admin',NULL,0,0,'{\"users.index\":true,\"users.create\":true,\"users.edit\":true,\"users.destroy\":true,\"roles.index\":true,\"roles.create\":true,\"roles.edit\":true,\"roles.destroy\":true,\"core.system\":true,\"core.manage.license\":true,\"media.index\":true,\"files.index\":true,\"files.create\":true,\"files.edit\":true,\"files.trash\":true,\"files.destroy\":true,\"folders.index\":true,\"folders.create\":true,\"folders.edit\":true,\"folders.trash\":true,\"folders.destroy\":true,\"settings.options\":true,\"settings.email\":true,\"settings.media\":true,\"settings.cronjob\":true,\"api.settings\":true,\"menus.index\":true,\"menus.create\":true,\"menus.edit\":true,\"menus.destroy\":true,\"pages.index\":true,\"pages.create\":true,\"pages.edit\":true,\"pages.destroy\":true,\"plugins.index\":true,\"plugins.edit\":true,\"plugins.remove\":true,\"plugins.marketplace\":true,\"core.appearance\":true,\"theme.index\":true,\"theme.activate\":true,\"theme.remove\":true,\"theme.options\":true,\"theme.custom-css\":true,\"theme.custom-js\":true,\"theme.custom-html\":true,\"widgets.index\":true,\"analytics.general\":true,\"analytics.page\":true,\"analytics.browser\":true,\"analytics.referrer\":true,\"audit-log.index\":true,\"audit-log.destroy\":true,\"backups.index\":true,\"backups.create\":true,\"backups.restore\":true,\"backups.destroy\":true,\"plugins.blog\":true,\"posts.index\":true,\"posts.create\":true,\"posts.edit\":true,\"posts.destroy\":true,\"categories.index\":true,\"categories.create\":true,\"categories.edit\":true,\"categories.destroy\":true,\"tags.index\":true,\"tags.create\":true,\"tags.edit\":true,\"tags.destroy\":true,\"contacts.index\":true,\"contacts.edit\":true,\"contacts.destroy\":true,\"plugin.faq\":true,\"faq.index\":true,\"faq.create\":true,\"faq.edit\":true,\"faq.destroy\":true,\"faq_category.index\":true,\"faq_category.create\":true,\"faq_category.edit\":true,\"faq_category.destroy\":true,\"plugins.job-board\":true,\"jobs.index\":true,\"jobs.create\":true,\"jobs.edit\":true,\"jobs.destroy\":true,\"import-jobs.index\":true,\"export-jobs.index\":true,\"job-applications.index\":true,\"job-applications.edit\":true,\"job-applications.destroy\":true,\"accounts.index\":true,\"accounts.create\":true,\"accounts.edit\":true,\"accounts.destroy\":true,\"accounts.import\":true,\"accounts.export\":true,\"packages.index\":true,\"packages.create\":true,\"packages.edit\":true,\"packages.destroy\":true,\"companies.index\":true,\"companies.create\":true,\"companies.edit\":true,\"companies.destroy\":true,\"export-companies.index\":true,\"import-companies.index\":true,\"job-board.custom-fields.index\":true,\"job-board.custom-fields.create\":true,\"job-board.custom-fields.edit\":true,\"job-board.custom-fields.destroy\":true,\"job-attributes.index\":true,\"job-categories.index\":true,\"job-categories.create\":true,\"job-categories.edit\":true,\"job-categories.destroy\":true,\"job-types.index\":true,\"job-types.create\":true,\"job-types.edit\":true,\"job-types.destroy\":true,\"job-skills.index\":true,\"job-skills.create\":true,\"job-skills.edit\":true,\"job-skills.destroy\":true,\"job-shifts.index\":true,\"job-shifts.create\":true,\"job-shifts.edit\":true,\"job-shifts.destroy\":true,\"job-experiences.index\":true,\"job-experiences.create\":true,\"job-experiences.edit\":true,\"job-experiences.destroy\":true,\"language-levels.index\":true,\"language-levels.create\":true,\"language-levels.edit\":true,\"language-levels.destroy\":true,\"career-levels.index\":true,\"career-levels.create\":true,\"career-levels.edit\":true,\"career-levels.destroy\":true,\"functional-areas.index\":true,\"functional-areas.create\":true,\"functional-areas.edit\":true,\"functional-areas.destroy\":true,\"degree-types.index\":true,\"degree-types.create\":true,\"degree-types.edit\":true,\"degree-types.destroy\":true,\"degree-levels.index\":true,\"degree-levels.create\":true,\"degree-levels.edit\":true,\"degree-levels.destroy\":true,\"job-board.tag.index\":true,\"job-board.tag.create\":true,\"job-board.tag.edit\":true,\"job-board.tag.destroy\":true,\"job-board.settings\":true,\"invoice.index\":true,\"invoice.edit\":true,\"invoice.destroy\":true,\"reviews.index\":true,\"reviews.destroy\":true,\"invoice-template.index\":true,\"languages.index\":true,\"languages.create\":true,\"languages.edit\":true,\"languages.destroy\":true,\"plugin.location\":true,\"country.index\":true,\"country.create\":true,\"country.edit\":true,\"country.destroy\":true,\"state.index\":true,\"state.create\":true,\"state.edit\":true,\"state.destroy\":true,\"city.index\":true,\"city.create\":true,\"city.edit\":true,\"city.destroy\":true,\"location.bulk-import.index\":true,\"location.export.index\":true,\"newsletter.index\":true,\"newsletter.destroy\":true,\"payment.index\":true,\"payments.settings\":true,\"payment.destroy\":true,\"social-login.settings\":true,\"testimonial.index\":true,\"testimonial.create\":true,\"testimonial.edit\":true,\"testimonial.destroy\":true,\"plugins.translation\":true,\"translations.locales\":true,\"translations.theme-translations\":true,\"translations.index\":true}',NULL);
/*!40000 ALTER TABLE `users` ENABLE KEYS */;
UNLOCK TABLES;

--
-- Table structure for table `widgets`
--

DROP TABLE IF EXISTS `widgets`;
/*!40101 SET @saved_cs_client     = @@character_set_client */;
/*!50503 SET character_set_client = utf8mb4 */;
CREATE TABLE `widgets` (
  `id` bigint unsigned NOT NULL AUTO_INCREMENT,
  `widget_id` varchar(120) COLLATE utf8mb4_unicode_ci NOT NULL,
  `sidebar_id` varchar(120) COLLATE utf8mb4_unicode_ci NOT NULL,
  `theme` varchar(120) COLLATE utf8mb4_unicode_ci NOT NULL,
  `position` tinyint unsigned NOT NULL DEFAULT '0',
  `data` text COLLATE utf8mb4_unicode_ci,
  `created_at` timestamp NULL DEFAULT NULL,
  `updated_at` timestamp NULL DEFAULT NULL,
  PRIMARY KEY (`id`)
) ENGINE=InnoDB AUTO_INCREMENT=21 DEFAULT CHARSET=utf8mb4 COLLATE=utf8mb4_unicode_ci;
/*!40101 SET character_set_client = @saved_cs_client */;

--
-- Dumping data for table `widgets`
--

LOCK TABLES `widgets` WRITE;
/*!40000 ALTER TABLE `widgets` DISABLE KEYS */;
INSERT INTO `widgets` VALUES (1,'NewsletterWidget','pre_footer_sidebar','jobcy',0,'{\"id\":\"NewsletterWidget\",\"title\":\"Get New Jobs Notification!\",\"subtitle\":\"Subscribe & get all related jobs notification.\",\"image\":\"general\\/newsletter-image.png\"}','2023-06-13 21:33:46','2023-06-13 21:33:46'),(2,'SiteInfoWidget','footer_sidebar','jobcy',0,'{\"id\":\"SiteInfoWidget\",\"name\":\"Jobcy\",\"about\":\"It is a long established fact that a reader will be of a page reader will be of at its layout.\",\"follow_us_heading\":\"Follow us on:\",\"social_links\":\"[[{\\\"key\\\":\\\"url\\\",\\\"value\\\":\\\"https:\\\\\\/\\\\\\/www.facebook.com\\\\\\/\\\"},{\\\"key\\\":\\\"icon\\\",\\\"value\\\":\\\"mdi mdi-facebook\\\"}],[{\\\"key\\\":\\\"url\\\",\\\"value\\\":\\\"https:\\\\\\/\\\\\\/www.twitter.com\\\\\\/\\\"},{\\\"key\\\":\\\"icon\\\",\\\"value\\\":\\\"mdi mdi-twitter\\\"}],[{\\\"key\\\":\\\"url\\\",\\\"value\\\":\\\"https:\\\\\\/\\\\\\/www.instagram.com\\\\\\/\\\"},{\\\"key\\\":\\\"icon\\\",\\\"value\\\":\\\"mdi mdi-instagram\\\"}],[{\\\"key\\\":\\\"url\\\",\\\"value\\\":\\\"https:\\\\\\/\\\\\\/www.pinterest.com\\\\\\/\\\"},{\\\"key\\\":\\\"icon\\\",\\\"value\\\":\\\"mdi mdi-pinterest\\\"}],[{\\\"key\\\":\\\"url\\\",\\\"value\\\":\\\"https:\\\\\\/\\\\\\/www.youtube.com\\\\\\/\\\"},{\\\"key\\\":\\\"icon\\\",\\\"value\\\":\\\"mdi mdi-youtube\\\"}]]\"}','2023-06-13 21:33:46','2023-06-13 21:33:46'),(3,'CustomMenuWidget','footer_sidebar','jobcy',1,'{\"id\":\"CustomMenuWidget\",\"name\":\"Company\",\"menu_id\":\"company\"}','2023-06-13 21:33:46','2023-06-13 21:33:46'),(4,'CustomMenuWidget','footer_sidebar','jobcy',2,'{\"id\":\"CustomMenuWidget\",\"name\":\"For Jobs\",\"menu_id\":\"for-jobs\"}','2023-06-13 21:33:46','2023-06-13 21:33:46'),(5,'CustomMenuWidget','footer_sidebar','jobcy',3,'{\"id\":\"CustomMenuWidget\",\"name\":\"For Candidates\",\"menu_id\":\"for-candidates\"}','2023-06-13 21:33:46','2023-06-13 21:33:46'),(6,'CustomMenuWidget','footer_sidebar','jobcy',4,'{\"id\":\"CustomMenuWidget\",\"name\":\"Support\",\"menu_id\":\"support\"}','2023-06-13 21:33:46','2023-06-13 21:33:46'),(7,'BlogSearchWidget','primary_sidebar','jobcy',1,'{\"id\":\"BlogSearchWidget\",\"name\":\"Search\"}','2023-06-13 21:33:46','2023-06-13 21:33:46'),(8,'BlogCategoriesWidget','primary_sidebar','jobcy',2,'{\"id\":\"BlogCategoriesWidget\",\"name\":\"Categories\"}','2023-06-13 21:33:46','2023-06-13 21:33:46'),(9,'BlogPostsWidget','primary_sidebar','jobcy',3,'{\"id\":\"BlogPostsWidget\",\"type\":\"popular\",\"name\":\"Popular Posts\"}','2023-06-13 21:33:46','2023-06-13 21:33:46'),(10,'BlogTagsWidget','primary_sidebar','jobcy',4,'{\"id\":\"BlogTagsWidget\",\"name\":\"Popular Tags\"}','2023-06-13 21:33:46','2023-06-13 21:33:46'),(11,'NewsletterWidget','pre_footer_sidebar','jobcy-vi',0,'{\"id\":\"NewsletterWidget\",\"title\":\"Nh\\u1eadn th\\u00f4ng b\\u00e1o vi\\u1ec7c l\\u00e0m m\\u1edbi!\",\"subtitle\":\"\\u0110\\u0103ng k\\u00fd v\\u00e0 nh\\u1eadn t\\u1ea5t c\\u1ea3 c\\u00e1c c\\u00f4ng vi\\u1ec7c li\\u00ean quan th\\u00f4ng b\\u00e1o.\",\"image\":\"general\\/newsletter-image.png\"}','2023-06-13 21:33:46','2023-06-13 21:33:46'),(12,'SiteInfoWidget','footer_sidebar','jobcy-vi',0,'{\"id\":\"SiteInfoWidget\",\"name\":\"Jobcy\",\"about\":\"It is a long established fact that a reader will be of a page reader will be of at its layout.\",\"follow_us_heading\":\"Theo d\\u00f5i ch\\u00fang t\\u00f4i t\\u1ea1i:\",\"social_links\":\"[[{\\\"key\\\":\\\"url\\\",\\\"value\\\":\\\"https:\\\\\\/\\\\\\/www.facebook.com\\\\\\/\\\"},{\\\"key\\\":\\\"icon\\\",\\\"value\\\":\\\"mdi mdi-facebook\\\"}],[{\\\"key\\\":\\\"url\\\",\\\"value\\\":\\\"https:\\\\\\/\\\\\\/www.twitter.com\\\\\\/\\\"},{\\\"key\\\":\\\"icon\\\",\\\"value\\\":\\\"mdi mdi-twitter\\\"}],[{\\\"key\\\":\\\"url\\\",\\\"value\\\":\\\"https:\\\\\\/\\\\\\/www.instagram.com\\\\\\/\\\"},{\\\"key\\\":\\\"icon\\\",\\\"value\\\":\\\"mdi mdi-instagram\\\"}],[{\\\"key\\\":\\\"url\\\",\\\"value\\\":\\\"https:\\\\\\/\\\\\\/www.pinterest.com\\\\\\/\\\"},{\\\"key\\\":\\\"icon\\\",\\\"value\\\":\\\"mdi mdi-pinterest\\\"}],[{\\\"key\\\":\\\"url\\\",\\\"value\\\":\\\"https:\\\\\\/\\\\\\/www.youtube.com\\\\\\/\\\"},{\\\"key\\\":\\\"icon\\\",\\\"value\\\":\\\"mdi mdi-youtube\\\"}]]\"}','2023-06-13 21:33:46','2023-06-13 21:33:46'),(13,'CustomMenuWidget','footer_sidebar','jobcy-vi',1,'{\"id\":\"CustomMenuWidget\",\"name\":\"C\\u00f4ng ty\",\"menu_id\":\"company\"}','2023-06-13 21:33:46','2023-06-13 21:33:46'),(14,'CustomMenuWidget','footer_sidebar','jobcy-vi',2,'{\"id\":\"CustomMenuWidget\",\"name\":\"For Jobs\",\"menu_id\":\"for-jobs\"}','2023-06-13 21:33:46','2023-06-13 21:33:46'),(15,'CustomMenuWidget','footer_sidebar','jobcy-vi',3,'{\"id\":\"CustomMenuWidget\",\"name\":\"D\\u00e0nh cho \\u1ee9ng vi\\u00ean\",\"menu_id\":\"for-candidates\"}','2023-06-13 21:33:46','2023-06-13 21:33:46'),(16,'CustomMenuWidget','footer_sidebar','jobcy-vi',4,'{\"id\":\"CustomMenuWidget\",\"name\":\"H\\u1ed5 tr\\u1ee3\",\"menu_id\":\"support\"}','2023-06-13 21:33:46','2023-06-13 21:33:46'),(17,'BlogSearchWidget','primary_sidebar','jobcy-vi',1,'{\"id\":\"BlogSearchWidget\",\"name\":\"T\\u00ecm ki\\u1ebfm\"}','2023-06-13 21:33:46','2023-06-13 21:33:46'),(18,'BlogCategoriesWidget','primary_sidebar','jobcy-vi',2,'{\"id\":\"BlogCategoriesWidget\",\"name\":\"Danh m\\u1ee5c\"}','2023-06-13 21:33:46','2023-06-13 21:33:46'),(19,'BlogPostsWidget','primary_sidebar','jobcy-vi',3,'{\"id\":\"BlogPostsWidget\",\"type\":\"popular\",\"name\":\"B\\u00e0i vi\\u1ebft ph\\u1ed5 bi\\u1ebfn\"}','2023-06-13 21:33:46','2023-06-13 21:33:46'),(20,'BlogTagsWidget','primary_sidebar','jobcy-vi',4,'{\"id\":\"BlogTagsWidget\",\"name\":\"Th\\u1ebb m\\u1edbi nh\\u1ea5t\"}','2023-06-13 21:33:46','2023-06-13 21:33:46');
/*!40000 ALTER TABLE `widgets` ENABLE KEYS */;
UNLOCK TABLES;
/*!40103 SET TIME_ZONE=@OLD_TIME_ZONE */;

/*!40101 SET SQL_MODE=@OLD_SQL_MODE */;
/*!40014 SET FOREIGN_KEY_CHECKS=@OLD_FOREIGN_KEY_CHECKS */;
/*!40014 SET UNIQUE_CHECKS=@OLD_UNIQUE_CHECKS */;
/*!40101 SET CHARACTER_SET_CLIENT=@OLD_CHARACTER_SET_CLIENT */;
/*!40101 SET CHARACTER_SET_RESULTS=@OLD_CHARACTER_SET_RESULTS */;
/*!40101 SET COLLATION_CONNECTION=@OLD_COLLATION_CONNECTION */;
/*!40111 SET SQL_NOTES=@OLD_SQL_NOTES */;

-- Dump completed on 2023-06-14 11:34:24
